#,Wave/freq,Total,N2,H2O,Rayleigh,CIA
4.000000000e-01,4.75878e-01,9.99999e-01,9.99915e-01,4.75918e-01,9.99999e-01
4.020000000e-01,4.82931e-01,9.99999e-01,9.99947e-01,4.82956e-01,9.99999e-01
4.040100000e-01,4.89939e-01,9.99999e-01,9.99977e-01,4.89950e-01,9.99999e-01
4.060300500e-01,4.96901e-01,9.99999e-01,9.99994e-01,4.96903e-01,9.99999e-01
4.080602003e-01,5.03814e-01,9.99999e-01,9.99997e-01,5.03815e-01,9.99999e-01
4.101005013e-01,5.10684e-01,9.99999e-01,9.99999e-01,5.10684e-01,9.99999e-01
4.121510038e-01,5.17506e-01,9.99999e-01,9.99996e-01,5.17508e-01,9.99999e-01
4.142117588e-01,5.24273e-01,9.99999e-01,9.99976e-01,5.24285e-01,9.99999e-01
4.162828176e-01,5.30960e-01,9.99999e-01,9.99895e-01,5.31015e-01,9.99999e-01
4.183642317e-01,5.37663e-01,9.99999e-01,9.99937e-01,5.37696e-01,9.99999e-01
4.204560528e-01,5.44305e-01,9.99999e-01,9.99961e-01,5.44326e-01,9.99999e-01
4.225583331e-01,5.50897e-01,9.99999e-01,9.99985e-01,5.50905e-01,9.99999e-01
4.246711247e-01,5.57425e-01,9.99999e-01,9.99988e-01,5.57431e-01,9.99999e-01
4.267944804e-01,5.63894e-01,9.99999e-01,9.99982e-01,5.63903e-01,9.99999e-01
4.289284528e-01,5.70313e-01,9.99999e-01,9.99986e-01,5.70320e-01,9.99999e-01
4.310730950e-01,5.76678e-01,9.99999e-01,9.99994e-01,5.76681e-01,9.99999e-01
4.332284605e-01,5.82985e-01,9.99999e-01,9.99998e-01,5.82986e-01,9.99999e-01
4.353946028e-01,5.89232e-01,9.99999e-01,9.99998e-01,5.89233e-01,9.99999e-01
4.375715758e-01,5.95415e-01,9.99999e-01,9.99989e-01,5.95421e-01,9.99999e-01
4.397594337e-01,6.01496e-01,9.99999e-01,9.99909e-01,6.01550e-01,9.99999e-01
4.419582309e-01,6.07341e-01,9.99999e-01,9.99540e-01,6.07620e-01,9.99999e-01
4.441680220e-01,6.13406e-01,9.99999e-01,9.99637e-01,6.13629e-01,9.99999e-01
4.463888621e-01,6.19344e-01,9.99999e-01,9.99623e-01,6.19577e-01,9.99999e-01
4.486208064e-01,6.25317e-01,9.99999e-01,9.99765e-01,6.25463e-01,9.99999e-01
4.508639105e-01,6.31218e-01,9.99999e-01,9.99889e-01,6.31288e-01,9.99999e-01
4.531182300e-01,6.37022e-01,9.99999e-01,9.99956e-01,6.37050e-01,9.99999e-01
4.553838212e-01,6.42730e-01,9.99999e-01,9.99970e-01,6.42749e-01,9.99999e-01
4.576607403e-01,6.48376e-01,9.99999e-01,9.99986e-01,6.48385e-01,9.99999e-01
4.599490440e-01,6.53952e-01,9.99999e-01,9.99989e-01,6.53958e-01,9.99999e-01
4.622487892e-01,6.59466e-01,9.99999e-01,9.99997e-01,6.59467e-01,9.99999e-01
4.645600332e-01,6.64908e-01,9.99999e-01,9.99993e-01,6.64912e-01,9.99999e-01
4.668828333e-01,6.70220e-01,9.99999e-01,9.99889e-01,6.70294e-01,9.99999e-01
4.692172475e-01,6.75452e-01,9.99999e-01,9.99763e-01,6.75611e-01,9.99999e-01
4.715633337e-01,6.80760e-01,9.99999e-01,9.99845e-01,6.80865e-01,9.99999e-01
4.739211504e-01,6.85953e-01,9.99999e-01,9.99851e-01,6.86054e-01,9.99999e-01
4.762907561e-01,6.91126e-01,9.99999e-01,9.99922e-01,6.91179e-01,9.99999e-01
4.786722099e-01,6.96218e-01,9.99999e-01,9.99968e-01,6.96240e-01,9.99999e-01
4.810655710e-01,7.01231e-01,9.99999e-01,9.99990e-01,7.01237e-01,9.99999e-01
4.834708988e-01,7.06108e-01,9.99999e-01,9.99910e-01,7.06170e-01,9.99999e-01
4.858882533e-01,7.10921e-01,9.99999e-01,9.99832e-01,7.11040e-01,9.99999e-01
4.883176946e-01,7.15746e-01,9.99999e-01,9.99860e-01,7.15846e-01,9.99999e-01
4.907592831e-01,7.20497e-01,9.99999e-01,9.99873e-01,7.20588e-01,9.99999e-01
4.932130795e-01,7.25202e-01,9.99999e-01,9.99909e-01,7.25267e-01,9.99999e-01
4.956791449e-01,7.29849e-01,9.99999e-01,9.99952e-01,7.29884e-01,9.99999e-01
4.981575406e-01,7.34264e-01,9.99999e-01,9.99763e-01,7.34437e-01,9.99999e-01
5.006483283e-01,7.38474e-01,9.99999e-01,9.99389e-01,7.38928e-01,9.99995e-01
5.031515699e-01,7.41025e-01,9.99999e-01,9.96894e-01,7.43358e-01,9.99966e-01
5.056673278e-01,7.46468e-01,9.99999e-01,9.98356e-01,7.47725e-01,9.99962e-01
5.081956644e-01,7.50454e-01,9.99999e-01,9.97926e-01,7.52031e-01,9.99975e-01
5.107366428e-01,7.55213e-01,9.99999e-01,9.98598e-01,7.56276e-01,9.99995e-01
5.132903260e-01,7.59851e-01,9.99999e-01,9.99198e-01,7.60461e-01,9.99998e-01
5.158567776e-01,7.64326e-01,9.99999e-01,9.99660e-01,7.64585e-01,9.99999e-01
5.184360615e-01,7.68546e-01,9.99999e-01,9.99864e-01,7.68650e-01,9.99999e-01
5.210282418e-01,7.72616e-01,9.99999e-01,9.99949e-01,7.72655e-01,9.99999e-01
5.236333830e-01,7.76443e-01,9.99999e-01,9.99796e-01,7.76601e-01,9.99998e-01
5.262515499e-01,7.80389e-01,9.99999e-01,9.99872e-01,7.80489e-01,9.99997e-01
5.288828077e-01,7.84227e-01,9.99999e-01,9.99883e-01,7.84319e-01,9.99998e-01
5.315272217e-01,7.88011e-01,9.99999e-01,9.99896e-01,7.88092e-01,9.99999e-01
5.341848578e-01,7.91755e-01,9.99999e-01,9.99932e-01,7.91808e-01,9.99999e-01
5.368557821e-01,7.95280e-01,9.99999e-01,9.99764e-01,7.95467e-01,9.99998e-01
5.395400610e-01,7.98389e-01,9.99999e-01,9.99152e-01,7.99071e-01,9.99992e-01
5.422377613e-01,8.01718e-01,9.99999e-01,9.98896e-01,8.02619e-01,9.99979e-01
5.449489501e-01,8.05272e-01,9.99999e-01,9.98977e-01,8.06113e-01,9.99978e-01
5.476736949e-01,8.08807e-01,9.99999e-01,9.99090e-01,8.09552e-01,9.99989e-01
5.504120634e-01,8.12399e-01,9.99999e-01,9.99339e-01,8.12937e-01,9.99996e-01
5.531641237e-01,8.15998e-01,9.99999e-01,9.99667e-01,8.16269e-01,9.99999e-01
5.559299443e-01,8.19418e-01,9.99999e-01,9.99839e-01,8.19549e-01,9.99999e-01
5.587095940e-01,8.22695e-01,9.99999e-01,9.99899e-01,8.22777e-01,9.99999e-01
5.615031420e-01,8.25861e-01,9.99999e-01,9.99887e-01,8.25953e-01,9.99999e-01
5.643106577e-01,8.28974e-01,9.99999e-01,9.99874e-01,8.29079e-01,9.99998e-01
5.671322110e-01,8.30876e-01,9.99999e-01,9.98477e-01,8.32154e-01,9.99985e-01
5.699678720e-01,8.33772e-01,9.99999e-01,9.98355e-01,8.35180e-01,9.99957e-01
5.728177114e-01,8.36701e-01,9.99999e-01,9.98297e-01,8.38156e-01,9.99964e-01
5.756818000e-01,8.39751e-01,9.99999e-01,9.98435e-01,8.41084e-01,9.99978e-01
5.785602090e-01,8.42807e-01,9.99999e-01,9.98634e-01,8.43964e-01,9.99993e-01
5.814530100e-01,8.45635e-01,9.99999e-01,9.98630e-01,8.46797e-01,9.99996e-01
5.843602750e-01,8.48196e-01,9.99999e-01,9.98375e-01,8.49583e-01,9.99990e-01
5.872820764e-01,8.40384e-01,9.99999e-01,9.86088e-01,8.52323e-01,9.99900e-01
5.902184868e-01,8.40303e-01,9.99999e-01,9.83054e-01,8.55017e-01,9.99730e-01
5.931695792e-01,8.47183e-01,9.99999e-01,9.88034e-01,8.57667e-01,9.99737e-01
5.961354271e-01,8.48838e-01,9.99999e-01,9.86864e-01,8.60272e-01,9.99841e-01
5.991161043e-01,8.54506e-01,9.99999e-01,9.90394e-01,8.62833e-01,9.99953e-01
6.021116848e-01,8.60618e-01,9.99999e-01,9.94534e-01,8.65351e-01,9.99993e-01
6.051222432e-01,8.65424e-01,9.99999e-01,9.97230e-01,8.67827e-01,9.99999e-01
6.081478544e-01,8.69221e-01,9.99999e-01,9.98805e-01,8.70260e-01,9.99999e-01
6.111885937e-01,8.72211e-01,9.99999e-01,9.99493e-01,8.72652e-01,9.99999e-01
6.142445367e-01,8.74806e-01,9.99999e-01,9.99773e-01,8.75003e-01,9.99999e-01
6.173157594e-01,8.77205e-01,9.99999e-01,9.99875e-01,8.77314e-01,9.99999e-01
6.204023382e-01,8.79493e-01,9.99999e-01,9.99894e-01,8.79585e-01,9.99999e-01
6.235043498e-01,8.81412e-01,9.99999e-01,9.99540e-01,8.81817e-01,9.99998e-01
6.266218716e-01,8.81830e-01,9.99999e-01,9.97549e-01,8.84011e-01,9.99982e-01
6.297549810e-01,8.85339e-01,9.99999e-01,9.99100e-01,8.86166e-01,9.99965e-01
6.329037559e-01,8.86679e-01,9.99999e-01,9.98220e-01,8.88284e-01,9.99971e-01
6.360682746e-01,8.89005e-01,9.99999e-01,9.98488e-01,8.90365e-01,9.99983e-01
6.392486160e-01,8.90653e-01,9.99999e-01,9.98038e-01,8.92409e-01,9.99992e-01
6.424448591e-01,8.92073e-01,9.99999e-01,9.97388e-01,8.94418e-01,9.99987e-01
6.456570834e-01,8.85512e-01,9.99999e-01,9.87929e-01,8.96392e-01,9.99932e-01
6.488853688e-01,8.90167e-01,9.99999e-01,9.91099e-01,8.98330e-01,9.99810e-01
6.521297956e-01,8.91930e-01,9.99999e-01,9.90931e-01,9.00235e-01,9.99841e-01
6.553904446e-01,8.93903e-01,9.99999e-01,9.91024e-01,9.02106e-01,9.99880e-01
6.586673968e-01,8.96910e-01,9.99999e-01,9.92257e-01,9.03943e-01,9.99960e-01
6.619607338e-01,9.01680e-01,9.99999e-01,9.95516e-01,9.05748e-01,9.99991e-01
6.652705375e-01,9.05157e-01,9.99999e-01,9.97398e-01,9.07521e-01,9.99995e-01
6.685968902e-01,9.08163e-01,9.99999e-01,9.98791e-01,9.09262e-01,9.99998e-01
6.719398746e-01,9.10462e-01,9.99999e-01,9.99439e-01,9.10972e-01,9.99999e-01
6.752995740e-01,9.12375e-01,9.99999e-01,9.99696e-01,9.12652e-01,9.99999e-01
6.786760719e-01,9.13902e-01,9.99999e-01,9.99563e-01,9.14301e-01,9.99998e-01
6.820694522e-01,9.15232e-01,9.99999e-01,9.99252e-01,9.15920e-01,9.99995e-01
6.854797995e-01,9.16619e-01,9.99999e-01,9.99036e-01,9.17510e-01,9.99991e-01
6.889071985e-01,9.16929e-01,9.99999e-01,9.97688e-01,9.19072e-01,9.99978e-01
6.923517345e-01,8.86138e-01,9.99999e-01,9.62735e-01,9.20605e-01,9.99816e-01
6.958134932e-01,9.03527e-01,9.99999e-01,9.80249e-01,9.22111e-01,9.99587e-01
6.992925606e-01,9.06071e-01,9.99999e-01,9.81388e-01,9.23589e-01,9.99636e-01
7.027890234e-01,9.03482e-01,9.99999e-01,9.76966e-01,9.25040e-01,9.99721e-01
7.063029686e-01,9.08362e-01,9.99999e-01,9.80595e-01,9.26465e-01,9.99861e-01
7.098344834e-01,9.10503e-01,9.99999e-01,9.81369e-01,9.27864e-01,9.99917e-01
7.133836558e-01,9.06296e-01,9.99999e-01,9.75470e-01,9.29237e-01,9.99836e-01
7.169505741e-01,7.62983e-01,9.99999e-01,8.20946e-01,9.30585e-01,9.98718e-01
7.205353270e-01,8.42972e-01,9.99999e-01,9.06612e-01,9.31908e-01,9.97740e-01
7.241380036e-01,8.22915e-01,9.99999e-01,8.83536e-01,9.33207e-01,9.98048e-01
7.277586936e-01,8.34345e-01,9.99999e-01,8.94267e-01,9.34482e-01,9.98404e-01
7.313974871e-01,8.29489e-01,9.99999e-01,8.87120e-01,9.35734e-01,9.99252e-01
7.350544745e-01,8.77320e-01,9.99999e-01,9.36587e-01,9.36962e-01,9.99739e-01
7.387297469e-01,8.93799e-01,9.99999e-01,9.52819e-01,9.38168e-01,9.99880e-01
7.424233956e-01,9.17333e-01,9.99999e-01,9.76581e-01,9.39352e-01,9.99976e-01
7.461355126e-01,9.27110e-01,9.99999e-01,9.85752e-01,9.40513e-01,9.99995e-01
7.498661902e-01,9.35373e-01,9.99999e-01,9.93331e-01,9.41653e-01,9.99998e-01
7.536155211e-01,9.39688e-01,9.99999e-01,9.96729e-01,9.42772e-01,9.99998e-01
7.573835987e-01,9.42280e-01,9.99999e-01,9.98314e-01,9.43870e-01,9.99999e-01
7.611705167e-01,9.43958e-01,9.99999e-01,9.98952e-01,9.44948e-01,9.99999e-01
7.649763693e-01,9.45385e-01,9.99999e-01,9.99343e-01,9.46005e-01,9.99999e-01
7.688012511e-01,9.46611e-01,9.99999e-01,9.99543e-01,9.47043e-01,9.99999e-01
7.726452574e-01,9.47706e-01,9.99999e-01,9.99624e-01,9.48061e-01,9.99999e-01
7.765084837e-01,9.48556e-01,9.99999e-01,9.99468e-01,9.49061e-01,9.99998e-01
7.803910261e-01,9.47862e-01,9.99999e-01,9.97707e-01,9.50041e-01,9.99997e-01
7.842929812e-01,9.43402e-01,9.99999e-01,9.92021e-01,9.51004e-01,9.99984e-01
7.882144461e-01,9.36191e-01,9.99999e-01,9.83547e-01,9.51948e-01,9.99898e-01
7.921555184e-01,9.44041e-01,9.99999e-01,9.90924e-01,9.52874e-01,9.99803e-01
7.961162960e-01,9.38455e-01,9.99999e-01,9.84113e-01,9.53783e-01,9.99811e-01
8.000968774e-01,9.36916e-01,9.99999e-01,9.81593e-01,9.54675e-01,9.99799e-01
8.040973618e-01,9.37828e-01,9.99999e-01,9.81608e-01,9.55550e-01,9.99840e-01
8.081178486e-01,9.17321e-01,9.99999e-01,9.59272e-01,9.56409e-01,9.99850e-01
8.121584379e-01,8.05410e-01,9.99999e-01,8.41869e-01,9.57251e-01,9.99414e-01
8.162192301e-01,7.78843e-01,9.99999e-01,8.14712e-01,9.58077e-01,9.97801e-01
8.203003262e-01,8.66283e-01,9.99999e-01,9.05754e-01,9.58888e-01,9.97426e-01
8.244018279e-01,8.33827e-01,9.99999e-01,8.70639e-01,9.59684e-01,9.97951e-01
8.285238370e-01,8.48270e-01,9.99999e-01,8.84610e-01,9.60464e-01,9.98390e-01
8.326664562e-01,8.48595e-01,9.99999e-01,8.83410e-01,9.61229e-01,9.99333e-01
8.368297885e-01,8.79759e-01,9.99999e-01,9.14667e-01,9.61981e-01,9.99847e-01
8.410139374e-01,9.12859e-01,9.99999e-01,9.48294e-01,9.62717e-01,9.99910e-01
8.452190071e-01,9.38593e-01,9.99999e-01,9.74260e-01,9.63440e-01,9.99946e-01
8.494451021e-01,9.49655e-01,9.99999e-01,9.85008e-01,9.64149e-01,9.99956e-01
8.536923276e-01,9.56224e-01,9.99999e-01,9.91092e-01,9.64845e-01,9.99971e-01
8.579607893e-01,9.60224e-01,9.99999e-01,9.94515e-01,9.65527e-01,9.99991e-01
8.622505932e-01,9.62822e-01,9.99999e-01,9.96507e-01,9.66196e-01,9.99998e-01
8.665618462e-01,9.64767e-01,9.99999e-01,9.97843e-01,9.66853e-01,9.99998e-01
8.708946554e-01,9.65110e-01,9.99999e-01,9.97533e-01,9.67497e-01,9.99998e-01
8.752491287e-01,9.64930e-01,9.99999e-01,9.96699e-01,9.68128e-01,9.99996e-01
8.796253743e-01,9.64322e-01,9.99999e-01,9.95440e-01,9.68748e-01,9.99989e-01
8.840235012e-01,9.64277e-01,9.99999e-01,9.94791e-01,9.69356e-01,9.99967e-01
8.884436187e-01,9.51813e-01,9.99999e-01,9.81387e-01,9.69952e-01,9.99909e-01
8.928858368e-01,7.96820e-01,9.99999e-01,8.21437e-01,9.70536e-01,9.99477e-01
8.973502660e-01,6.84051e-01,9.99999e-01,7.06288e-01,9.71110e-01,9.97326e-01
9.018370173e-01,8.09699e-01,9.99999e-01,8.36818e-01,9.71672e-01,9.95800e-01
9.063462024e-01,8.28554e-01,9.99999e-01,8.55381e-01,9.72224e-01,9.96309e-01
9.108779334e-01,7.59232e-01,9.99999e-01,7.83492e-01,9.72765e-01,9.96165e-01
9.154323231e-01,7.34180e-01,9.99999e-01,7.56721e-01,9.73296e-01,9.96829e-01
9.200094847e-01,7.81933e-01,9.99999e-01,8.04385e-01,9.73816e-01,9.98224e-01
9.246095321e-01,7.03567e-01,9.99999e-01,7.23586e-01,9.74327e-01,9.97954e-01
9.292325798e-01,1.32751e-01,9.99999e-01,1.37271e-01,9.74827e-01,9.92045e-01
9.338787427e-01,6.93348e-02,9.99999e-01,7.34753e-02,9.75318e-01,9.67526e-01
9.385481364e-01,3.23396e-01,9.99999e-01,3.44687e-01,9.75800e-01,9.61497e-01
9.432408771e-01,2.31219e-01,9.99999e-01,2.44998e-01,9.76272e-01,9.66694e-01
9.479570815e-01,1.32655e-01,9.99999e-01,1.39611e-01,9.76735e-01,9.72808e-01
9.526968669e-01,2.07081e-01,9.99999e-01,2.15508e-01,9.77190e-01,9.83325e-01
9.574603512e-01,2.23121e-01,9.99999e-01,2.30182e-01,9.77635e-01,9.91494e-01
9.622476530e-01,2.86122e-01,9.99999e-01,2.94269e-01,9.78072e-01,9.94111e-01
9.670588912e-01,4.77393e-01,9.99999e-01,4.89856e-01,9.78500e-01,9.95968e-01
9.718941857e-01,6.15152e-01,9.99999e-01,6.30269e-01,9.78921e-01,9.97030e-01
9.767536566e-01,6.65565e-01,9.99999e-01,6.81156e-01,9.79333e-01,9.97729e-01
9.816374249e-01,7.34811e-01,9.99999e-01,7.50597e-01,9.79737e-01,9.99213e-01
9.865456120e-01,8.18514e-01,9.99999e-01,8.35241e-01,9.80133e-01,9.99835e-01
9.914783401e-01,8.76952e-01,9.99999e-01,8.94413e-01,9.80521e-01,9.99954e-01
9.964357318e-01,9.23020e-01,9.99999e-01,9.41014e-01,9.80902e-01,9.99972e-01
1.001417910e+00,9.46096e-01,9.99999e-01,9.64187e-01,9.81276e-01,9.99958e-01
1.006425000e+00,9.61405e-01,9.99999e-01,9.79440e-01,9.81642e-01,9.99941e-01
1.011457125e+00,9.69355e-01,9.99999e-01,9.87173e-01,9.82002e-01,9.99945e-01
1.016514411e+00,9.73753e-01,9.99999e-01,9.91281e-01,9.82354e-01,9.99961e-01
1.021596983e+00,9.75833e-01,9.99999e-01,9.93049e-01,9.82700e-01,9.99961e-01
1.026704968e+00,9.77683e-01,9.99999e-01,9.94576e-01,9.83038e-01,9.99974e-01
1.031838492e+00,9.79482e-01,9.99999e-01,9.96051e-01,9.83371e-01,9.99992e-01
1.036997685e+00,9.81390e-01,9.99999e-01,9.97655e-01,9.83696e-01,9.99998e-01
1.042182673e+00,9.81271e-01,9.99999e-01,9.97211e-01,9.84016e-01,9.99999e-01
1.047393587e+00,9.80686e-01,9.99999e-01,9.96299e-01,9.84329e-01,9.99998e-01
1.052630555e+00,9.79642e-01,9.99999e-01,9.94928e-01,9.84636e-01,9.99998e-01
1.057893707e+00,9.76617e-01,9.99999e-01,9.91554e-01,9.84937e-01,9.99996e-01
1.063183176e+00,9.71566e-01,9.99999e-01,9.86134e-01,9.85233e-01,9.99992e-01
1.068499092e+00,9.62722e-01,9.99999e-01,9.76879e-01,9.85522e-01,9.99983e-01
1.073841587e+00,9.59215e-01,9.99999e-01,9.73058e-01,9.85806e-01,9.99965e-01
1.079210795e+00,9.51990e-01,9.99999e-01,9.65513e-01,9.86084e-01,9.99906e-01
1.084606849e+00,9.35219e-01,9.99999e-01,9.48366e-01,9.86357e-01,9.99774e-01
1.090029883e+00,9.14243e-01,9.99999e-01,9.27068e-01,9.86625e-01,9.99533e-01
1.095480033e+00,8.02257e-01,9.99999e-01,8.13601e-01,9.86888e-01,9.99156e-01
1.100957433e+00,5.87980e-01,9.99999e-01,5.96562e-01,9.87145e-01,9.98448e-01
1.106462220e+00,2.81968e-01,9.99999e-01,2.86319e-01,9.87397e-01,9.97369e-01
1.111994531e+00,7.58975e-02,9.99999e-01,7.73860e-02,9.87644e-01,9.93033e-01
1.117554504e+00,1.81823e-02,9.99999e-01,1.88757e-02,9.87887e-01,9.75075e-01
1.123142276e+00,6.26028e-02,9.99999e-01,6.72630e-02,9.88125e-01,9.41901e-01
1.128757988e+00,1.36793e-01,9.99999e-01,1.48327e-01,9.88358e-01,9.33100e-01
1.134401778e+00,6.08736e-02,9.99999e-01,6.53106e-02,9.88587e-01,9.42822e-01
1.140073787e+00,2.84192e-01,9.99999e-01,3.01251e-01,9.88811e-01,9.54046e-01
1.145774156e+00,9.45947e-02,9.99999e-01,9.98522e-02,9.89031e-01,9.57853e-01
1.151503026e+00,7.53613e-02,9.99999e-01,7.80300e-02,9.89246e-01,9.76297e-01
1.157260541e+00,9.71053e-02,9.99999e-01,9.88462e-02,9.89457e-01,9.92853e-01
1.163046844e+00,1.74919e-01,9.99999e-01,1.77105e-01,9.89664e-01,9.97968e-01
1.168862078e+00,2.84138e-01,9.99999e-01,2.87347e-01,9.89868e-01,9.98952e-01
1.174706389e+00,4.56406e-01,9.99999e-01,4.61625e-01,9.90067e-01,9.98612e-01
1.180579921e+00,6.14798e-01,9.99999e-01,6.22148e-01,9.90262e-01,9.97902e-01
1.186482820e+00,7.54006e-01,9.99999e-01,7.62915e-01,9.90453e-01,9.97847e-01
1.192415234e+00,8.44123e-01,9.99999e-01,8.53473e-01,9.90641e-01,9.98387e-01
1.198377311e+00,8.65835e-01,9.99999e-01,8.75184e-01,9.90825e-01,9.98476e-01
1.204369197e+00,8.72746e-01,9.99999e-01,8.81882e-01,9.91005e-01,9.98621e-01
1.210391043e+00,8.77896e-01,9.99999e-01,8.86448e-01,9.91182e-01,9.99161e-01
1.216442998e+00,8.94185e-01,9.99999e-01,9.02445e-01,9.91356e-01,9.99486e-01
1.222525213e+00,9.14949e-01,9.99999e-01,9.23062e-01,9.91526e-01,9.99680e-01
1.228637839e+00,9.37921e-01,9.99999e-01,9.45918e-01,9.91692e-01,9.99851e-01
1.234781029e+00,9.51683e-01,9.99999e-01,9.59537e-01,9.91856e-01,9.99957e-01
1.240954934e+00,9.66442e-01,9.99999e-01,9.74231e-01,9.92016e-01,9.99987e-01
1.247159708e+00,9.72185e-01,9.99999e-01,9.79861e-01,9.92173e-01,9.99991e-01
1.253395507e+00,9.74570e-01,9.99999e-01,9.82115e-01,9.92327e-01,9.99989e-01
1.259662485e+00,9.75615e-01,9.99999e-01,9.83024e-01,9.92478e-01,9.99983e-01
1.265960797e+00,9.65786e-01,9.99999e-01,9.72986e-01,9.92626e-01,9.99973e-01
1.272290601e+00,9.53584e-01,9.99999e-01,9.60571e-01,9.92771e-01,9.99952e-01
1.278652054e+00,9.12108e-01,9.99999e-01,9.18693e-01,9.92913e-01,9.99916e-01
1.285045314e+00,8.69253e-01,9.99999e-01,8.75469e-01,9.93053e-01,9.99844e-01
1.291470541e+00,7.60346e-01,9.99999e-01,7.65766e-01,9.93190e-01,9.99728e-01
1.297927893e+00,7.02415e-01,9.99999e-01,7.07493e-01,9.93324e-01,9.99493e-01
1.304417533e+00,6.36857e-01,9.99999e-01,6.41740e-01,9.93455e-01,9.98927e-01
1.310939621e+00,5.97626e-01,9.99999e-01,6.02811e-01,9.93584e-01,9.97799e-01
1.317494319e+00,5.71373e-01,9.99999e-01,5.77337e-01,9.93710e-01,9.95932e-01
1.324081790e+00,4.41915e-01,9.99999e-01,4.47625e-01,9.93834e-01,9.93368e-01
1.330702199e+00,1.04110e-01,9.99999e-01,1.05952e-01,9.93955e-01,9.88592e-01
1.337355710e+00,9.08578e-04,9.99999e-01,9.34412e-04,9.94074e-01,9.78146e-01
1.344042489e+00,1.09718e-05,9.99999e-01,1.17953e-05,9.94191e-01,9.35614e-01
1.350762701e+00,3.64257e-16,9.99999e-01,4.60091e-16,9.94306e-01,7.96239e-01
1.357516515e+00,4.26911e-24,9.99999e-01,8.37884e-24,9.94418e-01,5.12370e-01
1.364304097e+00,3.25868e-15,9.99999e-01,1.05779e-14,9.94528e-01,3.09758e-01
1.371125618e+00,1.14469e-09,9.99999e-01,3.47445e-09,9.94635e-01,3.31235e-01
1.377981246e+00,4.27557e-09,9.99999e-01,1.10820e-08,9.94741e-01,3.87850e-01
1.384871152e+00,9.42815e-13,9.99999e-01,2.31259e-12,9.94845e-01,4.09800e-01
1.391795508e+00,3.08734e-15,9.99999e-01,7.21978e-15,9.94946e-01,4.29793e-01
1.398754485e+00,6.38928e-12,9.99999e-01,1.28650e-11,9.95046e-01,4.99112e-01
1.405748258e+00,9.88144e-12,9.99999e-01,1.49062e-11,9.95143e-01,6.66144e-01
1.412776999e+00,1.90680e-11,9.99999e-01,2.30638e-11,9.95239e-01,8.30704e-01
1.419840884e+00,3.60709e-11,9.99998e-01,3.93105e-11,9.95333e-01,9.21890e-01
1.426940089e+00,8.07148e-08,9.99998e-01,8.62537e-08,9.95425e-01,9.40083e-01
1.434074789e+00,9.02697e-07,9.99998e-01,9.75345e-07,9.95515e-01,9.29684e-01
1.441245163e+00,1.09113e-05,9.99999e-01,1.18600e-05,9.95603e-01,9.24064e-01
1.448451389e+00,4.21098e-04,9.99998e-01,4.53199e-04,9.95690e-01,9.33188e-01
1.455693646e+00,4.93248e-03,9.99999e-01,5.22722e-03,9.95775e-01,9.47616e-01
1.462972114e+00,7.44352e-03,9.99999e-01,7.86803e-03,9.95858e-01,9.49979e-01
1.470286975e+00,3.60993e-03,9.99999e-01,3.81216e-03,9.95940e-01,9.50809e-01
1.477638409e+00,5.93098e-03,9.99999e-01,6.16094e-03,9.96020e-01,9.66520e-01
1.485026601e+00,1.23454e-02,9.99999e-01,1.25895e-02,9.96098e-01,9.84449e-01
1.492451734e+00,4.09912e-02,9.99999e-01,4.14313e-02,9.96175e-01,9.93174e-01
1.499913993e+00,1.06548e-01,9.99999e-01,1.07266e-01,9.96251e-01,9.97049e-01
1.507413563e+00,1.94740e-01,9.99999e-01,1.95729e-01,9.96324e-01,9.98613e-01
1.514950631e+00,3.52507e-01,9.99999e-01,3.54010e-01,9.96397e-01,9.99352e-01
1.522525384e+00,5.06195e-01,9.99999e-01,5.08110e-01,9.96468e-01,9.99761e-01
1.530138011e+00,6.03069e-01,9.99999e-01,6.05214e-01,9.96538e-01,9.99916e-01
1.537788701e+00,7.49429e-01,9.99999e-01,7.52008e-01,9.96606e-01,9.99962e-01
1.545477645e+00,8.31157e-01,9.99999e-01,8.33947e-01,9.96673e-01,9.99979e-01
1.553205033e+00,8.59491e-01,9.99999e-01,8.62312e-01,9.96738e-01,9.99988e-01
1.560971058e+00,9.08876e-01,9.99999e-01,9.11798e-01,9.96803e-01,9.99991e-01
1.568775913e+00,9.38074e-01,9.99999e-01,9.41029e-01,9.96866e-01,9.99992e-01
1.576619793e+00,9.50862e-01,9.99999e-01,9.53798e-01,9.96927e-01,9.99992e-01
1.584502892e+00,9.68762e-01,9.99999e-01,9.71697e-01,9.96988e-01,9.99989e-01
1.592425406e+00,9.70881e-01,9.99999e-01,9.73767e-01,9.97047e-01,9.99986e-01
1.600387533e+00,9.78996e-01,9.99999e-01,9.81849e-01,9.97106e-01,9.99986e-01
1.608389471e+00,9.78424e-01,9.99999e-01,9.81219e-01,9.97163e-01,9.99987e-01
1.616431418e+00,9.78096e-01,9.99999e-01,9.80834e-01,9.97219e-01,9.99987e-01
1.624513575e+00,9.76846e-01,9.99999e-01,9.79528e-01,9.97273e-01,9.99987e-01
1.632636143e+00,9.65463e-01,9.99999e-01,9.68067e-01,9.97327e-01,9.99981e-01
1.640799324e+00,9.55172e-01,9.99999e-01,9.57707e-01,9.97380e-01,9.99971e-01
1.649003321e+00,9.43678e-01,9.99999e-01,9.46142e-01,9.97432e-01,9.99962e-01
1.657248337e+00,9.27425e-01,9.99999e-01,9.29804e-01,9.97482e-01,9.99957e-01
1.665534579e+00,9.03549e-01,9.99999e-01,9.05824e-01,9.97532e-01,9.99955e-01
1.673862252e+00,8.70735e-01,9.99999e-01,8.72893e-01,9.97581e-01,9.99945e-01
1.682231563e+00,8.86958e-01,9.99999e-01,8.89136e-01,9.97628e-01,9.99920e-01
1.690642721e+00,8.11741e-01,9.99999e-01,8.13732e-01,9.97675e-01,9.99876e-01
1.699095934e+00,7.86445e-01,9.99999e-01,7.88391e-01,9.97721e-01,9.99808e-01
1.707591414e+00,7.74137e-01,9.99999e-01,7.76097e-01,9.97766e-01,9.99706e-01
1.716129371e+00,7.27624e-01,9.99999e-01,7.29532e-01,9.97810e-01,9.99572e-01
1.724710018e+00,6.26144e-01,9.99999e-01,6.27882e-01,9.97853e-01,9.99376e-01
1.733333568e+00,5.46123e-01,9.99999e-01,5.47811e-01,9.97895e-01,9.99020e-01
1.742000236e+00,3.94880e-01,9.99999e-01,3.96311e-01,9.97937e-01,9.98448e-01
1.750710237e+00,1.88634e-01,9.99999e-01,1.89487e-01,9.97978e-01,9.97512e-01
1.759463788e+00,4.76550e-02,9.99999e-01,4.79512e-02,9.98018e-01,9.95794e-01
1.768261107e+00,5.18108e-03,9.99999e-01,5.22902e-03,9.98057e-01,9.92759e-01
1.777102413e+00,2.06748e-04,9.99999e-01,2.09514e-04,9.98095e-01,9.88680e-01
1.785987925e+00,1.42217e-06,9.99999e-01,1.45119e-06,9.98133e-01,9.81831e-01
1.794917864e+00,5.31113e-08,9.99999e-01,5.51623e-08,9.98169e-01,9.64582e-01
1.803892454e+00,7.60205e-14,9.99999e-01,8.21458e-14,9.98206e-01,9.27096e-01
1.812911916e+00,2.60562e-18,9.99999e-01,3.04866e-18,9.98241e-01,8.56182e-01
1.821976476e+00,3.77457e-18,9.99999e-01,5.32628e-18,9.98276e-01,7.09892e-01
1.831086358e+00,4.05446e-20,9.99999e-01,8.98353e-20,9.98310e-01,4.52084e-01
1.840241790e+00,8.62076e-17,9.99999e-01,3.29647e-16,9.98343e-01,2.61949e-01
1.849442999e+00,5.86229e-16,9.99999e-01,2.94066e-15,9.98376e-01,1.99677e-01
1.858690214e+00,1.94778e-24,9.99999e-01,9.75556e-24,9.98408e-01,1.99976e-01
1.867983665e+00,3.22258e-25,9.99999e-01,1.41934e-24,9.98439e-01,2.27401e-01
1.877323583e+00,1.28698e-10,9.99999e-01,4.76652e-10,9.98470e-01,2.70418e-01
1.886710201e+00,3.79415e-09,9.99999e-01,1.19109e-08,9.98500e-01,3.19022e-01
1.896143752e+00,2.86154e-08,9.99999e-01,8.77441e-08,9.98530e-01,3.26603e-01
1.905624471e+00,4.04224e-15,9.99999e-01,1.12146e-14,9.98559e-01,3.60963e-01
1.915152593e+00,7.37413e-18,9.99999e-01,1.52952e-17,9.98587e-01,4.82801e-01
1.924728356e+00,1.19790e-19,9.99999e-01,1.81068e-19,9.98615e-01,6.62489e-01
1.934351998e+00,4.23213e-22,9.99999e-01,5.16091e-22,9.98642e-01,8.21150e-01
1.944023758e+00,3.47145e-12,9.99999e-01,3.72440e-12,9.98669e-01,9.33322e-01
1.953743877e+00,1.17736e-11,9.99999e-01,1.21342e-11,9.98695e-01,9.71546e-01
1.963512596e+00,4.15528e-08,9.99999e-01,4.22174e-08,9.98721e-01,9.85517e-01
1.973330159e+00,5.24871e-06,9.99999e-01,5.29555e-06,9.98746e-01,9.92398e-01
1.983196810e+00,1.38283e-03,9.99999e-01,1.39033e-03,9.98771e-01,9.95825e-01
1.993112794e+00,5.26321e-03,9.99999e-01,5.28159e-03,9.98795e-01,9.97722e-01
2.003078358e+00,3.27348e-02,9.99999e-01,3.28155e-02,9.98819e-01,9.98718e-01
2.013093750e+00,1.06279e-01,9.99999e-01,1.06483e-01,9.98842e-01,9.99235e-01
2.023159218e+00,2.65071e-01,9.99999e-01,2.65514e-01,9.98865e-01,9.99462e-01
2.033275015e+00,3.68045e-01,9.99999e-01,3.68614e-01,9.98888e-01,9.99566e-01
2.043441390e+00,5.34166e-01,9.99998e-01,5.34993e-01,9.98909e-01,9.99542e-01
2.053658597e+00,5.91100e-01,9.99997e-01,5.92106e-01,9.98931e-01,9.99369e-01
2.063926890e+00,6.99149e-01,9.99995e-01,7.00557e-01,9.98952e-01,9.99039e-01
2.074246524e+00,7.32870e-01,9.99991e-01,7.34748e-01,9.98973e-01,9.98475e-01
2.084617757e+00,8.14083e-01,9.99986e-01,8.16881e-01,9.98993e-01,9.97589e-01
2.095040845e+00,8.48894e-01,9.99979e-01,8.52844e-01,9.99013e-01,9.96370e-01
2.105516050e+00,8.66919e-01,9.99975e-01,8.72233e-01,9.99032e-01,9.94892e-01
2.116043630e+00,8.70955e-01,9.99977e-01,8.77302e-01,9.99051e-01,9.93727e-01
2.126623848e+00,9.16110e-01,9.99980e-01,9.23482e-01,9.99070e-01,9.92957e-01
2.137256967e+00,9.19096e-01,9.99982e-01,9.27226e-01,9.99088e-01,9.92151e-01
2.147943252e+00,9.20183e-01,9.99992e-01,9.29775e-01,9.99106e-01,9.90574e-01
2.158682968e+00,9.24535e-01,9.99945e-01,9.35655e-01,9.99124e-01,9.89034e-01
2.169476383e+00,9.22875e-01,9.99980e-01,9.31601e-01,9.99141e-01,9.91501e-01
2.180323765e+00,9.15889e-01,9.99988e-01,9.22439e-01,9.99158e-01,9.93745e-01
2.191225384e+00,9.00845e-01,9.99988e-01,9.06323e-01,9.99175e-01,9.94785e-01
2.202181511e+00,8.79942e-01,9.99990e-01,8.84211e-01,9.99191e-01,9.95984e-01
2.213192418e+00,8.81201e-01,9.99992e-01,8.84371e-01,9.99207e-01,9.97211e-01
2.224258381e+00,8.60939e-01,9.99993e-01,8.63152e-01,9.99223e-01,9.98216e-01
2.235379672e+00,8.82626e-01,9.99995e-01,8.84245e-01,9.99238e-01,9.98932e-01
2.246556571e+00,8.00808e-01,9.99996e-01,8.01950e-01,9.99253e-01,9.99323e-01
2.257789354e+00,8.44646e-01,9.99997e-01,8.45678e-01,9.99268e-01,9.99511e-01
2.269078300e+00,6.57618e-01,9.99998e-01,6.58358e-01,9.99282e-01,9.99592e-01
2.280423692e+00,7.07375e-01,9.99998e-01,7.08171e-01,9.99296e-01,9.99578e-01
2.291825810e+00,5.09420e-01,9.99999e-01,5.10022e-01,9.99310e-01,9.99507e-01
2.303284939e+00,5.47202e-01,9.99999e-01,5.47939e-01,9.99324e-01,9.99328e-01
2.314801364e+00,3.61226e-01,9.99999e-01,3.61807e-01,9.99337e-01,9.99055e-01
2.326375371e+00,3.45151e-01,9.99999e-01,3.45810e-01,9.99350e-01,9.98740e-01
2.338007248e+00,3.31570e-01,9.99999e-01,3.32352e-01,9.99363e-01,9.98281e-01
2.349697284e+00,1.45950e-01,9.99999e-01,1.46382e-01,9.99376e-01,9.97673e-01
2.361445770e+00,1.92397e-01,9.99999e-01,1.93135e-01,9.99388e-01,9.96786e-01
2.373252999e+00,1.18006e-01,9.99999e-01,1.18601e-01,9.99400e-01,9.95576e-01
2.385119264e+00,2.44298e-02,9.99999e-01,2.45902e-02,9.99412e-01,9.94061e-01
2.397044861e+00,9.80636e-02,9.99999e-01,9.90003e-02,9.99423e-01,9.91108e-01
2.409030085e+00,1.36948e-02,9.99999e-01,1.38817e-02,9.99435e-01,9.87092e-01
2.421075235e+00,2.18093e-02,9.99999e-01,2.22231e-02,9.99446e-01,9.81921e-01
2.433180612e+00,5.85076e-03,9.99999e-01,6.00365e-03,9.99457e-01,9.75062e-01
2.445346515e+00,4.96256e-04,9.99999e-01,5.14310e-04,9.99468e-01,9.65408e-01
2.457573247e+00,2.49580e-05,9.99999e-01,2.62940e-05,9.99478e-01,9.49686e-01
2.469861113e+00,2.93188e-08,9.99999e-01,3.16323e-08,9.99488e-01,9.27336e-01
2.482210419e+00,6.88064e-18,9.99999e-01,7.68006e-18,9.99498e-01,8.96357e-01
2.494621471e+00,4.68989e-25,9.99999e-01,5.50715e-25,9.99508e-01,8.52017e-01
2.507094578e+00,1.87660e-40,9.99999e-01,2.41537e-40,9.99518e-01,7.77314e-01
2.519630051e+00,1.35690e-74,9.99999e-01,2.09271e-74,9.99527e-01,6.48702e-01
2.532228202e+00,1.03096e-100,9.99999e-01,2.27371e-100,9.99537e-01,4.53634e-01
2.544889343e+00,1.18538e-137,9.99999e-01,5.75670e-137,9.99546e-01,2.06006e-01
2.557613789e+00,1.63322e-135,9.99999e-01,3.56783e-134,9.99555e-01,4.57966e-02
2.570401858e+00,1.34882e-226,9.99999e-01,4.34456e-224,9.99564e-01,3.10596e-03
2.583253867e+00,1.92453e-193,9.99999e-01,1.81215e-189,9.99572e-01,1.06247e-04
2.596170137e+00,1.34094e-165,9.99999e-01,1.31858e-160,9.99581e-01,1.01738e-05
2.609150988e+00,4.29218e-118,9.99999e-01,2.34843e-112,9.99589e-01,1.82843e-06
2.622196742e+00,3.39873e-100,9.99999e-01,2.46102e-94,9.99597e-01,1.38158e-06
2.635307726e+00,1.04803e-47,9.99999e-01,3.14496e-42,9.99605e-01,3.33372e-06
2.648484265e+00,1.84290e-56,9.99999e-01,4.18920e-51,9.99613e-01,4.40087e-06
2.661726686e+00,3.25700e-96,9.99999e-01,8.96035e-91,9.99620e-01,3.63628e-06
2.675035320e+00,0.00000e+00,9.99999e-01,0.00000e+00,9.99628e-01,4.05668e-06
2.688410496e+00,1.68105e-167,9.99999e-01,2.14544e-162,9.99635e-01,7.83833e-06
2.701852549e+00,1.29511e-146,9.99999e-01,1.14713e-141,9.99642e-01,1.12940e-05
2.715361811e+00,3.42597e-145,9.99999e-01,2.05549e-140,9.99649e-01,1.66732e-05
2.728938620e+00,3.12483e-104,9.99999e-01,6.35067e-100,9.99656e-01,4.92216e-05
2.742583314e+00,3.01096e-110,9.99999e-01,8.29922e-107,9.99663e-01,3.62922e-04
2.756296230e+00,7.57998e-113,9.99999e-01,1.98533e-110,9.99670e-01,3.81926e-03
2.770077711e+00,6.10991e-154,9.99999e-01,2.22001e-152,9.99676e-01,2.75308e-02
2.783928100e+00,2.91098e-153,9.99999e-01,3.61771e-152,9.99683e-01,8.04902e-02
2.797847740e+00,4.66326e-116,9.99999e-01,2.50287e-115,9.99689e-01,1.86374e-01
2.811836979e+00,1.12434e-123,9.99999e-01,3.15532e-123,9.99695e-01,3.56438e-01
2.825896164e+00,9.56341e-107,9.99999e-01,1.86123e-106,9.99701e-01,5.13974e-01
2.840025645e+00,5.90981e-81,9.99999e-01,9.56408e-81,9.99707e-01,6.18097e-01
2.854225773e+00,1.69285e-70,9.99999e-01,2.43346e-70,9.99713e-01,6.95854e-01
2.868496902e+00,2.12163e-66,9.99999e-01,2.70665e-66,9.99718e-01,7.84079e-01
2.882839386e+00,7.63287e-53,9.99999e-01,8.99583e-53,9.99724e-01,8.48722e-01
2.897253583e+00,4.71740e-45,9.99999e-01,5.33109e-45,9.99729e-01,8.85122e-01
2.911739851e+00,2.58812e-30,9.99999e-01,2.84408e-30,9.99735e-01,9.10242e-01
2.926298550e+00,4.33058e-21,9.99999e-01,4.64272e-21,9.99740e-01,9.33008e-01
2.940930043e+00,1.20709e-20,9.99999e-01,1.27648e-20,9.99745e-01,9.45878e-01
2.955634693e+00,9.62900e-21,9.99999e-01,1.01223e-20,9.99750e-01,9.51502e-01
2.970412867e+00,6.77144e-18,9.99999e-01,7.07422e-18,9.99755e-01,9.57432e-01
2.985264931e+00,4.02393e-14,9.99999e-01,4.19163e-14,9.99760e-01,9.60221e-01
3.000191256e+00,4.23359e-11,9.99999e-01,4.41394e-11,9.99764e-01,9.59365e-01
3.015192212e+00,1.65415e-10,9.99999e-01,1.73566e-10,9.99769e-01,9.53257e-01
3.030268173e+00,4.98013e-09,9.99999e-01,5.28013e-09,9.99774e-01,9.43396e-01
3.045419514e+00,3.09859e-10,9.99999e-01,3.31520e-10,9.99778e-01,9.34870e-01
3.060646612e+00,6.48448e-07,9.99999e-01,7.03282e-07,9.99782e-01,9.22230e-01
3.075949845e+00,1.11629e-06,9.99999e-01,1.22170e-06,9.99787e-01,9.13914e-01
3.091329594e+00,2.33384e-06,9.99999e-01,2.56804e-06,9.99791e-01,9.08989e-01
3.106786242e+00,9.96706e-06,9.99999e-01,1.09641e-05,9.99795e-01,9.09251e-01
3.122320173e+00,6.14814e-05,9.99999e-01,6.72503e-05,9.99799e-01,9.14399e-01
3.137931774e+00,7.35062e-05,9.99999e-01,7.95110e-05,9.99803e-01,9.24658e-01
3.153621433e+00,2.18474e-03,9.99999e-01,2.34496e-03,9.99807e-01,9.31855e-01
3.169389540e+00,3.97353e-03,9.99999e-01,4.27627e-03,9.99811e-01,9.29378e-01
3.185236488e+00,1.53593e-03,9.99999e-01,1.67174e-03,9.99814e-01,9.18929e-01
3.201162670e+00,3.30752e-06,9.99999e-01,3.63815e-06,9.99818e-01,9.09285e-01
3.217168483e+00,5.15184e-05,9.99999e-01,5.71441e-05,9.99822e-01,9.01711e-01
3.233254326e+00,1.46196e-03,9.99999e-01,1.61842e-03,9.99825e-01,9.03478e-01
3.249420598e+00,1.35604e-02,9.99999e-01,1.48531e-02,9.99829e-01,9.13119e-01
3.265667701e+00,1.34963e-03,9.99999e-01,1.46229e-03,9.99832e-01,9.23114e-01
3.281996039e+00,4.16389e-03,9.99999e-01,4.45351e-03,9.99835e-01,9.35120e-01
3.298406019e+00,3.30719e-04,9.99999e-01,3.49174e-04,9.99838e-01,9.47296e-01
3.314898049e+00,2.09949e-04,9.99999e-01,2.18629e-04,9.99842e-01,9.60447e-01
3.331472540e+00,7.74698e-04,9.99999e-01,7.97550e-04,9.99845e-01,9.71497e-01
3.348129902e+00,4.41994e-04,9.99999e-01,4.51301e-04,9.99848e-01,9.79524e-01
3.364870552e+00,1.73815e-03,9.99999e-01,1.78941e-03,9.99851e-01,9.71494e-01
3.381694905e+00,4.98363e-03,9.99999e-01,5.08359e-03,9.99854e-01,9.80478e-01
3.398603379e+00,1.47707e-02,9.99999e-01,1.50564e-02,9.99857e-01,9.81165e-01
3.415596396e+00,4.80812e-02,9.99999e-01,4.89610e-02,9.99859e-01,9.82166e-01
3.432674378e+00,5.47340e-02,9.99999e-01,5.52892e-02,9.99862e-01,9.90093e-01
3.449837750e+00,1.32512e-01,9.99999e-01,1.33423e-01,9.99865e-01,9.93299e-01
3.467086939e+00,2.46275e-01,9.99999e-01,2.48191e-01,9.99867e-01,9.92411e-01
3.484422373e+00,2.62101e-01,9.99999e-01,2.64378e-01,9.99870e-01,9.91515e-01
3.501844485e+00,4.61520e-01,9.99999e-01,4.64237e-01,9.99873e-01,9.94271e-01
3.519353708e+00,5.25942e-01,9.99999e-01,5.27107e-01,9.99875e-01,9.97911e-01
3.536950476e+00,5.59283e-01,9.99999e-01,5.60002e-01,9.99878e-01,9.98836e-01
3.554635228e+00,6.96796e-01,9.99999e-01,6.98176e-01,9.99880e-01,9.98141e-01
3.572408405e+00,7.04766e-01,9.99999e-01,7.06491e-01,9.99882e-01,9.97673e-01
3.590270447e+00,7.82670e-01,9.99999e-01,7.84789e-01,9.99885e-01,9.97413e-01
3.608221799e+00,8.25374e-01,9.99999e-01,8.28355e-01,9.99887e-01,9.96512e-01
3.626262908e+00,8.47488e-01,9.99999e-01,8.51191e-01,9.99889e-01,9.95757e-01
3.644394222e+00,9.02987e-01,9.99999e-01,9.08243e-01,9.99891e-01,9.94319e-01
3.662616193e+00,8.47535e-01,9.99999e-01,8.53761e-01,9.99893e-01,9.92811e-01
3.680929274e+00,7.64580e-01,9.99999e-01,7.71748e-01,9.99895e-01,9.90814e-01
3.699333921e+00,8.75269e-01,9.99999e-01,8.85626e-01,9.99898e-01,9.88405e-01
3.717830590e+00,8.96339e-01,9.99999e-01,9.09821e-01,9.99900e-01,9.85279e-01
3.736419743e+00,8.77913e-01,9.99998e-01,8.95104e-01,9.99901e-01,9.80891e-01
3.755101842e+00,8.66932e-01,9.99997e-01,8.88027e-01,9.99903e-01,9.76339e-01
3.773877351e+00,8.79571e-01,9.99995e-01,9.06750e-01,9.99905e-01,9.70120e-01
3.792746738e+00,8.54135e-01,9.99992e-01,8.88376e-01,9.99907e-01,9.61551e-01
3.811710472e+00,8.23033e-01,9.99984e-01,8.65017e-01,9.99909e-01,9.51563e-01
3.830769024e+00,8.03217e-01,9.99976e-01,8.55174e-01,9.99911e-01,9.39348e-01
3.849922869e+00,7.37489e-01,9.99956e-01,7.98343e-01,9.99912e-01,9.23892e-01
3.869172484e+00,6.95732e-01,9.99938e-01,7.69061e-01,9.99914e-01,9.04779e-01
3.888518346e+00,7.57933e-01,9.99891e-01,8.61791e-01,9.99916e-01,8.79652e-01
3.907960938e+00,7.18247e-01,9.99867e-01,8.47561e-01,9.99918e-01,8.47605e-01
3.927500742e+00,3.28789e-01,9.99771e-01,4.07160e-01,9.99919e-01,8.07708e-01
3.947138246e+00,4.01238e-01,9.99679e-01,5.29329e-01,9.99921e-01,7.58277e-01
3.966873937e+00,1.68082e-01,9.99634e-01,2.40730e-01,9.99922e-01,6.98430e-01
3.986708307e+00,4.73850e-01,9.99404e-01,7.52333e-01,9.99924e-01,6.30223e-01
4.006641849e+00,5.01118e-01,9.99220e-01,9.01895e-01,9.99925e-01,5.56087e-01
4.026675058e+00,4.26052e-01,9.99362e-01,8.87137e-01,9.99927e-01,4.80589e-01
4.046808433e+00,3.55368e-01,9.99326e-01,8.65767e-01,9.99928e-01,4.10765e-01
4.067042475e+00,2.96597e-01,9.99036e-01,8.46481e-01,9.99930e-01,3.50742e-01
4.087377688e+00,2.52499e-01,9.98873e-01,8.36601e-01,9.99931e-01,3.02165e-01
4.107814576e+00,2.08685e-01,9.98684e-01,7.80688e-01,9.99932e-01,2.67665e-01
4.128353649e+00,1.67336e-01,9.98674e-01,6.78292e-01,9.99934e-01,2.47026e-01
4.148995417e+00,1.47261e-01,9.99088e-01,6.19723e-01,9.99935e-01,2.37835e-01
4.169740394e+00,1.11410e-01,9.99151e-01,4.65643e-01,9.99936e-01,2.39457e-01
4.190589096e+00,9.78491e-02,9.99210e-01,3.95135e-01,9.99937e-01,2.47814e-01
4.211542042e+00,5.86745e-02,9.99269e-01,2.34595e-01,9.99939e-01,2.50274e-01
4.232599752e+00,4.77102e-02,9.99557e-01,2.01592e-01,9.99940e-01,2.36764e-01
4.253762751e+00,2.60087e-02,9.99687e-01,1.30740e-01,9.99941e-01,1.98997e-01
4.275031564e+00,8.65177e-03,9.99492e-01,6.05684e-02,9.99942e-01,1.42908e-01
4.296406722e+00,3.52716e-03,9.95021e-01,2.76495e-02,9.99943e-01,1.28002e-01
4.317888756e+00,6.79566e-03,9.99019e-01,4.00357e-02,9.99944e-01,1.69879e-01
4.339478200e+00,4.45140e-03,9.99423e-01,1.78186e-02,9.99945e-01,2.49938e-01
4.361175591e+00,3.50072e-03,9.99535e-01,1.11625e-02,9.99946e-01,3.13722e-01
4.382981469e+00,3.93381e-03,9.99502e-01,1.11935e-02,9.99947e-01,3.51558e-01
4.404896376e+00,3.72274e-03,9.99305e-01,9.92947e-03,9.99949e-01,3.75052e-01
4.426920858e+00,1.55364e-03,9.99300e-01,3.92276e-03,9.99950e-01,3.96172e-01
4.449055462e+00,3.64600e-03,9.99513e-01,8.65721e-03,9.99950e-01,4.21311e-01
4.471300739e+00,1.24895e-03,9.99491e-01,2.75403e-03,9.99951e-01,4.53636e-01
4.493657243e+00,3.78162e-03,9.99562e-01,7.66402e-03,9.99952e-01,4.93600e-01
4.516125529e+00,8.35857e-04,9.99580e-01,1.54930e-03,9.99953e-01,5.39629e-01
4.538706157e+00,4.19648e-03,9.99503e-01,7.10229e-03,9.99954e-01,5.90995e-01
4.561399688e+00,4.61878e-03,9.99652e-01,7.16656e-03,9.99955e-01,6.44610e-01
4.584206686e+00,7.84115e-03,9.99724e-01,1.12406e-02,9.99956e-01,6.97699e-01
4.607127720e+00,3.89886e-03,9.99729e-01,5.21585e-03,9.99957e-01,7.47608e-01
4.630163358e+00,1.06577e-04,9.99830e-01,1.34382e-04,9.99958e-01,7.93188e-01
4.653314175e+00,6.56476e-05,9.99839e-01,7.88633e-05,9.99958e-01,8.32509e-01
4.676580746e+00,6.17903e-06,9.99845e-01,7.14233e-06,9.99959e-01,8.65201e-01
4.699963650e+00,3.78225e-05,9.99916e-01,4.24178e-05,9.99960e-01,8.91736e-01
4.723463468e+00,1.90373e-06,9.99899e-01,2.08586e-06,9.99961e-01,9.12745e-01
4.747080785e+00,1.08028e-04,9.99948e-01,1.16351e-04,9.99962e-01,9.28529e-01
4.770816189e+00,7.21324e-06,9.99951e-01,7.67080e-06,9.99962e-01,9.40402e-01
4.794670270e+00,4.56155e-08,9.99949e-01,4.80584e-08,9.99963e-01,9.49219e-01
4.818643622e+00,1.24777e-08,9.99975e-01,1.30610e-08,9.99964e-01,9.55381e-01
4.842736840e+00,2.99731e-10,9.99973e-01,3.12603e-10,9.99964e-01,9.58865e-01
4.866950524e+00,2.58544e-07,9.99987e-01,2.69335e-07,9.99965e-01,9.59974e-01
4.891285276e+00,9.89723e-10,9.99986e-01,1.03234e-09,9.99966e-01,9.58749e-01
4.915741703e+00,3.68438e-09,9.99992e-01,3.85122e-09,9.99966e-01,9.56712e-01
4.940320411e+00,2.89339e-10,9.99993e-01,3.03969e-10,9.99967e-01,9.51904e-01
4.965022013e+00,7.60467e-14,9.99994e-01,8.04023e-14,9.99968e-01,9.45858e-01
4.989847123e+00,4.51882e-12,9.99996e-01,4.80819e-12,9.99968e-01,9.39845e-01
5.014796359e+00,1.64225e-14,9.99996e-01,1.76391e-14,9.99969e-01,9.31054e-01
5.039870341e+00,2.26597e-14,9.99998e-01,2.46147e-14,9.99970e-01,9.20605e-01
5.065069693e+00,3.15128e-14,9.99998e-01,3.48497e-14,9.99970e-01,9.04276e-01
5.090395041e+00,8.59305e-21,9.99999e-01,9.68384e-21,9.99971e-01,8.87384e-01
5.115847016e+00,3.37253e-21,9.99999e-01,3.89662e-21,9.99971e-01,8.65526e-01
5.141426251e+00,1.72302e-27,9.99998e-01,2.06050e-27,9.99972e-01,8.36238e-01
5.167133383e+00,1.25388e-31,9.99999e-01,1.55063e-31,9.99972e-01,8.08643e-01
5.192969049e+00,1.57840e-31,9.99999e-01,2.02977e-31,9.99973e-01,7.77641e-01
5.218933895e+00,6.57353e-50,9.99999e-01,8.90277e-50,9.99973e-01,7.38388e-01
5.245028564e+00,5.69907e-38,9.99999e-01,8.26022e-38,9.99974e-01,6.89959e-01
5.271253707e+00,2.23807e-39,9.99999e-01,3.55591e-39,9.99974e-01,6.29411e-01
5.297609976e+00,7.00303e-48,9.99999e-01,1.24257e-47,9.99975e-01,5.63606e-01
5.324098025e+00,2.87446e-48,9.99999e-01,5.82939e-48,9.99975e-01,4.93110e-01
5.350718516e+00,2.72411e-59,9.99999e-01,6.65066e-59,9.99976e-01,4.09610e-01
5.377472108e+00,6.59682e-62,9.99999e-01,1.92684e-61,9.99976e-01,3.42372e-01
5.404359469e+00,5.87112e-62,9.99999e-01,2.11161e-61,9.99977e-01,2.78046e-01
5.431381266e+00,8.27465e-115,9.99999e-01,3.60671e-114,9.99977e-01,2.29429e-01
5.458538172e+00,6.33537e-115,9.99999e-01,3.55852e-114,9.99978e-01,1.78037e-01
5.485830863e+00,1.48096e-123,9.99999e-01,1.17049e-122,9.99978e-01,1.26528e-01
5.513260018e+00,1.28606e-130,9.99999e-01,1.46332e-129,9.99978e-01,8.78880e-02
5.540826318e+00,8.39251e-137,9.99999e-01,1.47926e-135,9.99979e-01,5.67358e-02
5.568530449e+00,1.77647e-214,9.99999e-01,5.10589e-213,9.99979e-01,3.47932e-02
5.596373101e+00,5.52520e-205,9.99999e-01,2.68530e-203,9.99980e-01,2.05761e-02
5.624354967e+00,1.20202e-185,9.99999e-01,1.04551e-183,9.99980e-01,1.14971e-02
5.652476742e+00,2.12352e-202,9.99999e-01,3.55763e-200,9.99980e-01,5.96902e-03
5.680739126e+00,9.66085e-234,9.99999e-01,3.39424e-231,9.99981e-01,2.84629e-03
5.709142821e+00,5.20424e-255,9.99999e-01,4.02270e-252,9.99981e-01,1.29374e-03
5.737688535e+00,5.89345e-248,9.99999e-01,1.22432e-244,9.99981e-01,4.81374e-04
5.766376978e+00,3.89291e-189,9.99999e-01,2.57028e-185,9.99982e-01,1.51461e-04
5.795208863e+00,1.07228e-173,9.99999e-01,2.69589e-169,9.99982e-01,3.97753e-05
5.824184907e+00,4.91195e-211,9.99999e-01,5.01172e-206,9.99982e-01,9.80107e-06
5.853305832e+00,1.63158e-208,9.99999e-01,6.11300e-203,9.99983e-01,2.66908e-06
5.882572361e+00,1.20614e-255,9.99999e-01,1.37070e-249,9.99983e-01,8.79957e-07
5.911985223e+00,1.74676e-246,9.99999e-01,5.42811e-240,9.99983e-01,3.21803e-07
5.941545149e+00,1.29547e-253,9.99999e-01,9.99679e-247,9.99984e-01,1.29591e-07
5.971252874e+00,9.25114e-220,9.99999e-01,1.23760e-212,9.99984e-01,7.47519e-08
6.001109139e+00,2.60284e-150,9.99999e-01,4.13299e-143,9.99984e-01,6.29780e-08
6.031114685e+00,2.07692e-164,9.99999e-01,2.71459e-157,9.99985e-01,7.65104e-08
6.061270258e+00,2.82817e-163,9.99999e-01,2.17971e-156,9.99985e-01,1.29751e-07
6.091576609e+00,2.45410e-139,9.99999e-01,9.38984e-133,9.99985e-01,2.61360e-07
6.122034492e+00,2.23391e-89,9.99999e-01,3.53724e-83,9.99985e-01,6.31550e-07
6.152644665e+00,2.66091e-90,9.99999e-01,1.57937e-84,9.99986e-01,1.68482e-06
6.183407888e+00,2.86720e-61,9.99999e-01,7.27743e-56,9.99986e-01,3.93991e-06
6.214324928e+00,5.71986e-43,9.99999e-01,8.78051e-38,9.99986e-01,6.51434e-06
6.245396552e+00,2.14234e-31,9.99999e-01,3.30757e-26,9.99987e-01,6.47715e-06
6.276623535e+00,3.92834e-32,9.99999e-01,9.98255e-27,9.99987e-01,3.93525e-06
6.308006653e+00,2.43826e-32,9.99999e-01,1.44370e-26,9.99987e-01,1.68891e-06
6.339546686e+00,9.64697e-64,9.99999e-01,1.60357e-57,9.99987e-01,6.01599e-07
6.371244419e+00,1.15489e-132,9.99999e-01,5.60554e-126,9.99987e-01,2.06028e-07
6.403100641e+00,9.50578e-186,9.99999e-01,1.24633e-178,9.99988e-01,7.62708e-08
6.435116145e+00,0.00000e+00,9.99999e-01,0.00000e+00,9.99988e-01,4.02099e-08
6.467291725e+00,0.00000e+00,9.99999e-01,0.00000e+00,9.99988e-01,2.99315e-08
6.499628184e+00,0.00000e+00,9.99999e-01,0.00000e+00,9.99988e-01,3.14905e-08
6.532126325e+00,0.00000e+00,9.99999e-01,0.00000e+00,9.99989e-01,4.68395e-08
6.564786956e+00,0.00000e+00,9.99999e-01,0.00000e+00,9.99989e-01,1.12431e-07
6.597610891e+00,0.00000e+00,9.99999e-01,0.00000e+00,9.99989e-01,3.29448e-07
6.630598946e+00,0.00000e+00,9.99999e-01,0.00000e+00,9.99989e-01,1.06358e-06
6.663751940e+00,0.00000e+00,9.99999e-01,0.00000e+00,9.99989e-01,3.41943e-06
6.697070700e+00,5.53452e-319,9.99999e-01,5.10806e-314,9.99990e-01,1.08349e-05
6.730556054e+00,9.18266e-219,9.99999e-01,2.81651e-214,9.99990e-01,3.26032e-05
6.764208834e+00,2.71934e-218,9.99999e-01,2.81171e-214,9.99990e-01,9.67155e-05
6.798029878e+00,5.61725e-267,9.99999e-01,1.89753e-263,9.99990e-01,2.96033e-04
6.832020027e+00,1.42644e-266,9.99999e-01,1.89649e-263,9.99990e-01,7.52150e-04
6.866180128e+00,4.96749e-306,9.99999e-01,2.84641e-303,9.99990e-01,1.74519e-03
6.900511028e+00,7.43188e-175,9.99999e-01,1.96922e-172,9.99991e-01,3.77405e-03
6.935013583e+00,1.57084e-174,9.99999e-01,2.01656e-172,9.99991e-01,7.78975e-03
6.969688651e+00,4.34305e-219,9.99999e-01,2.82717e-217,9.99991e-01,1.53619e-02
7.004537095e+00,2.96785e-216,9.99999e-01,1.02704e-214,9.99991e-01,2.88972e-02
7.039559780e+00,5.16875e-234,9.99999e-01,1.00287e-232,9.99991e-01,5.15402e-02
7.074757579e+00,1.35766e-183,9.99999e-01,1.66093e-182,9.99991e-01,8.17415e-02
7.110131367e+00,6.74976e-182,9.99999e-01,5.45649e-181,9.99992e-01,1.23702e-01
7.145682024e+00,1.12556e-203,9.99999e-01,6.28850e-203,9.99992e-01,1.78989e-01
7.181410434e+00,1.53169e-259,9.99999e-01,6.29394e-259,9.99992e-01,2.43361e-01
7.217317486e+00,4.77333e-191,9.99999e-01,1.52100e-190,9.99992e-01,3.13830e-01
7.253404073e+00,5.82020e-191,9.99999e-01,1.49076e-190,9.99992e-01,3.90420e-01
7.289671094e+00,6.09172e-167,9.99999e-01,1.30774e-166,9.99992e-01,4.65822e-01
7.326119449e+00,1.98627e-166,9.99999e-01,3.67085e-166,9.99992e-01,5.41096e-01
7.362750046e+00,7.09263e-121,9.99999e-01,1.15283e-120,9.99993e-01,6.15239e-01
7.399563797e+00,3.23663e-99,9.99999e-01,4.76449e-99,9.99993e-01,6.79327e-01
7.436561616e+00,1.73496e-107,9.99999e-01,2.36785e-107,9.99993e-01,7.32716e-01
7.473744424e+00,4.00629e-101,9.99999e-01,5.12022e-101,9.99993e-01,7.82449e-01
7.511113146e+00,7.85569e-88,9.99999e-01,9.50365e-88,9.99993e-01,8.26602e-01
7.548668712e+00,2.25788e-91,9.99999e-01,2.63272e-91,9.99993e-01,8.57626e-01
7.586412055e+00,5.57495e-166,9.99999e-01,6.30349e-166,9.99993e-01,8.84427e-01
7.624344115e+00,8.42732e-81,9.99999e-01,9.29784e-81,9.99993e-01,9.06378e-01
7.662465836e+00,6.99516e-50,9.99999e-01,7.57900e-50,9.99993e-01,9.22970e-01
7.700778165e+00,3.64463e-50,9.99999e-01,3.88966e-50,9.99994e-01,9.37007e-01
7.739282056e+00,7.70815e-83,9.99999e-01,8.13796e-83,9.99994e-01,9.47189e-01
7.777978466e+00,1.14512e-56,9.99999e-01,1.19720e-56,9.99994e-01,9.56506e-01
7.816868359e+00,1.97092e-46,9.99999e-01,2.04262e-46,9.99994e-01,9.64903e-01
7.855952700e+00,8.74152e-47,9.99999e-01,9.00855e-47,9.99994e-01,9.70362e-01
7.895232464e+00,2.08725e-46,9.99999e-01,2.14130e-46,9.99994e-01,9.74765e-01
7.934708626e+00,7.84111e-28,9.99999e-01,8.01360e-28,9.99994e-01,9.78479e-01
7.974382169e+00,2.45397e-21,9.99999e-01,2.50137e-21,9.99994e-01,9.81054e-01
8.014254080e+00,6.19428e-22,9.99999e-01,6.29775e-22,9.99994e-01,9.83573e-01
8.054325351e+00,1.14936e-20,9.99999e-01,1.16567e-20,9.99994e-01,9.86014e-01
8.094596977e+00,6.35703e-17,9.99999e-01,6.43241e-17,9.99995e-01,9.88284e-01
8.135069962e+00,1.82051e-16,9.99999e-01,1.83824e-16,9.99995e-01,9.90362e-01
8.175745312e+00,3.63232e-17,9.99999e-01,3.66240e-17,9.99995e-01,9.91791e-01
8.216624039e+00,5.68950e-14,9.99999e-01,5.72988e-14,9.99995e-01,9.92956e-01
8.257707159e+00,2.05251e-09,9.99999e-01,2.06508e-09,9.99995e-01,9.93917e-01
8.298995695e+00,2.95447e-08,9.99999e-01,2.97079e-08,9.99995e-01,9.94508e-01
8.340490673e+00,1.27971e-09,9.99999e-01,1.28605e-09,9.99995e-01,9.95073e-01
8.382193126e+00,3.98142e-07,9.99999e-01,3.99877e-07,9.99995e-01,9.95664e-01
8.424104092e+00,7.62817e-08,9.99999e-01,7.65729e-08,9.99995e-01,9.96200e-01
8.466224613e+00,1.49059e-07,9.99999e-01,1.49553e-07,9.99995e-01,9.96697e-01
8.508555736e+00,6.20539e-07,9.99999e-01,6.22392e-07,9.99995e-01,9.97026e-01
8.551098514e+00,7.97329e-05,9.99999e-01,7.99478e-05,9.99995e-01,9.97314e-01
8.593854007e+00,2.23678e-03,9.99999e-01,2.24237e-03,9.99996e-01,9.97510e-01
8.636823277e+00,3.59921e-03,9.99999e-01,3.60747e-03,9.99996e-01,9.97714e-01
8.680007393e+00,1.82571e-04,9.99999e-01,1.82951e-04,9.99996e-01,9.97927e-01
8.723407430e+00,6.76917e-04,9.99999e-01,6.78178e-04,9.99996e-01,9.98143e-01
8.767024467e+00,2.19600e-04,9.99999e-01,2.19962e-04,9.99996e-01,9.98360e-01
8.810859590e+00,1.18058e-03,9.99999e-01,1.18238e-03,9.99996e-01,9.98479e-01
8.854913888e+00,2.80532e-02,9.99999e-01,2.80929e-02,9.99996e-01,9.98589e-01
8.899188457e+00,1.90236e-02,9.99999e-01,1.90489e-02,9.99996e-01,9.98673e-01
8.943684399e+00,4.62931e-03,9.99999e-01,4.63513e-03,9.99996e-01,9.98747e-01
8.988402821e+00,3.19604e-03,9.99999e-01,3.19986e-03,9.99996e-01,9.98807e-01
9.033344836e+00,1.51803e-03,9.99999e-01,1.51975e-03,9.99996e-01,9.98871e-01
9.078511560e+00,5.93797e-03,9.99999e-01,5.94430e-03,9.99996e-01,9.98938e-01
9.123904118e+00,2.47744e-02,9.99999e-01,2.47999e-02,9.99996e-01,9.98971e-01
9.169523638e+00,1.67535e-02,9.99999e-01,1.67704e-02,9.99996e-01,9.98995e-01
9.215371256e+00,8.60867e-02,9.99999e-01,8.61717e-02,9.99996e-01,9.99016e-01
9.261448113e+00,6.96641e-02,9.99999e-01,6.97315e-02,9.99996e-01,9.99035e-01
9.307755353e+00,2.11940e-02,9.99999e-01,2.12143e-02,9.99996e-01,9.99048e-01
9.354294130e+00,1.25220e-02,9.99999e-01,1.25338e-02,9.99997e-01,9.99056e-01
9.401065601e+00,7.93293e-04,9.99999e-01,7.94049e-04,9.99997e-01,9.99050e-01
9.448070929e+00,6.39767e-03,9.99999e-01,6.40384e-03,9.99997e-01,9.99038e-01
9.495311283e+00,5.25822e-02,9.99999e-01,5.26341e-02,9.99997e-01,9.99015e-01
9.542787840e+00,1.19626e-01,9.99999e-01,1.19747e-01,9.99997e-01,9.98989e-01
9.590501779e+00,4.00970e-02,9.99999e-01,4.01388e-02,9.99997e-01,9.98959e-01
9.638454288e+00,3.44926e-02,9.99999e-01,3.45296e-02,9.99997e-01,9.98930e-01
9.686646559e+00,4.25408e-02,9.99999e-01,4.25877e-02,9.99997e-01,9.98900e-01
9.735079792e+00,9.44817e-02,9.99999e-01,9.45893e-02,9.99997e-01,9.98863e-01
9.783755191e+00,6.01108e-02,9.99999e-01,6.01818e-02,9.99997e-01,9.98822e-01
9.832673967e+00,3.09630e-03,9.99999e-01,3.10010e-03,9.99997e-01,9.98774e-01
9.881837337e+00,6.75650e-05,9.99999e-01,6.76515e-05,9.99997e-01,9.98722e-01
9.931246523e+00,1.87461e-02,9.99999e-01,1.87712e-02,9.99997e-01,9.98663e-01
9.980902756e+00,5.94984e-02,9.99999e-01,5.95819e-02,9.99997e-01,9.98601e-01
1.003080727e+01,5.93249e-02,9.99999e-01,5.94120e-02,9.99997e-01,9.98534e-01
1.008096131e+01,8.66098e-02,9.99999e-01,8.67430e-02,9.99997e-01,9.98466e-01
1.013136611e+01,1.55757e-01,9.99999e-01,1.56008e-01,9.99997e-01,9.98392e-01
1.018202294e+01,1.86851e-01,9.99999e-01,1.87167e-01,9.99997e-01,9.98315e-01
1.023293306e+01,6.21520e-02,9.99999e-01,6.22622e-02,9.99997e-01,9.98230e-01
1.028409772e+01,6.49843e-03,9.99999e-01,6.51053e-03,9.99997e-01,9.98142e-01
1.033551821e+01,3.39576e-03,9.99999e-01,3.40240e-03,9.99997e-01,9.98048e-01
1.038719580e+01,3.61078e-04,9.99999e-01,3.61820e-04,9.99997e-01,9.97950e-01
1.043913178e+01,3.35680e-04,9.99999e-01,3.36406e-04,9.99997e-01,9.97844e-01
1.049132744e+01,8.08303e-03,9.99999e-01,8.10143e-03,9.99997e-01,9.97730e-01
1.054378408e+01,1.97106e-02,9.99999e-01,1.97579e-02,9.99997e-01,9.97611e-01
1.059650300e+01,1.57339e-02,9.99999e-01,1.57736e-02,9.99997e-01,9.97487e-01
1.064948551e+01,1.06747e-02,9.99999e-01,1.07030e-02,9.99998e-01,9.97358e-01
1.070273294e+01,2.06736e-03,9.99999e-01,2.07313e-03,9.99998e-01,9.97217e-01
1.075624661e+01,2.33130e-03,9.99999e-01,2.33815e-03,9.99998e-01,9.97074e-01
1.081002784e+01,3.05869e-03,9.99999e-01,3.06814e-03,9.99998e-01,9.96922e-01
1.086407798e+01,1.00704e-04,9.99999e-01,1.01030e-04,9.99998e-01,9.96771e-01
1.091839837e+01,3.53726e-06,9.99999e-01,3.54935e-06,9.99998e-01,9.96596e-01
1.097299036e+01,1.28813e-09,9.99999e-01,1.29276e-09,9.99998e-01,9.96420e-01
1.102785531e+01,6.32129e-11,9.99999e-01,6.34521e-11,9.99998e-01,9.96231e-01
1.108299459e+01,4.08941e-05,9.99999e-01,4.10568e-05,9.99998e-01,9.96037e-01
1.113840956e+01,1.63529e-03,9.99999e-01,1.64214e-03,9.99998e-01,9.95832e-01
1.119410161e+01,5.57489e-03,9.99999e-01,5.59943e-03,9.99998e-01,9.95618e-01
1.125007212e+01,9.31089e-04,9.99999e-01,9.35398e-04,9.99998e-01,9.95393e-01
1.130632248e+01,5.91086e-04,9.99999e-01,5.93968e-04,9.99998e-01,9.95147e-01
1.136285409e+01,2.82548e-03,9.99999e-01,2.83997e-03,9.99998e-01,9.94899e-01
1.141966836e+01,4.45120e-03,9.99999e-01,4.47519e-03,9.99998e-01,9.94638e-01
1.147676670e+01,1.38077e-03,9.99999e-01,1.38858e-03,9.99998e-01,9.94375e-01
1.153415054e+01,8.69360e-05,9.99999e-01,8.74528e-05,9.99998e-01,9.94090e-01
1.159182129e+01,7.02135e-07,9.99999e-01,7.06516e-07,9.99998e-01,9.93799e-01
1.164978039e+01,3.14333e-09,9.99999e-01,3.16392e-09,9.99998e-01,9.93491e-01
1.170802930e+01,5.92144e-12,9.99999e-01,5.96220e-12,9.99998e-01,9.93164e-01
1.176656944e+01,1.49200e-07,9.99999e-01,1.50278e-07,9.99998e-01,9.92829e-01
1.182540229e+01,1.49471e-05,9.99999e-01,1.50608e-05,9.99998e-01,9.92451e-01
1.188452930e+01,1.77175e-05,9.99999e-01,1.78591e-05,9.99998e-01,9.92071e-01
1.194395195e+01,5.31264e-05,9.99999e-01,5.35740e-05,9.99998e-01,9.91645e-01
1.200367171e+01,3.89484e-04,9.99999e-01,3.92942e-04,9.99998e-01,9.91201e-01
1.206369007e+01,5.00849e-05,9.99999e-01,5.05531e-05,9.99998e-01,9.90738e-01
1.212400852e+01,3.64032e-04,9.99999e-01,3.67619e-04,9.99998e-01,9.90240e-01
1.218462856e+01,3.25214e-04,9.99999e-01,3.28585e-04,9.99998e-01,9.89740e-01
1.224555170e+01,4.35653e-06,9.99999e-01,4.40393e-06,9.99998e-01,9.89235e-01
1.230677946e+01,2.05351e-09,9.99999e-01,2.07692e-09,9.99998e-01,9.88728e-01
1.236831336e+01,3.46424e-11,9.99999e-01,3.50562e-11,9.99998e-01,9.88197e-01
1.243015492e+01,5.20606e-19,9.99999e-01,5.27122e-19,9.99998e-01,9.87638e-01
1.249230570e+01,6.77222e-18,9.99999e-01,6.86088e-18,9.99998e-01,9.87077e-01
1.255476723e+01,1.22498e-15,9.99999e-01,1.24178e-15,9.99998e-01,9.86474e-01
1.261754106e+01,4.28102e-08,9.99999e-01,4.34240e-08,9.99998e-01,9.85866e-01
1.268062877e+01,9.21757e-07,9.99999e-01,9.35590e-07,9.99998e-01,9.85215e-01
1.274403191e+01,5.96899e-07,9.99999e-01,6.06292e-07,9.99998e-01,9.84508e-01
1.280775207e+01,5.41740e-06,9.99999e-01,5.50661e-06,9.99998e-01,9.83798e-01
1.287179083e+01,2.90798e-07,9.99999e-01,2.95820e-07,9.99998e-01,9.83024e-01
1.293614979e+01,7.08857e-07,9.99999e-01,7.21676e-07,9.99998e-01,9.82237e-01
1.300083054e+01,5.21845e-09,9.99999e-01,5.31715e-09,9.99998e-01,9.81436e-01
1.306583469e+01,8.48186e-11,9.99999e-01,8.64961e-11,9.99998e-01,9.80605e-01
1.313116386e+01,2.62562e-11,9.99999e-01,2.67983e-11,9.99998e-01,9.79770e-01
1.319681968e+01,4.12748e-12,9.99999e-01,4.21659e-12,9.99998e-01,9.78867e-01
1.326280378e+01,4.83155e-18,9.99999e-01,4.94060e-18,9.99998e-01,9.77927e-01
1.332911780e+01,1.05310e-19,9.99999e-01,1.07792e-19,9.99998e-01,9.76981e-01
1.339576339e+01,2.53404e-20,9.99999e-01,2.59674e-20,9.99998e-01,9.75855e-01
1.346274221e+01,4.68552e-30,9.99999e-01,4.80702e-30,9.99998e-01,9.74724e-01
1.353005592e+01,5.08701e-16,9.99999e-01,5.22543e-16,9.99998e-01,9.73509e-01
1.359770620e+01,8.22505e-15,9.99999e-01,8.46090e-15,9.99998e-01,9.72124e-01
1.366569473e+01,1.53638e-14,9.99999e-01,1.58269e-14,9.99998e-01,9.70735e-01
1.373402320e+01,8.30473e-11,9.99999e-01,8.56769e-11,9.99998e-01,9.69308e-01
1.380269332e+01,3.67184e-10,9.99999e-01,3.79379e-10,9.99998e-01,9.67854e-01
1.387170678e+01,6.72244e-13,9.99999e-01,6.95620e-13,9.99998e-01,9.66395e-01
1.394106532e+01,3.19445e-15,9.99999e-01,3.31054e-15,9.99998e-01,9.64932e-01
1.401077064e+01,8.18595e-18,9.99999e-01,8.49637e-18,9.99999e-01,9.63464e-01
1.408082450e+01,4.02760e-18,9.99999e-01,4.18674e-18,9.99999e-01,9.61989e-01
1.415122862e+01,2.33997e-25,9.99999e-01,2.43641e-25,9.99999e-01,9.60420e-01
1.422198476e+01,3.55034e-34,9.99999e-01,3.70271e-34,9.99999e-01,9.58847e-01
1.429309469e+01,1.72321e-33,9.99999e-01,1.80022e-33,9.99999e-01,9.57221e-01
1.436456016e+01,3.35346e-41,9.99999e-01,3.51009e-41,9.99999e-01,9.55378e-01
1.443638296e+01,8.59102e-48,9.99999e-01,9.00969e-48,9.99999e-01,9.53530e-01
1.450856487e+01,8.66763e-32,9.99999e-01,9.10817e-32,9.99999e-01,9.51632e-01
1.458110770e+01,3.78455e-23,9.99999e-01,3.98531e-23,9.99999e-01,9.49625e-01
1.465401324e+01,3.16833e-21,9.99999e-01,3.34348e-21,9.99999e-01,9.47613e-01
1.472728330e+01,5.95849e-21,9.99999e-01,6.30175e-21,9.99999e-01,9.45529e-01
1.480091972e+01,6.78859e-23,9.99999e-01,7.19641e-23,9.99999e-01,9.43329e-01
1.487492432e+01,3.73620e-39,9.99999e-01,3.96993e-39,9.99999e-01,9.41123e-01
1.494929894e+01,9.81994e-31,9.99999e-01,1.04603e-30,9.99999e-01,9.38778e-01
1.502404544e+01,4.58581e-26,9.99999e-01,4.89818e-26,9.99999e-01,9.36227e-01
1.509916566e+01,3.16778e-25,9.99999e-01,3.39282e-25,9.99999e-01,9.33670e-01
1.517466149e+01,3.52138e-27,9.99999e-01,3.78227e-27,9.99999e-01,9.31021e-01
1.525053480e+01,4.17502e-25,9.99999e-01,4.49784e-25,9.99999e-01,9.28228e-01
1.532678747e+01,3.85181e-29,9.99999e-01,4.16219e-29,9.99999e-01,9.25429e-01
1.540342141e+01,3.95605e-37,9.99999e-01,4.36141e-37,9.99999e-01,9.07057e-01
1.548043852e+01,2.54328e-41,9.99999e-01,2.81658e-41,9.99999e-01,9.02968e-01
1.555784071e+01,8.41264e-52,9.99999e-01,9.35340e-52,9.99999e-01,8.99421e-01
1.563562991e+01,8.79914e-78,9.99999e-01,9.82223e-78,9.99999e-01,8.95839e-01
1.571380806e+01,1.15299e-78,9.99999e-01,1.29243e-78,9.99999e-01,8.92104e-01
1.579237710e+01,1.43880e-56,9.99999e-01,1.61964e-56,9.99999e-01,8.88345e-01
1.587133899e+01,1.05953e-49,9.99999e-01,1.19784e-49,9.99999e-01,8.84531e-01
1.595069568e+01,8.83170e-54,9.99999e-01,1.00366e-53,9.99999e-01,8.79951e-01
1.603044916e+01,1.87434e-74,9.99999e-01,2.14125e-74,9.99999e-01,8.75349e-01
1.611060141e+01,1.11382e-71,9.99999e-01,1.27915e-71,9.99999e-01,8.70748e-01
1.619115441e+01,6.11221e-70,9.99999e-01,7.05806e-70,9.99999e-01,8.65990e-01
1.627211019e+01,1.92018e-78,9.99999e-01,2.22969e-78,9.99999e-01,8.61185e-01
1.635347074e+01,4.76400e-72,9.99999e-01,5.56295e-72,9.99999e-01,8.56381e-01
1.643523809e+01,1.52519e-73,9.99999e-01,1.79130e-73,9.99999e-01,8.51439e-01
1.651741428e+01,2.41484e-77,9.99999e-01,2.85306e-77,9.99999e-01,8.46403e-01
1.660000135e+01,5.59507e-98,9.99999e-01,6.64996e-98,9.99999e-01,8.41368e-01
1.668300136e+01,2.60120e-100,9.99999e-01,3.11011e-100,9.99999e-01,8.36368e-01
1.676641637e+01,2.88284e-89,9.99999e-01,3.46714e-89,9.99999e-01,8.31474e-01
1.685024845e+01,1.41637e-91,9.99999e-01,1.71352e-91,9.99999e-01,8.26587e-01
1.693449969e+01,9.17159e-114,9.99999e-01,1.11618e-113,9.99999e-01,8.21691e-01
1.701917219e+01,9.19678e-122,9.99999e-01,1.12634e-121,9.99999e-01,8.16519e-01
1.710426805e+01,1.14233e-156,9.99999e-01,1.40798e-156,9.99999e-01,8.11323e-01
1.718978939e+01,2.59098e-171,9.99999e-01,3.21412e-171,9.99999e-01,8.06122e-01
1.727573834e+01,4.43369e-176,9.99999e-01,5.53881e-176,9.99999e-01,8.00475e-01
1.736211703e+01,8.40847e-188,9.99999e-01,1.05854e-187,9.99999e-01,7.94345e-01
1.744892761e+01,3.25367e-161,9.99999e-01,4.12780e-161,9.99999e-01,7.88233e-01
1.753617225e+01,1.19990e-128,9.99999e-01,1.53415e-128,9.99999e-01,7.82124e-01
1.762385311e+01,5.25258e-127,9.99999e-01,6.76939e-127,9.99999e-01,7.75931e-01
1.771197238e+01,7.26765e-135,9.99999e-01,9.44154e-135,9.99999e-01,7.69752e-01
1.780053224e+01,4.38551e-147,9.99999e-01,5.74333e-147,9.99999e-01,7.63582e-01
1.788953490e+01,9.16705e-159,9.99999e-01,1.21133e-158,9.99999e-01,7.56772e-01
1.797898258e+01,1.80022e-182,9.99999e-01,2.40298e-182,9.99999e-01,7.49162e-01
1.806887749e+01,1.06945e-185,9.99999e-01,1.44210e-185,9.99999e-01,7.41590e-01
1.815922188e+01,1.04546e-247,9.99999e-01,1.42424e-247,9.99999e-01,7.34045e-01
1.825001799e+01,4.99237e-185,9.99999e-01,6.87232e-185,9.99999e-01,7.26446e-01
1.834126808e+01,1.69569e-178,9.99999e-01,2.35883e-178,9.99999e-01,7.18869e-01
1.843297442e+01,3.50958e-180,9.99999e-01,4.93390e-180,9.99999e-01,7.11319e-01
1.852513929e+01,5.89656e-200,9.99999e-01,8.37848e-200,9.99999e-01,7.03774e-01
1.861776499e+01,9.23650e-295,9.99999e-01,1.32690e-294,9.99999e-01,6.96093e-01
1.871085381e+01,2.52528e-230,9.99999e-01,3.66812e-230,9.99999e-01,6.88440e-01
1.880440808e+01,7.68896e-197,9.99999e-01,1.12934e-196,9.99999e-01,6.80838e-01
1.889843012e+01,2.42654e-197,9.99999e-01,3.60394e-197,9.99999e-01,6.73300e-01
1.899292227e+01,4.58323e-276,9.99999e-01,6.88334e-276,9.99999e-01,6.65843e-01
1.908788688e+01,1.45666e-264,9.99999e-01,2.21231e-264,9.99999e-01,6.58432e-01
1.918332632e+01,1.57245e-265,9.99999e-01,2.41523e-265,9.99999e-01,6.51057e-01
1.927924295e+01,0.00000e+00,9.99999e-01,0.00000e+00,9.99999e-01,6.43229e-01
1.937563916e+01,0.00000e+00,9.99999e-01,0.00000e+00,9.99999e-01,6.35117e-01
1.947251736e+01,0.00000e+00,9.99999e-01,0.00000e+00,9.99999e-01,6.27059e-01
1.956987994e+01,0.00000e+00,9.99999e-01,0.00000e+00,9.99999e-01,6.19031e-01
1.966772934e+01,0.00000e+00,9.99999e-01,0.00000e+00,9.99999e-01,6.10269e-01
1.976606799e+01,0.00000e+00,9.99999e-01,0.00000e+00,9.99999e-01,6.01235e-01
1.986489833e+01,0.00000e+00,9.99999e-01,0.00000e+00,9.99999e-01,5.92279e-01
1.996422282e+01,0.00000e+00,9.99999e-01,0.00000e+00,9.99999e-01,5.83405e-01
