#,Wave/freq,Total,O2,CO2,H2O,Rayleigh,CIA
4.000000000e-01,6.50039e-04,9.99999e-01,9.99999e-01,9.99985e-01,6.50049e-04,9.99999e-01
4.020000000e-01,7.51551e-04,9.99999e-01,9.99999e-01,9.99990e-01,7.51558e-04,9.99999e-01
4.040100000e-01,8.66300e-04,9.99999e-01,9.99999e-01,9.99995e-01,8.66303e-04,9.99999e-01
4.060300500e-01,9.95768e-04,9.99999e-01,9.99999e-01,9.99998e-01,9.95769e-04,9.99999e-01
4.080602003e-01,1.14144e-03,9.99999e-01,9.99999e-01,9.99999e-01,1.14144e-03,9.99999e-01
4.101005013e-01,1.30489e-03,9.99999e-01,9.99999e-01,9.99999e-01,1.30489e-03,9.99999e-01
4.121510038e-01,1.48782e-03,9.99999e-01,9.99999e-01,9.99998e-01,1.48782e-03,9.99999e-01
4.142117588e-01,1.69199e-03,9.99999e-01,9.99999e-01,9.99995e-01,1.69199e-03,9.99999e-01
4.162828176e-01,1.91927e-03,9.99999e-01,9.99999e-01,9.99981e-01,1.91931e-03,9.99999e-01
4.183642317e-01,2.17172e-03,9.99999e-01,9.99999e-01,9.99988e-01,2.17175e-03,9.99999e-01
4.204560528e-01,2.45138e-03,9.99999e-01,9.99999e-01,9.99993e-01,2.45140e-03,9.99999e-01
4.225583331e-01,2.76044e-03,9.99999e-01,9.99999e-01,9.99997e-01,2.76045e-03,9.99999e-01
4.246711247e-01,3.10117e-03,9.99999e-01,9.99999e-01,9.99997e-01,3.10118e-03,9.99999e-01
4.267944804e-01,3.47595e-03,9.99999e-01,9.99999e-01,9.99996e-01,3.47596e-03,9.99999e-01
4.289284528e-01,3.88726e-03,9.99999e-01,9.99999e-01,9.99997e-01,3.88727e-03,9.99999e-01
4.310730950e-01,4.33765e-03,9.99999e-01,9.99999e-01,9.99998e-01,4.33766e-03,9.99999e-01
4.332284605e-01,4.82976e-03,9.99999e-01,9.99999e-01,9.99999e-01,4.82976e-03,9.99999e-01
4.353946028e-01,5.36628e-03,9.99999e-01,9.99999e-01,9.99999e-01,5.36628e-03,9.99999e-01
4.375715758e-01,5.95001e-03,9.99999e-01,9.99999e-01,9.99997e-01,5.95002e-03,9.99999e-01
4.397594337e-01,6.58370e-03,9.99999e-01,9.99999e-01,9.99983e-01,6.58380e-03,9.99999e-01
4.419582309e-01,7.26997e-03,9.99999e-01,9.99999e-01,9.99919e-01,7.27055e-03,9.99999e-01
4.441680220e-01,8.01272e-03,9.99999e-01,9.99999e-01,9.99937e-01,8.01321e-03,9.99999e-01
4.463888621e-01,8.81422e-03,9.99999e-01,9.99999e-01,9.99935e-01,8.81478e-03,9.99999e-01
4.486208064e-01,9.67791e-03,9.99999e-01,9.99999e-01,9.99959e-01,9.67830e-03,9.99999e-01
4.508639105e-01,1.06066e-02,9.99999e-01,9.99999e-01,9.99980e-01,1.06068e-02,9.99999e-01
4.531182300e-01,1.16033e-02,9.99999e-01,9.99999e-01,9.99992e-01,1.16034e-02,9.99999e-01
4.553838212e-01,1.26710e-02,9.99999e-01,9.99999e-01,9.99994e-01,1.26711e-02,9.99999e-01
4.576607403e-01,1.38129e-02,9.99999e-01,9.99999e-01,9.99997e-01,1.38130e-02,9.99999e-01
4.599490440e-01,1.50321e-02,9.99999e-01,9.99999e-01,9.99997e-01,1.50322e-02,9.99999e-01
4.622487892e-01,1.63316e-02,9.99999e-01,9.99999e-01,9.99999e-01,1.63316e-02,9.99999e-01
4.645600332e-01,1.77144e-02,9.99999e-01,9.99999e-01,9.99998e-01,1.77144e-02,9.99999e-01
4.668828333e-01,1.91831e-02,9.99999e-01,9.99999e-01,9.99980e-01,1.91834e-02,9.99999e-01
4.692172475e-01,2.07408e-02,9.99999e-01,9.99999e-01,9.99959e-01,2.07416e-02,9.99999e-01
4.715633337e-01,2.23912e-02,9.99999e-01,9.99999e-01,9.99973e-01,2.23918e-02,9.99999e-01
4.739211504e-01,2.41362e-02,9.99999e-01,9.99999e-01,9.99974e-01,2.41368e-02,9.99999e-01
4.762907561e-01,2.59788e-02,9.99999e-01,9.99999e-01,9.99986e-01,2.59792e-02,9.99999e-01
4.786722099e-01,2.79215e-02,9.99999e-01,9.99999e-01,9.99994e-01,2.79216e-02,9.99999e-01
4.810655710e-01,2.99665e-02,9.99999e-01,9.99999e-01,9.99997e-01,2.99666e-02,9.99999e-01
4.834708988e-01,3.21159e-02,9.99999e-01,9.99999e-01,9.99983e-01,3.21164e-02,9.99999e-01
4.858882533e-01,3.43725e-02,9.99999e-01,9.99999e-01,9.99970e-01,3.43734e-02,9.99999e-01
4.883176946e-01,3.67389e-02,9.99999e-01,9.99999e-01,9.99975e-01,3.67398e-02,9.99999e-01
4.907592831e-01,3.92165e-02,9.99999e-01,9.99999e-01,9.99977e-01,3.92174e-02,9.99999e-01
4.932130795e-01,4.18075e-02,9.99999e-01,9.99999e-01,9.99984e-01,4.18081e-02,9.99999e-01
4.956791449e-01,4.45134e-02,9.99999e-01,9.99999e-01,9.99991e-01,4.45137e-02,9.99999e-01
4.981575406e-01,4.73339e-02,9.99999e-01,9.99999e-01,9.99958e-01,4.73358e-02,9.99999e-01
5.006483283e-01,5.02704e-02,9.99999e-01,9.99999e-01,9.99894e-01,5.02757e-02,9.99999e-01
5.031515699e-01,5.33061e-02,9.99999e-01,9.99999e-01,9.99465e-01,5.33346e-02,9.99999e-01
5.056673278e-01,5.64978e-02,9.99999e-01,9.99999e-01,9.99717e-01,5.65137e-02,9.99999e-01
5.081956644e-01,5.97926e-02,9.99999e-01,9.99999e-01,9.99644e-01,5.98139e-02,9.99999e-01
5.107366428e-01,6.32207e-02,9.99999e-01,9.99999e-01,9.99759e-01,6.32358e-02,9.99999e-01
5.132903260e-01,6.67710e-02,9.99999e-01,9.99999e-01,9.99862e-01,6.67801e-02,9.99999e-01
5.158567776e-01,7.04431e-02,9.99999e-01,9.99999e-01,9.99941e-01,7.04471e-02,9.99999e-01
5.184360615e-01,7.42354e-02,9.99999e-01,9.99999e-01,9.99976e-01,7.42371e-02,9.99999e-01
5.210282418e-01,7.81493e-02,9.99999e-01,9.99999e-01,9.99990e-01,7.81500e-02,9.99999e-01
5.236333830e-01,8.21829e-02,9.99999e-01,9.99999e-01,9.99964e-01,8.21857e-02,9.99999e-01
5.262515499e-01,8.63420e-02,9.99999e-01,9.99999e-01,9.99977e-01,8.63439e-02,9.99999e-01
5.288828077e-01,9.06223e-02,9.99999e-01,9.99999e-01,9.99979e-01,9.06241e-02,9.99999e-01
5.315272217e-01,9.50240e-02,9.99999e-01,9.99999e-01,9.99981e-01,9.50256e-02,9.99999e-01
5.341848578e-01,9.95465e-02,9.99999e-01,9.99999e-01,9.99988e-01,9.95476e-02,9.99999e-01
5.368557821e-01,1.04185e-01,9.99999e-01,9.99999e-01,9.99958e-01,1.04189e-01,9.99999e-01
5.395400610e-01,1.08933e-01,9.99999e-01,9.99999e-01,9.99853e-01,1.08949e-01,9.99999e-01
5.422377613e-01,1.13804e-01,9.99999e-01,9.99999e-01,9.99810e-01,1.13826e-01,9.99999e-01
5.449489501e-01,1.18797e-01,9.99999e-01,9.99999e-01,9.99823e-01,1.18818e-01,9.99999e-01
5.476736949e-01,1.23905e-01,9.99999e-01,9.99999e-01,9.99843e-01,1.23924e-01,9.99999e-01
5.504120634e-01,1.29127e-01,9.99999e-01,9.99999e-01,9.99886e-01,1.29142e-01,9.99999e-01
5.531641237e-01,1.34463e-01,9.99999e-01,9.99999e-01,9.99942e-01,1.34470e-01,9.99999e-01
5.559299443e-01,1.39903e-01,9.99999e-01,9.99999e-01,9.99972e-01,1.39906e-01,9.99999e-01
5.587095940e-01,1.45446e-01,9.99999e-01,9.99999e-01,9.99982e-01,1.45449e-01,9.99999e-01
5.615031420e-01,1.51091e-01,9.99999e-01,9.99999e-01,9.99980e-01,1.51094e-01,9.99999e-01
5.643106577e-01,1.56838e-01,9.99999e-01,9.99999e-01,9.99977e-01,1.56841e-01,9.99999e-01
5.671322110e-01,1.62643e-01,9.99999e-01,9.99999e-01,9.99734e-01,1.62687e-01,9.99999e-01
5.699678720e-01,1.68581e-01,9.99999e-01,9.99999e-01,9.99719e-01,1.68628e-01,9.99999e-01
5.728177114e-01,1.74611e-01,9.99999e-01,9.99999e-01,9.99706e-01,1.74662e-01,9.99999e-01
5.756818000e-01,1.80739e-01,9.99999e-01,9.99999e-01,9.99731e-01,1.80787e-01,9.99999e-01
5.785602090e-01,1.86956e-01,9.99999e-01,9.99999e-01,9.99765e-01,1.87000e-01,9.99999e-01
5.814530100e-01,1.93251e-01,9.99999e-01,9.99999e-01,9.99764e-01,1.93296e-01,9.99999e-01
5.843602750e-01,1.99618e-01,9.99999e-01,9.99999e-01,9.99719e-01,1.99674e-01,9.99999e-01
5.872820764e-01,2.05632e-01,9.99999e-01,9.99999e-01,9.97581e-01,2.06131e-01,9.99999e-01
5.902184868e-01,2.12040e-01,9.99999e-01,9.99999e-01,9.97075e-01,2.12662e-01,9.99999e-01
5.931695792e-01,2.18812e-01,9.99999e-01,9.99999e-01,9.97931e-01,2.19265e-01,9.99999e-01
5.961354271e-01,2.25425e-01,9.99999e-01,9.99999e-01,9.97734e-01,2.25937e-01,9.99999e-01
5.991161043e-01,2.32290e-01,9.99999e-01,9.99999e-01,9.98347e-01,2.32674e-01,9.99999e-01
6.021116848e-01,2.39248e-01,9.99999e-01,9.99999e-01,9.99062e-01,2.39473e-01,9.99999e-01
6.051222432e-01,2.46213e-01,9.99999e-01,9.99999e-01,9.99525e-01,2.46330e-01,9.99999e-01
6.081478544e-01,2.53191e-01,9.99999e-01,9.99999e-01,9.99794e-01,2.53242e-01,9.99999e-01
6.111885937e-01,2.60184e-01,9.99999e-01,9.99999e-01,9.99913e-01,2.60206e-01,9.99999e-01
6.142445367e-01,2.67208e-01,9.99999e-01,9.99999e-01,9.99960e-01,2.67219e-01,9.99999e-01
6.173157594e-01,2.74270e-01,9.99999e-01,9.99999e-01,9.99978e-01,2.74276e-01,9.99999e-01
6.204023382e-01,2.81369e-01,9.99999e-01,9.99999e-01,9.99981e-01,2.81375e-01,9.99999e-01
6.235043498e-01,2.88488e-01,9.99999e-01,9.99999e-01,9.99919e-01,2.88511e-01,9.99999e-01
6.266218716e-01,2.95558e-01,9.99999e-01,9.99999e-01,9.99578e-01,2.95683e-01,9.99999e-01
6.297549810e-01,3.02839e-01,9.99999e-01,9.99999e-01,9.99845e-01,3.02885e-01,9.99999e-01
6.329037559e-01,3.10022e-01,9.99999e-01,9.99999e-01,9.99694e-01,3.10116e-01,9.99999e-01
6.360682746e-01,3.17289e-01,9.99999e-01,9.99999e-01,9.99739e-01,3.17372e-01,9.99999e-01
6.392486160e-01,3.24539e-01,9.99999e-01,9.99999e-01,9.99662e-01,3.24648e-01,9.99999e-01
6.424448591e-01,3.31794e-01,9.99999e-01,9.99999e-01,9.99548e-01,3.31943e-01,9.99999e-01
6.456570834e-01,3.38543e-01,9.99999e-01,9.99999e-01,9.97904e-01,3.39253e-01,9.99999e-01
6.488853688e-01,3.46045e-01,9.99999e-01,9.99999e-01,9.98468e-01,3.46575e-01,9.99999e-01
6.521297956e-01,3.53353e-01,9.99999e-01,9.99999e-01,9.98438e-01,3.53906e-01,9.99999e-01
6.553904446e-01,3.60681e-01,9.99999e-01,9.99999e-01,9.98445e-01,3.61242e-01,9.99999e-01
6.586673968e-01,3.68091e-01,9.99999e-01,9.99999e-01,9.98668e-01,3.68581e-01,9.99999e-01
6.619607338e-01,3.75641e-01,9.99999e-01,9.99999e-01,9.99258e-01,3.75920e-01,9.99999e-01
6.652705375e-01,3.83085e-01,9.99999e-01,9.99999e-01,9.99554e-01,3.83255e-01,9.99999e-01
6.685968902e-01,3.90504e-01,9.99999e-01,9.99999e-01,9.99792e-01,3.90584e-01,9.99999e-01
6.719398746e-01,3.97867e-01,9.99999e-01,9.99999e-01,9.99903e-01,3.97905e-01,9.99999e-01
6.752995740e-01,4.05193e-01,9.99999e-01,9.99999e-01,9.99947e-01,4.05214e-01,9.99999e-01
6.786760719e-01,4.12479e-01,9.99999e-01,9.99999e-01,9.99924e-01,4.12510e-01,9.99999e-01
6.820694522e-01,4.19734e-01,9.99999e-01,9.99999e-01,9.99871e-01,4.19788e-01,9.99999e-01
6.854797995e-01,4.26977e-01,9.99999e-01,9.99999e-01,9.99833e-01,4.27048e-01,9.99999e-01
6.889071985e-01,4.34111e-01,9.99999e-01,9.99999e-01,9.99597e-01,4.34286e-01,9.99999e-01
6.923517345e-01,4.38609e-01,9.99999e-01,9.99999e-01,9.93451e-01,4.41499e-01,9.99999e-01
6.958134932e-01,4.47163e-01,9.99999e-01,9.99999e-01,9.96602e-01,4.48687e-01,9.99999e-01
6.992925606e-01,4.54371e-01,9.99999e-01,9.99999e-01,9.96762e-01,4.55847e-01,9.99999e-01
7.027890234e-01,4.61127e-01,9.99999e-01,9.99999e-01,9.96008e-01,4.62975e-01,9.99999e-01
7.063029686e-01,4.68494e-01,9.99999e-01,9.99999e-01,9.96643e-01,4.70071e-01,9.99999e-01
7.098344834e-01,4.75597e-01,9.99999e-01,9.99999e-01,9.96779e-01,4.77133e-01,9.99999e-01
7.133836558e-01,4.82076e-01,9.99999e-01,9.99999e-01,9.95698e-01,4.84158e-01,9.99999e-01
7.169505741e-01,4.74359e-01,9.99999e-01,9.99999e-01,9.65822e-01,4.91145e-01,9.99999e-01
7.205353270e-01,4.89722e-01,9.99999e-01,9.99999e-01,9.83197e-01,4.98091e-01,9.99999e-01
7.241380036e-01,4.94219e-01,9.99999e-01,9.99999e-01,9.78659e-01,5.04996e-01,9.99999e-01
7.277586936e-01,5.01991e-01,9.99999e-01,9.99999e-01,9.80725e-01,5.11857e-01,9.99999e-01
7.313974871e-01,5.08067e-01,9.99999e-01,9.99999e-01,9.79551e-01,5.18673e-01,9.99999e-01
7.350544745e-01,5.19550e-01,9.99999e-01,9.99999e-01,9.88785e-01,5.25442e-01,9.99999e-01
7.387297469e-01,5.27769e-01,9.99999e-01,9.99999e-01,9.91741e-01,5.32164e-01,9.99999e-01
7.424233956e-01,5.36656e-01,9.99999e-01,9.99999e-01,9.95954e-01,5.38836e-01,9.99999e-01
7.461355126e-01,5.44120e-01,9.99999e-01,9.99999e-01,9.97546e-01,5.45458e-01,9.99999e-01
7.498661902e-01,5.51397e-01,9.99999e-01,9.99999e-01,9.98857e-01,5.52027e-01,9.99999e-01
7.536155211e-01,5.58231e-01,9.99999e-01,9.99999e-01,9.99439e-01,5.58544e-01,9.99999e-01
7.573835987e-01,5.64844e-01,9.99999e-01,9.99999e-01,9.99711e-01,5.65007e-01,9.99999e-01
7.611705167e-01,5.71312e-01,9.99999e-01,9.99999e-01,9.99820e-01,5.71415e-01,9.99999e-01
7.649763693e-01,5.77701e-01,9.99999e-01,9.99999e-01,9.99887e-01,5.77766e-01,9.99999e-01
7.688012511e-01,5.84015e-01,9.99999e-01,9.99999e-01,9.99921e-01,5.84061e-01,9.99999e-01
7.726452574e-01,5.90260e-01,9.99999e-01,9.99999e-01,9.99935e-01,5.90298e-01,9.99999e-01
7.765084837e-01,5.96421e-01,9.99999e-01,9.99999e-01,9.99907e-01,5.96476e-01,9.99999e-01
7.803910261e-01,5.87414e-01,9.99999e-01,9.75184e-01,9.99603e-01,6.02595e-01,9.99999e-01
7.842929812e-01,5.45655e-01,9.99999e-01,8.97691e-01,9.98617e-01,6.08654e-01,9.99999e-01
7.882144461e-01,5.45842e-01,9.99999e-01,8.90507e-01,9.97156e-01,6.14653e-01,9.99999e-01
7.921555184e-01,5.79460e-01,9.99999e-01,9.35156e-01,9.98441e-01,6.20590e-01,9.99999e-01
7.961162960e-01,5.97415e-01,9.99999e-01,9.56248e-01,9.97240e-01,6.26466e-01,9.99999e-01
8.000968774e-01,6.15172e-01,9.99999e-01,9.76041e-01,9.96816e-01,6.32280e-01,9.99999e-01
8.040973618e-01,6.28073e-01,9.99999e-01,9.87532e-01,9.96815e-01,6.38031e-01,9.99999e-01
8.081178486e-01,6.35430e-01,9.99999e-01,9.94254e-01,9.92819e-01,6.43719e-01,9.99999e-01
8.121584379e-01,6.28983e-01,9.99999e-01,9.98225e-01,9.70351e-01,6.49345e-01,9.99999e-01
8.162192301e-01,6.31696e-01,9.99999e-01,9.99607e-01,9.64932e-01,6.54907e-01,9.99999e-01
8.203003262e-01,6.48690e-01,9.99999e-01,9.99993e-01,9.82266e-01,6.60405e-01,9.99998e-01
8.244018279e-01,6.49428e-01,9.99999e-01,9.99999e-01,9.75352e-01,6.65839e-01,9.99998e-01
8.285238370e-01,6.57070e-01,9.99999e-01,9.99999e-01,9.78933e-01,6.71210e-01,9.99999e-01
8.326664562e-01,6.62114e-01,9.99999e-01,9.99999e-01,9.78711e-01,6.76516e-01,9.99999e-01
8.368297885e-01,6.71378e-01,9.99999e-01,9.99999e-01,9.84773e-01,6.81759e-01,9.99999e-01
8.410139374e-01,6.80708e-01,9.99999e-01,9.99999e-01,9.90931e-01,6.86937e-01,9.99999e-01
8.452190071e-01,6.88970e-01,9.99999e-01,9.99999e-01,9.95546e-01,6.92051e-01,9.99999e-01
8.494451021e-01,6.95299e-01,9.99999e-01,9.99999e-01,9.97413e-01,6.97101e-01,9.99999e-01
8.536923276e-01,7.01014e-01,9.99999e-01,9.99999e-01,9.98470e-01,7.02087e-01,9.99999e-01
8.579607893e-01,7.06344e-01,9.99999e-01,9.99999e-01,9.99057e-01,7.07010e-01,9.99999e-01
8.622505932e-01,7.11442e-01,9.99999e-01,9.99999e-01,9.99401e-01,7.11868e-01,9.99999e-01
8.665618462e-01,6.73234e-01,9.99999e-01,9.39737e-01,9.99629e-01,7.16663e-01,9.99999e-01
8.708946554e-01,5.46824e-01,9.99999e-01,7.58322e-01,9.99575e-01,7.21395e-01,9.99999e-01
8.752491287e-01,5.81665e-01,9.99999e-01,8.01565e-01,9.99432e-01,7.26063e-01,9.99999e-01
8.796253743e-01,6.47049e-01,9.99999e-01,8.86239e-01,9.99213e-01,7.30669e-01,9.99999e-01
8.840235012e-01,6.90093e-01,9.99999e-01,9.39465e-01,9.99101e-01,7.35211e-01,9.99999e-01
8.884436187e-01,7.19390e-01,9.99999e-01,9.75736e-01,9.96714e-01,7.39692e-01,9.99999e-01
8.928858368e-01,7.11647e-01,9.99999e-01,9.90102e-01,9.65874e-01,7.44111e-01,9.99999e-01
8.973502660e-01,7.02217e-01,9.99999e-01,9.97591e-01,9.40439e-01,7.48468e-01,9.99998e-01
9.018370173e-01,7.29369e-01,9.99999e-01,9.99734e-01,9.69174e-01,7.52763e-01,9.99998e-01
9.063462024e-01,7.31451e-01,9.99999e-01,9.93139e-01,9.72779e-01,7.56998e-01,9.99998e-01
9.108779334e-01,7.17861e-01,9.99999e-01,9.84418e-01,9.57895e-01,7.61172e-01,9.99998e-01
9.154323231e-01,7.26185e-01,9.99999e-01,9.96329e-01,9.52350e-01,7.65286e-01,9.99998e-01
9.200094847e-01,7.01995e-01,9.99999e-01,9.46650e-01,9.62479e-01,7.69340e-01,9.99997e-01
9.246095321e-01,6.74773e-01,9.99999e-01,9.25927e-01,9.41384e-01,7.73336e-01,9.99996e-01
9.292325798e-01,4.90242e-01,9.99999e-01,9.41199e-01,6.66857e-01,7.77272e-01,9.99993e-01
9.338787427e-01,4.38940e-01,9.99999e-01,9.43309e-01,5.92863e-01,7.81150e-01,9.99992e-01
9.385481364e-01,6.10456e-01,9.99999e-01,9.58073e-01,8.10228e-01,7.84970e-01,9.99991e-01
9.432408771e-01,5.72670e-01,9.99999e-01,9.74156e-01,7.44521e-01,7.88733e-01,9.99991e-01
9.479570815e-01,5.19830e-01,9.99999e-01,9.86655e-01,6.64489e-01,7.92439e-01,9.99992e-01
9.526968669e-01,5.83785e-01,9.99999e-01,9.93546e-01,7.37758e-01,7.96089e-01,9.99993e-01
9.574603512e-01,6.04326e-01,9.99999e-01,9.97236e-01,7.57701e-01,7.99683e-01,9.99995e-01
9.622476530e-01,6.40730e-01,9.99999e-01,9.99137e-01,7.98360e-01,8.03222e-01,9.99996e-01
9.670588912e-01,7.08420e-01,9.99999e-01,9.99741e-01,8.78384e-01,8.06706e-01,9.99997e-01
9.718941857e-01,7.47205e-01,9.99999e-01,9.99981e-01,9.22336e-01,8.10136e-01,9.99998e-01
9.767536566e-01,7.60721e-01,9.99999e-01,9.99999e-01,9.35107e-01,8.13512e-01,9.99998e-01
9.816374249e-01,7.77259e-01,9.99999e-01,9.99999e-01,9.51549e-01,8.16835e-01,9.99999e-01
9.865456120e-01,7.95066e-01,9.99999e-01,9.99999e-01,9.69466e-01,8.20106e-01,9.99999e-01
9.914783401e-01,8.07701e-01,9.99999e-01,9.99999e-01,9.81023e-01,8.23325e-01,9.99999e-01
9.964357318e-01,8.17917e-01,9.99999e-01,9.99999e-01,9.89623e-01,8.26493e-01,9.99999e-01
1.001417910e+00,8.24442e-01,9.99999e-01,9.99999e-01,9.93770e-01,8.29610e-01,9.99999e-01
1.006425000e+00,8.29716e-01,9.99999e-01,9.99999e-01,9.96443e-01,8.32676e-01,9.99999e-01
1.011457125e+00,8.33849e-01,9.99999e-01,9.99999e-01,9.97792e-01,8.35693e-01,9.99999e-01
1.016514411e+00,8.37404e-01,9.99999e-01,9.99999e-01,9.98500e-01,8.38662e-01,9.99999e-01
1.021596983e+00,8.40545e-01,9.99999e-01,9.99962e-01,9.98804e-01,8.41581e-01,9.99999e-01
1.026704968e+00,8.41410e-01,9.99999e-01,9.97324e-01,9.99067e-01,8.44453e-01,9.99999e-01
1.031838492e+00,8.16659e-01,9.99999e-01,9.64497e-01,9.99322e-01,8.47278e-01,9.99999e-01
1.036997685e+00,1.76712e-01,9.99999e-01,2.07951e-01,9.99597e-01,8.50056e-01,9.99999e-01
1.042182673e+00,1.82646e-01,9.99999e-01,2.14269e-01,9.99519e-01,8.52788e-01,9.99999e-01
1.047393587e+00,1.87503e-01,9.99999e-01,2.19305e-01,9.99363e-01,8.55475e-01,9.99999e-01
1.052630555e+00,1.31296e-02,9.99999e-01,1.53107e-02,9.99126e-01,8.58117e-01,9.99999e-01
1.057893707e+00,2.87014e-02,9.99999e-01,3.33814e-02,9.98541e-01,8.60714e-01,9.99999e-01
1.063183176e+00,7.17071e-02,9.99999e-01,8.32169e-02,9.97600e-01,8.63268e-01,9.99999e-01
1.068499092e+00,1.58537e-01,9.99999e-01,1.83761e-01,9.95985e-01,8.65779e-01,9.99999e-01
1.073841587e+00,2.97057e-01,9.99999e-01,3.43558e-01,9.95300e-01,8.68247e-01,9.99999e-01
1.079210795e+00,4.40594e-01,9.99999e-01,5.08900e-01,9.93984e-01,8.70673e-01,9.99999e-01
1.084606849e+00,5.97774e-01,9.99999e-01,6.90764e-01,9.90902e-01,8.73058e-01,9.99999e-01
1.090029883e+00,7.13366e-01,9.99999e-01,8.25473e-01,9.86937e-01,8.75402e-01,9.99999e-01
1.095480033e+00,7.70732e-01,9.99999e-01,9.09898e-01,9.64809e-01,8.77706e-01,9.99998e-01
1.100957433e+00,7.67855e-01,9.99999e-01,9.55562e-01,9.12863e-01,8.79971e-01,9.99997e-01
1.106462220e+00,6.86487e-01,9.99999e-01,9.81389e-01,7.92526e-01,8.82196e-01,9.99996e-01
1.111994531e+00,5.38527e-01,9.99999e-01,9.93063e-01,6.12961e-01,8.84383e-01,9.99992e-01
1.117554504e+00,4.00486e-01,9.99999e-01,9.98303e-01,4.52408e-01,8.86532e-01,9.99989e-01
1.123142276e+00,4.94465e-01,9.99999e-01,9.99888e-01,5.56469e-01,8.88643e-01,9.99988e-01
1.128757988e+00,6.12820e-01,9.99999e-01,9.99999e-01,6.88014e-01,8.90718e-01,9.99987e-01
1.134401778e+00,3.84934e-01,9.99999e-01,9.99999e-01,4.31180e-01,8.92756e-01,9.99985e-01
1.140073787e+00,7.16484e-01,9.99999e-01,9.99999e-01,8.00764e-01,8.94759e-01,9.99988e-01
1.145774156e+00,5.63350e-01,9.99999e-01,9.99999e-01,6.28235e-01,8.96726e-01,9.99990e-01
1.151503026e+00,5.34765e-01,9.99999e-01,9.99999e-01,5.95074e-01,8.98659e-01,9.99991e-01
1.157260541e+00,5.85598e-01,9.99999e-01,9.99999e-01,6.50264e-01,9.00558e-01,9.99993e-01
1.163046844e+00,6.56824e-01,9.99999e-01,9.99999e-01,7.27847e-01,9.02423e-01,9.99995e-01
1.168862078e+00,7.25570e-01,9.99999e-01,9.99999e-01,8.02396e-01,9.04255e-01,9.99997e-01
1.174706389e+00,7.90968e-01,9.99999e-01,9.99999e-01,8.72980e-01,9.06054e-01,9.99998e-01
1.180579921e+00,8.35790e-01,9.99999e-01,9.99999e-01,9.20654e-01,9.07822e-01,9.99998e-01
1.186482820e+00,8.68069e-01,9.99999e-01,9.99994e-01,9.54390e-01,9.09558e-01,9.99998e-01
1.192415234e+00,8.78360e-01,9.99999e-01,9.90426e-01,9.73135e-01,9.11262e-01,9.99999e-01
1.198377311e+00,5.11230e-01,9.99999e-01,5.70852e-01,9.77303e-01,9.12936e-01,9.99999e-01
1.204369197e+00,1.28165e-08,9.99999e-01,1.41903e-08,9.78505e-01,9.14580e-01,9.99999e-01
1.210391043e+00,1.35517e-29,9.99999e-01,1.49627e-29,9.79441e-01,9.16195e-01,9.99999e-01
1.216442998e+00,7.64194e-26,9.99999e-01,8.41798e-26,9.82490e-01,9.17780e-01,9.99999e-01
1.222525213e+00,1.77729e-25,9.99999e-01,1.94698e-25,9.86345e-01,9.19337e-01,9.99999e-01
1.228637839e+00,1.06986e-19,9.99999e-01,1.16961e-19,9.90499e-01,9.20865e-01,9.99999e-01
1.234781029e+00,3.97353e-13,9.99999e-01,4.32120e-13,9.92938e-01,9.22366e-01,9.99999e-01
1.240954934e+00,6.72520e-09,9.99999e-01,7.30109e-09,9.95529e-01,9.23840e-01,9.99999e-01
1.247159708e+00,3.14963e-05,9.99999e-01,3.41159e-05,9.96518e-01,9.25286e-01,9.99999e-01
1.253395507e+00,2.58533e-03,9.99999e-01,2.79653e-03,9.96907e-01,9.26707e-01,9.99999e-01
1.259662485e+00,3.22184e-02,9.99999e-01,3.47999e-02,9.97061e-01,9.28101e-01,9.99999e-01
1.265960797e+00,1.32031e-01,9.99999e-01,1.42617e-01,9.95308e-01,9.29470e-01,9.99999e-01
1.272290601e+00,4.11287e-01,9.99999e-01,4.44926e-01,9.92634e-01,9.30814e-01,9.99999e-01
1.278652054e+00,3.54032e-01,9.99999e-01,3.84484e-01,9.85398e-01,9.32133e-01,9.99999e-01
1.285045314e+00,1.21317e-02,9.99999e-01,1.31559e-02,9.73644e-01,9.33428e-01,9.99999e-01
1.291470541e+00,3.46364e-04,9.99999e-01,3.82633e-04,9.54512e-01,9.34699e-01,9.99998e-01
1.297927893e+00,1.44578e-02,9.99999e-01,1.59665e-02,9.41044e-01,9.35946e-01,9.99997e-01
1.304417533e+00,2.00491e-01,9.99999e-01,2.29936e-01,9.24803e-01,9.37171e-01,9.99996e-01
1.310939621e+00,5.23722e-02,9.99999e-01,5.89592e-02,9.14249e-01,9.38373e-01,9.99994e-01
1.317494319e+00,1.13799e-10,9.99999e-01,1.28477e-10,9.07486e-01,9.39552e-01,9.99991e-01
1.324081790e+00,1.27852e-07,9.99999e-01,1.46094e-07,8.64490e-01,9.40710e-01,9.99985e-01
1.330702199e+00,1.26134e-04,9.99999e-01,1.84930e-04,5.49155e-01,9.41847e-01,9.99976e-01
1.337355710e+00,6.00067e-05,9.99999e-01,1.67801e-04,2.21869e-01,9.42962e-01,9.99955e-01
1.344042489e+00,9.66782e-06,9.99999e-01,4.96459e-05,2.12475e-02,9.44056e-01,9.99905e-01
1.350762701e+00,1.54858e-07,9.99999e-01,1.27292e-04,4.35229e-04,9.45130e-01,9.99848e-01
1.357516515e+00,2.05886e-07,9.99999e-01,2.92738e-03,2.54298e-05,9.46185e-01,9.99812e-01
1.364304097e+00,3.63616e-05,9.99999e-01,2.44818e-02,9.43278e-04,9.47219e-01,9.99799e-01
1.371125618e+00,1.74064e-03,9.99999e-01,1.42581e-01,9.12142e-03,9.48234e-01,9.99797e-01
1.377981246e+00,4.25817e-03,9.99999e-01,2.06753e-01,1.84605e-02,9.49230e-01,9.99782e-01
1.384871152e+00,4.07663e-04,9.99999e-01,3.99596e-01,9.17107e-04,9.50208e-01,9.99788e-01
1.391795508e+00,6.11501e-04,9.99999e-01,4.28606e-01,1.29820e-03,9.51167e-01,9.99820e-01
1.398754485e+00,2.13879e-03,9.99999e-01,5.93502e-01,3.61524e-03,9.52108e-01,9.99846e-01
1.405748258e+00,2.27055e-03,9.99999e-01,6.80724e-01,3.28177e-03,9.53031e-01,9.99861e-01
1.412776999e+00,2.78463e-03,9.99999e-01,7.84554e-01,3.56553e-03,9.53937e-01,9.99888e-01
1.419840884e+00,4.16886e-03,9.99999e-01,7.13536e-01,5.20333e-03,9.54826e-01,9.99916e-01
1.426940089e+00,4.54402e-03,9.99999e-01,8.07086e-02,1.61469e-02,9.55698e-01,9.99948e-01
1.434074789e+00,0.00000e+00,9.99999e-01,0.00000e+00,4.28099e-02,9.56554e-01,9.99967e-01
1.441245163e+00,0.00000e+00,9.99999e-01,0.00000e+00,9.14431e-02,9.57394e-01,9.99974e-01
1.448451389e+00,0.00000e+00,9.99999e-01,0.00000e+00,1.81428e-01,9.58217e-01,9.99978e-01
1.455693646e+00,3.13258e-233,9.99999e-01,5.79531e-233,3.26825e-01,9.59026e-01,9.99982e-01
1.462972114e+00,1.79338e-113,9.99999e-01,3.31503e-113,3.82945e-01,9.59818e-01,9.99984e-01
1.470286975e+00,3.50690e-48,9.99999e-01,6.77854e-48,3.25860e-01,9.60596e-01,9.99986e-01
1.477638409e+00,5.81547e-31,9.99999e-01,1.12366e-30,3.67685e-01,9.61359e-01,9.99988e-01
1.485026601e+00,6.28218e-18,9.99999e-01,1.13493e-17,4.44131e-01,9.62108e-01,9.99991e-01
1.492451734e+00,2.99653e-15,9.99999e-01,4.67219e-15,5.43569e-01,9.62842e-01,9.99993e-01
1.499913993e+00,1.65918e-07,9.99999e-01,2.18942e-07,6.65833e-01,9.63563e-01,9.99996e-01
1.507413563e+00,2.31045e-06,9.99999e-01,3.06461e-06,7.45926e-01,9.64269e-01,9.99997e-01
1.514950631e+00,1.07228e-07,9.99999e-01,1.25072e-07,8.32057e-01,9.64963e-01,9.99998e-01
1.522525384e+00,2.60778e-22,9.99999e-01,2.92436e-22,8.88069e-01,9.65643e-01,9.99998e-01
1.530138011e+00,5.44235e-51,9.99999e-01,5.90817e-51,9.16664e-01,9.66310e-01,9.99999e-01
1.537788701e+00,4.01446e-38,9.99999e-01,4.29113e-38,9.52161e-01,9.66964e-01,9.99999e-01
1.545477645e+00,2.66419e-09,9.99999e-01,2.81200e-09,9.69113e-01,9.67606e-01,9.99999e-01
1.553205033e+00,2.30690e-06,9.99999e-01,2.43018e-06,9.74769e-01,9.68235e-01,9.99999e-01
1.560971058e+00,6.18644e-07,9.99999e-01,6.45519e-07,9.84313e-01,9.68853e-01,9.99999e-01
1.568775913e+00,6.35900e-127,9.99999e-01,6.60608e-127,9.89624e-01,9.69459e-01,9.99999e-01
1.576619793e+00,2.43204e-296,9.99999e-01,2.51865e-296,9.91934e-01,9.70053e-01,9.99999e-01
1.584502892e+00,5.51239e-162,9.99999e-01,5.70071e-162,9.95090e-01,9.70635e-01,9.99999e-01
1.592425406e+00,3.36370e-113,9.99999e-01,3.47328e-113,9.95452e-01,9.71207e-01,9.99999e-01
1.600387533e+00,8.63397e-182,9.99999e-01,8.90579e-182,9.96861e-01,9.71768e-01,9.99999e-01
1.608389471e+00,6.03301e-305,9.99999e-01,6.22058e-305,9.96753e-01,9.72318e-01,9.99999e-01
1.616431418e+00,7.27513e-307,9.99999e-01,7.49719e-307,9.96678e-01,9.72857e-01,9.99999e-01
1.624513575e+00,1.52750e-143,9.99999e-01,1.57284e-143,9.96447e-01,9.73386e-01,9.99999e-01
1.632636143e+00,6.27129e-107,9.99999e-01,6.45645e-107,9.94434e-01,9.73904e-01,9.99999e-01
1.640799324e+00,1.66405e-44,9.99999e-01,1.71444e-44,9.92582e-01,9.74413e-01,9.99999e-01
1.649003321e+00,1.75910e-44,9.99999e-01,1.81603e-44,9.90539e-01,9.74912e-01,9.99999e-01
1.657248337e+00,1.11866e-34,9.99999e-01,1.15474e-34,9.87516e-01,9.75402e-01,9.99999e-01
1.665534579e+00,6.54556e-35,9.99999e-01,6.78437e-35,9.83027e-01,9.75882e-01,9.99999e-01
1.673862252e+00,9.79736e-23,9.99999e-01,1.01469e-22,9.76915e-01,9.76352e-01,9.99999e-01
1.682231563e+00,3.50366e-16,9.99999e-01,3.61908e-16,9.79810e-01,9.76814e-01,9.99999e-01
1.690642721e+00,1.14047e-09,9.99999e-01,1.18781e-09,9.64838e-01,9.77267e-01,9.99999e-01
1.699095934e+00,2.57524e-06,9.99999e-01,2.69473e-06,9.59463e-01,9.77711e-01,9.99998e-01
1.707591414e+00,1.00509e-03,9.99999e-01,1.05725e-03,9.56618e-01,9.78146e-01,9.99998e-01
1.716129371e+00,2.13807e-02,9.99999e-01,2.28129e-02,9.46437e-01,9.78573e-01,9.99998e-01
1.724710018e+00,1.18203e-01,9.99999e-01,1.29688e-01,9.20217e-01,9.78992e-01,9.99997e-01
1.733333568e+00,2.37250e-01,9.99999e-01,2.67788e-01,8.97241e-01,9.79402e-01,9.99996e-01
1.742000236e+00,3.75887e-01,9.99999e-01,4.46515e-01,8.48722e-01,9.79805e-01,9.99994e-01
1.750710237e+00,1.60561e-02,9.99999e-01,2.00198e-02,7.34315e-01,9.80200e-01,9.99991e-01
1.759463788e+00,8.33063e-22,9.99999e-01,1.14932e-21,5.59174e-01,9.80587e-01,9.99987e-01
1.768261107e+00,4.25881e-23,9.99999e-01,7.71558e-23,3.33898e-01,9.80967e-01,9.99980e-01
1.777102413e+00,2.64222e-22,9.99999e-01,9.64346e-22,1.61341e-01,9.81339e-01,9.99969e-01
1.785987925e+00,1.10096e-21,9.99999e-01,7.25475e-21,4.28249e-02,9.81705e-01,9.99950e-01
1.794917864e+00,5.40963e-21,9.99999e-01,8.74740e-20,1.28534e-02,9.82063e-01,9.99915e-01
1.803892454e+00,2.27296e-21,9.99999e-01,2.26086e-19,7.56580e-04,9.82414e-01,9.99871e-01
1.812911916e+00,2.65505e-21,9.99999e-01,1.86727e-18,2.04173e-04,9.82758e-01,9.99825e-01
1.821976476e+00,2.01406e-21,9.99999e-01,1.19535e-18,2.62462e-04,9.83096e-01,9.99794e-01
1.831086358e+00,2.53058e-18,9.99999e-01,2.86675e-15,6.36435e-05,9.83427e-01,9.99768e-01
1.840241790e+00,1.62623e-15,9.99999e-01,6.02712e-13,3.07883e-04,9.83752e-01,9.99744e-01
1.849442999e+00,1.43544e-11,9.99999e-01,4.08308e-09,9.26126e-04,9.84070e-01,9.99724e-01
1.858690214e+00,1.39843e-12,9.99999e-01,2.43856e-08,2.70282e-05,9.84382e-01,9.99681e-01
1.867983665e+00,3.13898e-13,9.99999e-01,3.75191e-09,5.15440e-06,9.84688e-01,9.99645e-01
1.877323583e+00,8.82619e-42,9.99999e-01,2.19634e-40,8.67470e-03,9.84988e-01,9.99662e-01
1.886710201e+00,9.21290e-54,9.99999e-01,1.17766e-52,1.30085e-02,9.85283e-01,9.99713e-01
1.896143752e+00,7.90972e-61,9.99999e-01,8.80907e-60,2.23564e-02,9.85571e-01,9.99741e-01
1.905624471e+00,1.72867e-71,9.99999e-01,2.87780e-69,1.45689e-03,9.85854e-01,9.99759e-01
1.915152593e+00,1.63636e-56,9.99999e-01,9.12104e-54,2.60505e-04,9.86132e-01,9.99775e-01
1.924728356e+00,2.59678e-67,9.99999e-01,2.37103e-64,8.80318e-05,9.86404e-01,9.99802e-01
1.934351998e+00,0.00000e+00,9.99999e-01,0.00000e+00,6.58790e-05,9.86670e-01,9.99836e-01
1.944023758e+00,0.00000e+00,9.99999e-01,0.00000e+00,1.36450e-03,9.86932e-01,9.99882e-01
1.953743877e+00,0.00000e+00,9.99999e-01,0.00000e+00,4.24506e-03,9.87188e-01,9.99922e-01
1.963512596e+00,0.00000e+00,9.99999e-01,0.00000e+00,2.85014e-02,9.87440e-01,9.99951e-01
1.973330159e+00,0.00000e+00,9.99999e-01,0.00000e+00,6.34164e-02,9.87686e-01,9.99970e-01
1.983196810e+00,0.00000e+00,9.99999e-01,0.00000e+00,2.52075e-01,9.87928e-01,9.99980e-01
1.993112794e+00,0.00000e+00,9.99999e-01,0.00000e+00,3.43706e-01,9.88165e-01,9.99987e-01
2.003078358e+00,0.00000e+00,9.99999e-01,0.00000e+00,5.27691e-01,9.88398e-01,9.99991e-01
2.013093750e+00,0.00000e+00,9.99999e-01,0.00000e+00,6.60816e-01,9.88625e-01,9.99994e-01
2.023159218e+00,0.00000e+00,9.99999e-01,0.00000e+00,7.88045e-01,9.88849e-01,9.99996e-01
2.033275015e+00,0.00000e+00,9.99999e-01,0.00000e+00,8.31908e-01,9.89068e-01,9.99997e-01
2.043441390e+00,0.00000e+00,9.99999e-01,0.00000e+00,8.92334e-01,9.89283e-01,9.99998e-01
2.053658597e+00,0.00000e+00,9.99999e-01,0.00000e+00,9.12206e-01,9.89493e-01,9.99998e-01
2.063926890e+00,0.00000e+00,9.99999e-01,0.00000e+00,9.40303e-01,9.89700e-01,9.99998e-01
2.074246524e+00,0.00000e+00,9.99999e-01,0.00000e+00,9.48125e-01,9.89902e-01,9.99999e-01
2.084617757e+00,0.00000e+00,9.99999e-01,0.00000e+00,9.65813e-01,9.90100e-01,9.99999e-01
2.095040845e+00,0.00000e+00,9.99999e-01,0.00000e+00,9.72964e-01,9.90295e-01,9.99999e-01
2.105516050e+00,0.00000e+00,9.99999e-01,0.00000e+00,9.76746e-01,9.90486e-01,9.99999e-01
2.116043630e+00,0.00000e+00,9.99999e-01,0.00000e+00,9.77758e-01,9.90673e-01,9.99999e-01
2.126623848e+00,0.00000e+00,9.99999e-01,0.00000e+00,9.86422e-01,9.90856e-01,9.99999e-01
2.137256967e+00,2.40961e-310,9.99999e-01,2.45114e-310,9.87093e-01,9.91036e-01,9.99999e-01
2.147943252e+00,1.38000e-145,9.99999e-01,1.40416e-145,9.87569e-01,9.91212e-01,9.99999e-01
2.158682968e+00,5.58364e-88,9.99999e-01,5.68344e-88,9.88637e-01,9.91385e-01,9.99999e-01
2.169476383e+00,2.03205e-43,9.99999e-01,2.06774e-43,9.87899e-01,9.91554e-01,9.99999e-01
2.180323765e+00,1.33153e-27,9.99999e-01,1.35503e-27,9.86167e-01,9.91721e-01,9.99999e-01
2.191225384e+00,1.03017e-14,9.99999e-01,1.04800e-14,9.83124e-01,9.91883e-01,9.99999e-01
2.202181511e+00,7.40358e-10,9.99999e-01,7.56009e-10,9.79044e-01,9.92043e-01,9.99999e-01
2.213192418e+00,8.57076e-06,9.99999e-01,8.74328e-06,9.78907e-01,9.92200e-01,9.99999e-01
2.224258381e+00,8.80582e-04,9.99999e-01,9.03581e-04,9.75016e-01,9.92353e-01,9.99999e-01
2.235379672e+00,1.04720e-02,9.99999e-01,1.07476e-02,9.78858e-01,9.92504e-01,9.99998e-01
2.246556571e+00,4.27031e-02,9.99999e-01,4.44432e-02,9.62579e-01,9.92651e-01,9.99998e-01
2.257789354e+00,1.45120e-01,9.99999e-01,1.50227e-01,9.71249e-01,9.92796e-01,9.99998e-01
2.269078300e+00,1.73154e-01,9.99999e-01,1.87168e-01,9.30083e-01,9.92937e-01,9.99998e-01
2.280423692e+00,1.84770e-01,9.99999e-01,1.97054e-01,9.42060e-01,9.93076e-01,9.99998e-01
2.291825810e+00,3.06127e-01,9.99999e-01,3.45824e-01,8.88791e-01,9.93213e-01,9.99997e-01
2.303284939e+00,3.87973e-01,9.99999e-01,4.33247e-01,8.99966e-01,9.93346e-01,9.99997e-01
2.314801364e+00,3.94339e-01,9.99999e-01,4.74444e-01,8.34447e-01,9.93477e-01,9.99996e-01
2.326375371e+00,5.02255e-01,9.99999e-01,6.08845e-01,8.27795e-01,9.93606e-01,9.99995e-01
2.338007248e+00,4.66738e-01,9.99999e-01,5.83235e-01,8.02591e-01,9.93732e-01,9.99993e-01
2.349697284e+00,4.32708e-01,9.99999e-01,6.25638e-01,6.90480e-01,9.93855e-01,9.99991e-01
2.361445770e+00,5.06846e-01,9.99999e-01,6.87459e-01,7.40123e-01,9.93976e-01,9.99988e-01
2.373252999e+00,4.74049e-01,9.99999e-01,7.11654e-01,6.65396e-01,9.94095e-01,9.99983e-01
2.385119264e+00,4.31031e-01,9.99999e-01,8.60942e-01,4.99457e-01,9.94211e-01,9.99977e-01
2.397044861e+00,6.02711e-01,9.99999e-01,9.40509e-01,6.43372e-01,9.94325e-01,9.99966e-01
2.409030085e+00,4.01647e-01,9.99999e-01,8.98882e-01,4.47473e-01,9.94437e-01,9.99951e-01
2.421075235e+00,3.85009e-01,9.99999e-01,8.26018e-01,4.53965e-01,9.94546e-01,9.99933e-01
2.433180612e+00,1.30294e-01,9.99999e-01,3.61252e-01,3.06740e-01,9.94654e-01,9.99910e-01
2.445346515e+00,1.03405e-01,9.99999e-01,6.16948e-01,1.49887e-01,9.94759e-01,9.99880e-01
2.457573247e+00,1.06581e-02,9.99999e-01,5.42655e-02,1.01830e-01,9.94862e-01,9.99838e-01
2.469861113e+00,5.95789e-08,9.99999e-01,6.50697e-07,1.20104e-02,9.94963e-01,9.99782e-01
2.482210419e+00,7.59665e-29,9.99999e-01,4.14706e-26,4.95840e-04,9.95063e-01,9.99693e-01
2.494621471e+00,7.49216e-44,9.99999e-01,7.55173e-40,6.56015e-06,9.95160e-01,9.99566e-01
2.507094578e+00,9.77969e-47,9.99999e-01,1.32568e-38,6.45132e-10,9.95255e-01,9.99366e-01
2.519630051e+00,1.45229e-63,9.99999e-01,3.50457e-51,1.28102e-14,9.95349e-01,9.99075e-01
2.532228202e+00,1.25312e-85,9.99999e-01,1.32750e-68,4.87998e-19,9.95440e-01,9.98762e-01
2.544889343e+00,1.07177e-90,9.99999e-01,2.35102e-67,2.35095e-25,9.95530e-01,9.98417e-01
2.557613789e+00,1.64367e-102,9.99999e-01,7.15096e-80,9.74144e-25,9.95618e-01,9.98137e-01
2.570401858e+00,3.19920e-198,9.99999e-01,3.68814e-160,2.87888e-40,9.95705e-01,9.97984e-01
2.583253867e+00,0.00000e+00,9.99999e-01,0.00000e+00,2.74927e-34,9.95789e-01,9.97796e-01
2.596170137e+00,0.00000e+00,9.99999e-01,0.00000e+00,2.91584e-29,9.95872e-01,9.97763e-01
2.609150988e+00,0.00000e+00,9.99999e-01,0.00000e+00,7.64739e-21,9.95954e-01,9.97611e-01
2.622196742e+00,0.00000e+00,9.99999e-01,0.00000e+00,1.27764e-17,9.96033e-01,9.97545e-01
2.635307726e+00,0.00000e+00,9.99999e-01,0.00000e+00,1.65750e-08,9.96112e-01,9.97434e-01
2.648484265e+00,0.00000e+00,9.99999e-01,0.00000e+00,4.03787e-10,9.96188e-01,9.97070e-01
2.661726686e+00,0.00000e+00,9.99999e-01,0.00000e+00,1.95915e-17,9.96263e-01,9.96737e-01
2.675035320e+00,0.00000e+00,9.99999e-01,0.00000e+00,1.18610e-59,9.96337e-01,9.96902e-01
2.688410496e+00,0.00000e+00,9.99999e-01,0.00000e+00,1.00407e-29,9.96409e-01,9.97078e-01
2.701852549e+00,0.00000e+00,9.99999e-01,0.00000e+00,6.18420e-26,9.96480e-01,9.97354e-01
2.715361811e+00,0.00000e+00,9.99999e-01,0.00000e+00,8.87192e-26,9.96549e-01,9.97539e-01
2.728938620e+00,0.00000e+00,9.99999e-01,0.00000e+00,1.71016e-18,9.96617e-01,9.97819e-01
2.742583314e+00,0.00000e+00,9.99999e-01,0.00000e+00,8.63500e-20,9.96684e-01,9.97900e-01
2.756296230e+00,0.00000e+00,9.99999e-01,0.00000e+00,8.26632e-21,9.96749e-01,9.97984e-01
2.770077711e+00,0.00000e+00,9.99999e-01,0.00000e+00,7.17340e-28,9.96814e-01,9.98267e-01
2.783928100e+00,0.00000e+00,9.99999e-01,0.00000e+00,6.03784e-28,9.96876e-01,9.98415e-01
2.797847740e+00,0.00000e+00,9.99999e-01,0.00000e+00,2.20444e-21,9.96938e-01,9.98639e-01
2.811836979e+00,0.00000e+00,9.99999e-01,0.00000e+00,1.16153e-22,9.96998e-01,9.98916e-01
2.825896164e+00,0.00000e+00,9.99999e-01,0.00000e+00,1.10863e-19,9.97057e-01,9.99163e-01
2.840025645e+00,0.00000e+00,9.99999e-01,0.00000e+00,1.95548e-15,9.97116e-01,9.99338e-01
2.854225773e+00,0.00000e+00,9.99999e-01,0.00000e+00,7.04166e-14,9.97172e-01,9.99476e-01
2.868496902e+00,0.00000e+00,9.99999e-01,0.00000e+00,4.82805e-13,9.97228e-01,9.99623e-01
2.882839386e+00,0.00000e+00,9.99999e-01,0.00000e+00,1.85764e-10,9.97283e-01,9.99723e-01
2.897253583e+00,0.00000e+00,9.99999e-01,0.00000e+00,6.14106e-09,9.97336e-01,9.99777e-01
2.911739851e+00,0.00000e+00,9.99999e-01,0.00000e+00,2.69930e-06,9.97389e-01,9.99822e-01
2.926298550e+00,0.00000e+00,9.99999e-01,0.00000e+00,4.44139e-05,9.97440e-01,9.99865e-01
2.940930043e+00,0.00000e+00,9.99999e-01,0.00000e+00,6.52596e-05,9.97491e-01,9.99892e-01
2.955634693e+00,0.00000e+00,9.99999e-01,0.00000e+00,1.60627e-04,9.97540e-01,9.99911e-01
2.970412867e+00,0.00000e+00,9.99999e-01,0.00000e+00,1.97474e-04,9.97589e-01,9.99930e-01
2.985264931e+00,6.85544e-244,9.99999e-01,8.45719e-242,2.64254e-03,9.97636e-01,9.99943e-01
3.000191256e+00,9.00051e-191,9.99999e-01,3.22068e-189,3.29258e-03,9.97683e-01,9.99951e-01
3.015192212e+00,3.14263e-203,9.99999e-01,1.00882e-201,1.25974e-02,9.97729e-01,9.99961e-01
3.030268173e+00,2.07947e-164,9.99999e-01,4.02297e-163,2.79275e-02,9.97773e-01,9.99966e-01
3.045419514e+00,3.19571e-101,9.99999e-01,8.48238e-100,8.74813e-03,9.97817e-01,9.99969e-01
3.060646612e+00,2.36484e-47,9.99999e-01,1.93978e-46,6.72110e-02,9.97860e-01,9.99972e-01
3.075949845e+00,3.78606e-38,9.99999e-01,7.25333e-37,7.33900e-02,9.97903e-01,4.11340e-01
3.091329594e+00,8.49764e-37,9.99999e-01,4.46965e-35,4.89081e-02,9.97944e-01,1.19869e-01
3.106786242e+00,3.48629e-38,9.99999e-01,5.97977e-35,1.16922e-01,9.97985e-01,3.15129e-03
3.122320173e+00,2.66471e-32,9.99999e-01,9.03259e-25,1.52766e-01,9.98024e-01,1.13131e-07
3.137931774e+00,1.01465e-27,9.99999e-01,8.77055e-24,1.69580e-01,9.98063e-01,5.07394e-04
3.153621433e+00,3.23682e-26,9.99999e-01,4.59444e-25,3.01886e-01,9.98101e-01,1.41528e-01
3.169389540e+00,6.15212e-37,9.99999e-01,3.38415e-33,3.38024e-01,9.98139e-01,3.58777e-04
3.185236488e+00,6.75117e-33,9.99999e-01,7.02921e-27,2.59187e-01,9.98176e-01,2.23414e-06
3.201162670e+00,3.47833e-32,9.99999e-01,1.81858e-21,6.58743e-02,9.98212e-01,1.20448e-10
3.217168483e+00,3.12421e-35,9.99999e-01,3.36889e-20,1.48974e-01,9.98247e-01,4.92628e-15
3.233254326e+00,8.98879e-40,9.99999e-01,1.01826e-17,2.66732e-01,9.98281e-01,2.15005e-22
3.249420598e+00,1.44843e-46,9.99999e-01,9.88511e-11,3.89571e-01,9.98315e-01,2.59352e-36
3.265667701e+00,1.16018e-66,9.99999e-01,6.85459e-09,2.69100e-01,9.98349e-01,4.81596e-58
3.281996039e+00,1.70957e-97,9.99999e-01,4.62303e-07,3.52566e-01,9.98381e-01,8.49911e-91
3.298406019e+00,2.24975e-136,9.99999e-01,7.86546e-06,1.59042e-01,9.98413e-01,1.32996e-130
3.314898049e+00,4.00086e-189,9.99999e-01,1.29935e-05,1.38263e-01,9.98444e-01,1.91429e-183
3.331472540e+00,2.47440e-155,9.99999e-01,1.88696e-05,2.37777e-01,9.98475e-01,4.72764e-150
3.348129902e+00,7.12718e-113,9.99999e-01,1.74002e-04,2.23871e-01,9.98505e-01,1.51607e-108
3.364870552e+00,6.60437e-78,9.99999e-01,3.15938e-04,2.98415e-01,9.98535e-01,6.52449e-74
3.381694905e+00,2.28932e-49,9.99999e-01,6.92204e-04,3.34729e-01,9.98564e-01,8.05139e-46
3.398603379e+00,2.59429e-30,9.99999e-01,5.01870e-03,4.60686e-01,9.98592e-01,1.04624e-27
3.415596396e+00,1.00751e-18,9.99999e-01,7.73115e-03,5.60412e-01,9.98620e-01,2.24516e-16
3.432674378e+00,6.17780e-13,9.99999e-01,2.51432e-03,5.87228e-01,9.98647e-01,3.89420e-10
3.449837750e+00,3.67949e-09,9.99999e-01,7.83047e-05,6.95808e-01,9.98674e-01,6.12775e-05
3.467086939e+00,3.02880e-08,9.99999e-01,2.03118e-07,7.78466e-01,9.98700e-01,1.81029e-01
3.484422373e+00,3.75593e-10,9.99999e-01,5.79095e-10,7.92111e-01,9.98725e-01,7.57822e-01
3.501844485e+00,6.82438e-14,9.99999e-01,1.56503e-13,8.74418e-01,9.98751e-01,4.82510e-01
3.519353708e+00,2.13482e-16,9.99999e-01,2.30066e-16,8.93728e-01,9.98775e-01,9.99568e-01
3.536950476e+00,2.43294e-19,9.99999e-01,2.66204e-19,9.03804e-01,9.98799e-01,9.98758e-01
3.554635228e+00,9.51553e-20,9.99999e-01,1.00244e-19,9.39632e-01,9.98823e-01,9.97198e-01
3.572408405e+00,4.32537e-16,9.99999e-01,4.53646e-16,9.41729e-01,9.98846e-01,9.95265e-01
3.590270447e+00,2.16335e-15,9.99999e-01,2.23872e-15,9.59168e-01,9.98869e-01,9.97294e-01
3.608221799e+00,2.43907e-11,9.99999e-01,2.50366e-11,9.68147e-01,9.98891e-01,9.98639e-01
3.626262908e+00,1.04133e-06,9.99999e-01,1.06407e-06,9.72734e-01,9.98913e-01,9.99720e-01
3.644394222e+00,2.43690e-05,9.99999e-01,2.47583e-05,9.83601e-01,9.98935e-01,9.99889e-01
3.662616193e+00,2.90655e-03,9.99999e-01,2.97090e-03,9.72913e-01,9.98956e-01,9.99380e-01
3.680929274e+00,6.89101e-02,9.99999e-01,7.18531e-02,9.56434e-01,9.98976e-01,9.96907e-01
3.699333921e+00,3.09129e-01,9.99999e-01,3.17889e-01,9.79377e-01,9.98996e-01,9.93071e-01
3.717830590e+00,2.18706e-01,9.99999e-01,2.25264e-01,9.83859e-01,9.99016e-01,9.86182e-01
3.736419743e+00,1.31193e-02,9.99999e-01,1.36227e-02,9.81152e-01,9.99036e-01,9.78765e-01
3.755101842e+00,3.86045e-06,9.99999e-01,3.99468e-06,9.79776e-01,9.99055e-01,9.81152e-01
3.773877351e+00,8.30510e-13,9.99999e-01,8.51251e-13,9.83299e-01,9.99073e-01,9.89160e-01
3.792746738e+00,3.52463e-30,9.99999e-01,3.59105e-30,9.79868e-01,9.99092e-01,9.95696e-01
3.811710472e+00,4.08466e-20,9.99999e-01,4.15367e-20,9.75326e-01,9.99109e-01,9.98065e-01
3.830769024e+00,9.27908e-20,9.99999e-01,9.45307e-20,9.73383e-01,9.99127e-01,9.99259e-01
3.849922869e+00,3.20217e-27,9.99999e-01,3.27381e-27,9.61214e-01,9.99144e-01,9.99807e-01
3.869172484e+00,2.27056e-17,9.99999e-01,2.32918e-17,9.54827e-01,9.99161e-01,9.98357e-01
3.888518346e+00,2.86564e-08,9.99999e-01,2.93556e-08,9.74744e-01,9.99178e-01,9.96046e-01
3.907960938e+00,5.02133e-06,9.99999e-01,5.17857e-06,9.71787e-01,9.99194e-01,9.93168e-01
3.927500742e+00,2.96254e-06,9.99999e-01,3.20411e-06,8.30812e-01,9.99210e-01,9.91750e-01
3.947138246e+00,4.10036e-09,9.99999e-01,4.48011e-09,8.93671e-01,9.99225e-01,9.95433e-01
3.966873937e+00,1.54132e-13,9.99999e-01,1.63770e-13,7.45223e-01,9.99241e-01,9.99041e-01
3.986708307e+00,3.17701e-20,9.99999e-01,3.26771e-20,9.51245e-01,9.99256e-01,9.99998e-01
4.006641849e+00,7.46102e-36,9.99999e-01,7.54880e-36,9.82357e-01,9.99270e-01,9.99998e-01
4.026675058e+00,6.16761e-175,9.99999e-01,6.25069e-175,9.79628e-01,9.99285e-01,9.99998e-01
4.046808433e+00,0.00000e+00,9.99999e-01,0.00000e+00,9.75384e-01,9.99299e-01,9.99998e-01
4.067042475e+00,0.00000e+00,9.99999e-01,0.00000e+00,9.71713e-01,9.99313e-01,9.99998e-01
4.087377688e+00,0.00000e+00,9.99999e-01,0.00000e+00,9.69687e-01,9.99326e-01,9.99998e-01
4.107814576e+00,0.00000e+00,9.99999e-01,0.00000e+00,9.58288e-01,9.99339e-01,9.99998e-01
4.128353649e+00,0.00000e+00,9.99999e-01,0.00000e+00,9.35162e-01,9.99352e-01,9.99998e-01
4.148995417e+00,0.00000e+00,9.99999e-01,0.00000e+00,9.19794e-01,9.99365e-01,9.99998e-01
4.169740394e+00,0.00000e+00,9.99999e-01,0.00000e+00,8.75431e-01,9.99378e-01,9.99998e-01
4.190589096e+00,0.00000e+00,9.99999e-01,0.00000e+00,8.50213e-01,9.99390e-01,9.99997e-01
4.211542042e+00,0.00000e+00,9.99999e-01,0.00000e+00,7.74459e-01,9.99402e-01,9.99997e-01
4.232599752e+00,0.00000e+00,9.99999e-01,0.00000e+00,7.53694e-01,9.99414e-01,9.99997e-01
4.253762751e+00,0.00000e+00,9.99999e-01,0.00000e+00,6.99406e-01,9.99425e-01,9.99997e-01
4.275031564e+00,0.00000e+00,9.99999e-01,0.00000e+00,6.10263e-01,9.99437e-01,9.99997e-01
4.296406722e+00,0.00000e+00,9.99999e-01,0.00000e+00,5.22159e-01,9.99448e-01,9.99997e-01
4.317888756e+00,0.00000e+00,9.99999e-01,0.00000e+00,5.68375e-01,9.99459e-01,9.99997e-01
4.339478200e+00,0.00000e+00,9.99999e-01,0.00000e+00,4.91831e-01,9.99469e-01,9.99997e-01
4.361175591e+00,0.00000e+00,9.99999e-01,0.00000e+00,4.33102e-01,9.99480e-01,9.99996e-01
4.382981469e+00,0.00000e+00,9.99999e-01,0.00000e+00,4.36529e-01,9.99490e-01,9.99996e-01
4.404896376e+00,0.00000e+00,9.99999e-01,0.00000e+00,4.19259e-01,9.99500e-01,9.99996e-01
4.426920858e+00,0.00000e+00,9.99999e-01,0.00000e+00,3.02170e-01,9.99510e-01,9.99996e-01
4.449055462e+00,0.00000e+00,9.99999e-01,0.00000e+00,4.31247e-01,9.99520e-01,9.99995e-01
4.471300739e+00,0.00000e+00,9.99999e-01,0.00000e+00,3.38445e-01,9.99529e-01,9.99995e-01
4.493657243e+00,0.00000e+00,9.99999e-01,0.00000e+00,4.26692e-01,9.99538e-01,9.99994e-01
4.516125529e+00,0.00000e+00,9.99999e-01,0.00000e+00,2.57109e-01,9.99547e-01,9.99994e-01
4.538706157e+00,0.00000e+00,9.99999e-01,0.00000e+00,3.48504e-01,9.99556e-01,9.99993e-01
4.561399688e+00,0.00000e+00,9.99999e-01,0.00000e+00,3.15824e-01,9.99565e-01,9.99993e-01
4.584206686e+00,0.00000e+00,9.99999e-01,0.00000e+00,4.19225e-01,9.99574e-01,9.99992e-01
4.607127720e+00,0.00000e+00,9.99999e-01,0.00000e+00,3.11555e-01,9.99582e-01,9.99991e-01
4.630163358e+00,0.00000e+00,9.99999e-01,0.00000e+00,1.58323e-01,9.99590e-01,9.99989e-01
4.653314175e+00,0.00000e+00,9.99999e-01,0.00000e+00,1.60506e-01,9.99598e-01,9.99988e-01
4.676580746e+00,0.00000e+00,9.99999e-01,0.00000e+00,4.41571e-02,9.99606e-01,9.99986e-01
4.699963650e+00,0.00000e+00,9.99999e-01,0.00000e+00,1.39576e-01,9.99614e-01,9.99984e-01
4.723463468e+00,0.00000e+00,9.99999e-01,0.00000e+00,4.84710e-02,9.99622e-01,9.99981e-01
4.747080785e+00,0.00000e+00,9.99999e-01,0.00000e+00,1.93606e-01,9.99629e-01,9.99978e-01
4.770816189e+00,0.00000e+00,9.99999e-01,0.00000e+00,5.92946e-02,9.99636e-01,9.99974e-01
4.794670270e+00,0.00000e+00,9.99999e-01,0.00000e+00,3.73795e-02,9.99644e-01,9.99970e-01
4.818643622e+00,0.00000e+00,9.99999e-01,0.00000e+00,3.54621e-02,9.99651e-01,9.99964e-01
4.842736840e+00,0.00000e+00,9.99999e-01,0.00000e+00,8.77253e-03,9.99657e-01,9.99958e-01
4.866950524e+00,0.00000e+00,9.99999e-01,0.00000e+00,6.04941e-02,9.99664e-01,9.99950e-01
4.891285276e+00,0.00000e+00,9.99999e-01,0.00000e+00,5.27739e-03,9.99671e-01,9.99941e-01
4.915741703e+00,0.00000e+00,9.99999e-01,0.00000e+00,2.68357e-02,9.99677e-01,9.99931e-01
4.940320411e+00,0.00000e+00,9.99999e-01,0.00000e+00,4.45066e-03,9.99684e-01,9.99918e-01
4.965022013e+00,0.00000e+00,9.99999e-01,0.00000e+00,2.06362e-03,9.99690e-01,9.99905e-01
4.989847123e+00,0.00000e+00,9.99999e-01,0.00000e+00,7.99256e-03,9.99696e-01,9.99893e-01
5.014796359e+00,0.00000e+00,9.99999e-01,0.00000e+00,2.85320e-04,9.99702e-01,9.99876e-01
5.039870341e+00,0.00000e+00,9.99999e-01,0.00000e+00,1.39679e-03,9.99708e-01,9.99856e-01
5.065069693e+00,0.00000e+00,9.99999e-01,0.00000e+00,2.31433e-03,9.99714e-01,9.99828e-01
5.090395041e+00,0.00000e+00,9.99999e-01,0.00000e+00,1.54229e-04,9.99719e-01,9.99802e-01
5.115847016e+00,0.00000e+00,9.99999e-01,0.00000e+00,8.66662e-05,9.99725e-01,9.99770e-01
5.141426251e+00,0.00000e+00,9.99999e-01,0.00000e+00,2.58701e-06,9.99730e-01,9.99734e-01
5.167133383e+00,0.00000e+00,9.99999e-01,0.00000e+00,1.29263e-06,9.99736e-01,9.99699e-01
5.192969049e+00,0.00000e+00,9.99999e-01,0.00000e+00,9.20132e-07,9.99741e-01,9.99658e-01
5.218933895e+00,0.00000e+00,9.99999e-01,0.00000e+00,5.59813e-10,9.99746e-01,9.99620e-01
5.245028564e+00,0.00000e+00,9.99999e-01,0.00000e+00,1.33873e-07,9.99751e-01,9.99582e-01
5.271253707e+00,0.00000e+00,9.99999e-01,0.00000e+00,1.51260e-08,9.99756e-01,9.99531e-01
5.297609976e+00,0.00000e+00,9.99999e-01,0.00000e+00,1.94498e-09,9.99761e-01,9.99481e-01
5.324098025e+00,0.00000e+00,9.99999e-01,0.00000e+00,7.82536e-10,9.99765e-01,9.99435e-01
5.350718516e+00,0.00000e+00,9.99999e-01,0.00000e+00,5.91018e-12,9.99770e-01,9.99353e-01
5.377472108e+00,0.00000e+00,9.99999e-01,0.00000e+00,6.66206e-12,9.99774e-01,9.99312e-01
5.404359469e+00,0.00000e+00,9.99999e-01,0.00000e+00,5.17680e-12,9.99779e-01,9.99220e-01
5.431381266e+00,4.16901e-292,9.99999e-01,6.66568e-273,5.01978e-21,9.99783e-01,9.99160e-01
5.458538172e+00,2.09305e-218,9.99999e-01,3.34681e-199,2.86305e-21,9.99787e-01,9.99070e-01
5.485830863e+00,1.18000e-148,9.99999e-01,5.89294e-128,2.73078e-22,9.99792e-01,9.98963e-01
5.513260018e+00,2.13307e-116,9.99999e-01,1.58955e-94,1.67265e-23,9.99796e-01,9.98858e-01
5.540826318e+00,4.64592e-86,9.99999e-01,3.46597e-63,5.86889e-25,9.99800e-01,9.98729e-01
5.568530449e+00,2.83743e-84,9.99999e-01,4.76918e-48,2.71846e-38,9.99804e-01,9.85311e-01
5.596373101e+00,2.03261e-70,9.99999e-01,7.07857e-36,1.06502e-36,9.99808e-01,9.78737e-01
5.624354967e+00,7.24202e-63,9.99999e-01,1.45227e-31,5.99821e-33,9.99811e-01,9.71867e-01
5.652476742e+00,3.08751e-61,9.99999e-01,4.41618e-27,3.32816e-36,9.99815e-01,9.62815e-01
5.680739126e+00,5.72606e-64,9.99999e-01,3.06949e-24,2.15934e-41,9.99819e-01,9.51595e-01
5.709142821e+00,1.21260e-66,9.99999e-01,1.12616e-22,4.07352e-45,9.99822e-01,9.36944e-01
5.737688535e+00,1.14558e-65,9.99999e-01,2.66848e-23,1.80911e-43,9.99826e-01,9.16714e-01
5.766376978e+00,7.98922e-53,9.99999e-01,2.72097e-21,1.16926e-33,9.99829e-01,8.92154e-01
5.795208863e+00,1.55101e-44,9.99999e-01,1.07086e-15,2.16179e-30,9.99832e-01,8.60491e-01
5.824184907e+00,3.02640e-47,9.99999e-01,2.78868e-11,3.29852e-37,9.99836e-01,8.17884e-01
5.853305832e+00,1.71770e-46,9.99999e-01,1.42588e-11,2.97358e-36,9.99839e-01,7.67481e-01
5.882572361e+00,1.73507e-56,9.99999e-01,1.39331e-13,1.11067e-44,9.99842e-01,7.05313e-01
5.911985223e+00,4.86322e-53,9.99999e-01,7.88691e-12,1.51271e-42,9.99845e-01,6.31220e-01
5.941545149e+00,2.25572e-49,9.99999e-01,5.50404e-07,3.43574e-44,9.99848e-01,5.50334e-01
5.971252874e+00,1.83733e-41,9.99999e-01,2.04656e-04,3.87363e-38,9.99851e-01,4.54343e-01
6.001109139e+00,6.33504e-29,9.99999e-01,2.16417e-03,6.56213e-26,9.99854e-01,3.53185e-01
6.031114685e+00,6.40862e-32,9.99999e-01,7.74927e-04,1.10069e-28,9.99857e-01,2.58741e-01
6.061270258e+00,6.68812e-33,9.99999e-01,4.14897e-05,1.08194e-28,9.99860e-01,1.72624e-01
6.091576609e+00,1.63007e-30,9.99999e-01,8.54096e-07,4.39647e-24,9.99863e-01,9.80499e-02
6.122034492e+00,3.03128e-24,9.99999e-01,7.04321e-09,1.01212e-15,9.99865e-01,4.66439e-02
6.152644665e+00,9.80152e-28,9.99999e-01,2.74816e-11,2.48576e-16,9.99868e-01,1.86217e-02
6.183407888e+00,6.48372e-25,9.99999e-01,6.88677e-13,1.90871e-11,9.99871e-01,5.64892e-03
6.214324928e+00,5.32374e-23,9.99999e-01,1.96286e-13,8.78900e-08,9.99873e-01,1.20142e-03
6.245396552e+00,5.02309e-19,9.99999e-01,5.38955e-11,1.85707e-05,9.99876e-01,1.61612e-04
6.276623535e+00,3.38768e-19,9.99999e-01,1.83587e-09,9.49111e-06,9.99878e-01,1.20949e-05
6.308006653e+00,4.42473e-21,9.99999e-01,2.34858e-10,9.52272e-06,9.99880e-01,4.29974e-07
6.339546686e+00,1.35921e-31,9.99999e-01,1.24169e-13,1.20099e-11,9.99883e-01,6.04640e-09
6.371244419e+00,2.31130e-47,9.99999e-01,2.27682e-15,2.16587e-23,9.99885e-01,2.74320e-11
6.403100641e+00,2.50146e-55,9.99999e-01,1.91666e-11,1.66941e-32,9.99887e-01,5.29160e-14
6.435116145e+00,2.43216e-90,9.99999e-01,3.89481e-06,1.04012e-69,9.99889e-01,2.52644e-17
6.467291725e+00,1.29325e-94,9.99999e-01,1.90232e-03,4.84289e-70,9.99892e-01,2.24669e-23
6.499628184e+00,2.20129e-109,9.99999e-01,6.59175e-02,7.13580e-80,9.99894e-01,1.67343e-29
6.532126325e+00,1.51538e-106,9.99999e-01,2.20009e-01,2.27190e-70,9.99896e-01,2.22859e-36
6.564786956e+00,8.54202e-131,9.99999e-01,3.49805e-01,1.11967e-84,9.99898e-01,1.84135e-46
6.597610891e+00,6.43005e-170,9.99999e-01,4.22554e-01,1.16597e-113,9.99900e-01,1.20607e-56
6.630598946e+00,7.66324e-146,9.99999e-01,4.72284e-01,3.30725e-75,9.99902e-01,4.70911e-71
6.663751940e+00,5.61883e-156,9.99999e-01,4.71811e-01,4.21373e-70,9.99904e-01,2.70679e-86
6.697070700e+00,3.13407e-161,9.99999e-01,3.81630e-01,1.00373e-55,9.99906e-01,6.60176e-106
6.730556054e+00,1.38756e-164,9.99999e-01,2.57375e-01,2.19281e-38,9.99907e-01,1.87918e-126
6.764208834e+00,8.80500e-190,9.99999e-01,1.22710e-01,1.27926e-38,9.99909e-01,2.93092e-151
6.798029878e+00,4.43723e-232,9.99999e-01,4.17984e-02,7.44460e-47,9.99911e-01,7.24931e-185
6.832020027e+00,5.81525e-272,9.99999e-01,6.69809e-03,4.61315e-47,9.99913e-01,4.39114e-224
6.866180128e+00,0.00000e+00,9.99999e-01,4.79107e-04,6.90257e-54,9.99914e-01,2.19509e-275
6.900511028e+00,0.00000e+00,9.99999e-01,8.23302e-06,1.89320e-31,9.99916e-01,0.00000e+00
6.935013583e+00,0.00000e+00,9.99999e-01,1.02724e-08,4.24218e-31,9.99918e-01,0.00000e+00
6.969688651e+00,0.00000e+00,9.99999e-01,2.86822e-12,3.87816e-39,9.99919e-01,0.00000e+00
7.004537095e+00,0.00000e+00,9.99999e-01,2.45628e-18,3.37839e-38,9.99921e-01,0.00000e+00
7.039559780e+00,0.00000e+00,9.99999e-01,1.62503e-23,8.60724e-42,9.99923e-01,0.00000e+00
7.074757579e+00,0.00000e+00,9.99999e-01,1.39252e-31,7.09344e-33,9.99924e-01,0.00000e+00
7.110131367e+00,0.00000e+00,9.99999e-01,8.96316e-37,1.45257e-32,9.99925e-01,0.00000e+00
7.145682024e+00,0.00000e+00,9.99999e-01,2.22449e-43,1.61503e-36,9.99927e-01,0.00000e+00
7.181410434e+00,0.00000e+00,9.99999e-01,2.05971e-47,8.62387e-46,9.99928e-01,0.00000e+00
7.217317486e+00,0.00000e+00,9.99999e-01,1.46209e-49,3.40816e-34,9.99930e-01,0.00000e+00
7.253404073e+00,0.00000e+00,9.99999e-01,3.58254e-49,1.60285e-34,9.99931e-01,0.00000e+00
7.289671094e+00,0.00000e+00,9.99999e-01,3.00288e-39,2.05223e-30,9.99932e-01,0.00000e+00
7.326119449e+00,0.00000e+00,9.99999e-01,1.12640e-36,3.02664e-30,9.99934e-01,0.00000e+00
7.362750046e+00,0.00000e+00,9.99999e-01,4.34067e-40,1.46880e-22,9.99935e-01,0.00000e+00
7.399563797e+00,0.00000e+00,9.99999e-01,5.26506e-40,3.87613e-18,9.99936e-01,0.00000e+00
7.436561616e+00,0.00000e+00,9.99999e-01,1.74370e-33,3.81544e-20,9.99938e-01,0.00000e+00
7.473744424e+00,0.00000e+00,9.99999e-01,1.26069e-22,3.38301e-19,9.99939e-01,0.00000e+00
7.511113146e+00,0.00000e+00,9.99999e-01,3.49004e-16,3.57507e-16,9.99940e-01,0.00000e+00
7.548668712e+00,0.00000e+00,9.99999e-01,1.70767e-10,1.88928e-17,9.99941e-01,0.00000e+00
7.586412055e+00,0.00000e+00,9.99999e-01,2.36549e-08,2.59620e-30,9.99942e-01,0.00000e+00
7.624344115e+00,0.00000e+00,9.99999e-01,5.09431e-08,1.08378e-15,9.99943e-01,0.00000e+00
7.662465836e+00,0.00000e+00,9.99999e-01,1.61824e-09,9.43599e-10,9.99945e-01,0.00000e+00
7.700778165e+00,0.00000e+00,9.99999e-01,7.63462e-13,4.98466e-10,9.99946e-01,0.00000e+00
7.739282056e+00,0.00000e+00,9.99999e-01,3.91995e-20,1.36619e-15,9.99947e-01,0.00000e+00
7.777978466e+00,0.00000e+00,9.99999e-01,1.16388e-26,8.59621e-11,9.99948e-01,0.00000e+00
7.816868359e+00,0.00000e+00,9.99999e-01,2.95541e-35,5.34413e-09,9.99949e-01,0.00000e+00
7.855952700e+00,0.00000e+00,9.99999e-01,3.07665e-36,1.51054e-09,9.99950e-01,0.00000e+00
7.895232464e+00,0.00000e+00,9.99999e-01,1.23907e-30,1.36548e-09,9.99951e-01,0.00000e+00
7.934708626e+00,0.00000e+00,9.99999e-01,8.29778e-28,1.28243e-06,9.99952e-01,0.00000e+00
7.974382169e+00,0.00000e+00,9.99999e-01,5.47599e-31,1.68156e-04,9.99953e-01,0.00000e+00
8.014254080e+00,0.00000e+00,9.99999e-01,3.25431e-37,3.61818e-05,9.99953e-01,0.00000e+00
8.054325351e+00,0.00000e+00,9.99999e-01,1.50578e-37,5.12118e-05,9.99954e-01,0.00000e+00
8.094596977e+00,1.31675e-291,9.99999e-01,2.41068e-36,1.14467e-03,9.99955e-01,2.27308e-253
8.135069962e+00,3.14404e-234,9.99999e-01,5.74376e-33,9.24623e-04,9.99956e-01,2.01831e-199
8.175745312e+00,2.09384e-185,9.99999e-01,9.77398e-28,2.01500e-04,9.99957e-01,8.21585e-156
8.216624039e+00,7.02660e-147,9.99999e-01,6.37024e-24,3.68028e-03,9.99958e-01,1.63939e-121
8.257707159e+00,7.59627e-115,9.99999e-01,2.16503e-19,8.44112e-03,9.99959e-01,6.99935e-95
8.298995695e+00,1.97414e-90,9.99999e-01,3.53432e-17,4.39104e-02,9.99959e-01,9.73730e-73
8.340490673e+00,9.17102e-72,9.99999e-01,8.90605e-16,2.06388e-02,9.99960e-01,3.91501e-55
8.382193126e+00,6.50544e-57,9.99999e-01,8.37441e-15,6.67798e-02,9.99961e-01,9.25928e-42
8.424104092e+00,9.13714e-45,9.99999e-01,1.40113e-12,2.78040e-02,9.99962e-01,8.33541e-32
8.466224613e+00,1.13779e-34,9.99999e-01,5.82341e-10,5.96831e-02,9.99962e-01,2.51658e-24
8.508555736e+00,2.38466e-24,9.99999e-01,1.55658e-06,2.51479e-02,9.99963e-01,1.30179e-17
8.551098514e+00,9.43534e-18,9.99999e-01,1.48662e-04,1.71928e-01,9.99964e-01,2.90364e-13
8.593854007e+00,1.64722e-14,9.99999e-01,3.18719e-04,3.30798e-01,9.99965e-01,1.46245e-10
8.636823277e+00,8.75954e-13,9.99999e-01,7.08126e-05,3.71070e-01,9.99965e-01,3.17380e-08
8.680007393e+00,8.02265e-12,9.99999e-01,1.73308e-05,1.99842e-01,9.99966e-01,2.03317e-06
8.723407430e+00,9.53628e-11,9.99999e-01,8.15100e-06,2.82299e-01,9.99967e-01,3.97486e-05
8.767024467e+00,3.45165e-11,9.99999e-01,3.13680e-07,2.21286e-01,9.99967e-01,3.96157e-04
8.810859590e+00,7.59179e-24,9.99999e-01,5.89187e-21,2.21567e-01,9.99968e-01,2.74794e-03
8.854913888e+00,9.13723e-71,9.99999e-01,1.47021e-68,5.32396e-01,9.99968e-01,1.07350e-02
8.899188457e+00,0.00000e+00,9.99999e-01,0.00000e+00,4.77906e-01,9.99969e-01,3.04831e-02
8.943684399e+00,0.00000e+00,9.99999e-01,0.00000e+00,3.91583e-01,9.99970e-01,7.28651e-02
8.988402821e+00,0.00000e+00,9.99999e-01,0.00000e+00,3.67155e-01,9.99970e-01,1.34053e-01
9.033344836e+00,0.00000e+00,9.99999e-01,0.00000e+00,2.83171e-01,9.99971e-01,2.13341e-01
9.078511560e+00,0.00000e+00,9.99999e-01,0.00000e+00,3.94957e-01,9.99971e-01,3.05757e-01
9.123904118e+00,0.00000e+00,9.99999e-01,0.00000e+00,5.21097e-01,9.99972e-01,4.02299e-01
9.169523638e+00,0.00000e+00,9.99999e-01,0.00000e+00,4.34240e-01,9.99972e-01,4.97469e-01
9.215371256e+00,0.00000e+00,9.99999e-01,0.00000e+00,6.55177e-01,9.99973e-01,5.84781e-01
9.261448113e+00,0.00000e+00,9.99999e-01,0.00000e+00,6.29965e-01,9.99973e-01,6.62736e-01
9.307755353e+00,0.00000e+00,9.99999e-01,0.00000e+00,5.06853e-01,9.99974e-01,7.23651e-01
9.354294130e+00,0.00000e+00,9.99999e-01,0.00000e+00,4.31391e-01,9.99974e-01,7.79940e-01
9.401065601e+00,0.00000e+00,9.99999e-01,0.00000e+00,2.91921e-01,9.99975e-01,8.26481e-01
9.448070929e+00,0.00000e+00,9.99999e-01,0.00000e+00,3.64340e-01,9.99975e-01,8.60823e-01
9.495311283e+00,0.00000e+00,9.99999e-01,0.00000e+00,6.06942e-01,9.99976e-01,8.88835e-01
9.542787840e+00,0.00000e+00,9.99999e-01,0.00000e+00,6.92032e-01,9.99976e-01,9.13439e-01
9.590501779e+00,0.00000e+00,9.99999e-01,0.00000e+00,5.44688e-01,9.99977e-01,9.32932e-01
9.638454288e+00,0.00000e+00,9.99999e-01,0.00000e+00,5.53530e-01,9.99977e-01,9.46873e-01
9.686646559e+00,0.00000e+00,9.99999e-01,0.00000e+00,5.78690e-01,9.99978e-01,9.57984e-01
9.735079792e+00,0.00000e+00,9.99999e-01,0.00000e+00,6.63857e-01,9.99978e-01,9.66807e-01
9.783755191e+00,0.00000e+00,9.99999e-01,0.00000e+00,5.98510e-01,9.99978e-01,9.73800e-01
9.832673967e+00,0.00000e+00,9.99999e-01,0.00000e+00,3.23180e-01,9.99979e-01,9.79336e-01
9.881837337e+00,0.00000e+00,9.99999e-01,0.00000e+00,1.65853e-01,9.99979e-01,9.83708e-01
9.931246523e+00,0.00000e+00,9.99999e-01,0.00000e+00,4.61807e-01,9.99980e-01,9.87453e-01
9.980902756e+00,0.00000e+00,9.99999e-01,0.00000e+00,6.13117e-01,9.99980e-01,9.99967e-01
1.003080727e+01,0.00000e+00,9.99999e-01,0.00000e+00,6.15212e-01,9.99980e-01,9.99967e-01
1.008096131e+01,0.00000e+00,9.99999e-01,0.00000e+00,6.54812e-01,9.99981e-01,9.99967e-01
1.013136611e+01,0.00000e+00,9.99999e-01,0.00000e+00,7.22327e-01,9.99981e-01,9.99966e-01
1.018202294e+01,0.00000e+00,9.99999e-01,0.00000e+00,7.49434e-01,9.99982e-01,9.99966e-01
1.023293306e+01,0.00000e+00,9.99999e-01,0.00000e+00,5.96269e-01,9.99982e-01,9.99966e-01
1.028409772e+01,0.00000e+00,9.99999e-01,0.00000e+00,4.02132e-01,9.99982e-01,9.99965e-01
1.033551821e+01,0.00000e+00,9.99999e-01,0.00000e+00,3.70444e-01,9.99983e-01,9.99965e-01
1.038719580e+01,0.00000e+00,9.99999e-01,0.00000e+00,1.96093e-01,9.99983e-01,9.99964e-01
1.043913178e+01,0.00000e+00,9.99999e-01,0.00000e+00,2.11286e-01,9.99983e-01,9.99964e-01
1.049132744e+01,0.00000e+00,9.99999e-01,0.00000e+00,3.98705e-01,9.99983e-01,9.99964e-01
1.054378408e+01,0.00000e+00,9.99999e-01,0.00000e+00,5.04518e-01,9.99984e-01,9.99963e-01
1.059650300e+01,0.00000e+00,9.99999e-01,0.00000e+00,4.86816e-01,9.99984e-01,9.99962e-01
1.064948551e+01,0.00000e+00,9.99999e-01,0.00000e+00,4.50098e-01,9.99984e-01,9.99962e-01
1.070273294e+01,0.00000e+00,9.99999e-01,0.00000e+00,3.20153e-01,9.99985e-01,9.99961e-01
1.075624661e+01,0.00000e+00,9.99999e-01,0.00000e+00,3.44073e-01,9.99985e-01,9.99960e-01
1.081002784e+01,0.00000e+00,9.99999e-01,0.00000e+00,3.48976e-01,9.99985e-01,9.99960e-01
1.086407798e+01,0.00000e+00,9.99999e-01,0.00000e+00,1.74043e-01,9.99986e-01,9.99959e-01
1.091839837e+01,0.00000e+00,9.99999e-01,0.00000e+00,7.42305e-02,9.99986e-01,9.99958e-01
1.097299036e+01,0.00000e+00,9.99999e-01,0.00000e+00,2.02083e-02,9.99986e-01,9.99958e-01
1.102785531e+01,0.00000e+00,9.99999e-01,0.00000e+00,1.40314e-02,9.99986e-01,9.99957e-01
1.108299459e+01,0.00000e+00,9.99999e-01,0.00000e+00,1.09444e-01,9.99987e-01,9.99957e-01
1.113840956e+01,0.00000e+00,9.99999e-01,0.00000e+00,3.11275e-01,9.99987e-01,9.99956e-01
1.119410161e+01,0.00000e+00,9.99999e-01,0.00000e+00,4.04504e-01,9.99987e-01,9.99956e-01
1.125007212e+01,0.00000e+00,9.99999e-01,0.00000e+00,2.89239e-01,9.99987e-01,9.99955e-01
1.130632248e+01,0.00000e+00,9.99999e-01,0.00000e+00,2.46436e-01,9.99988e-01,9.99954e-01
1.136285409e+01,0.00000e+00,9.99999e-01,0.00000e+00,3.52626e-01,9.99988e-01,9.99954e-01
1.141966836e+01,0.00000e+00,9.99999e-01,0.00000e+00,3.89164e-01,9.99988e-01,9.99953e-01
1.147676670e+01,0.00000e+00,9.99999e-01,0.00000e+00,3.16001e-01,9.99988e-01,9.99953e-01
1.153415054e+01,0.00000e+00,9.99999e-01,0.00000e+00,1.20775e-01,9.99988e-01,9.99952e-01
1.159182129e+01,0.00000e+00,9.99999e-01,0.00000e+00,7.36131e-02,9.99989e-01,9.99951e-01
1.164978039e+01,0.00000e+00,9.99999e-01,0.00000e+00,1.58565e-02,9.99989e-01,9.99950e-01
1.170802930e+01,0.00000e+00,9.99999e-01,0.00000e+00,4.01650e-03,9.99989e-01,9.99950e-01
1.176656944e+01,0.00000e+00,9.99999e-01,0.00000e+00,3.49552e-02,9.99989e-01,9.99949e-01
1.182540229e+01,0.00000e+00,9.99999e-01,0.00000e+00,1.27648e-01,9.99989e-01,9.99948e-01
1.188452930e+01,0.00000e+00,9.99999e-01,0.00000e+00,1.30045e-01,9.99990e-01,9.99948e-01
1.194395195e+01,0.00000e+00,9.99999e-01,0.00000e+00,1.75247e-01,9.99990e-01,9.99947e-01
1.200367171e+01,0.00000e+00,9.99999e-01,0.00000e+00,2.53643e-01,9.99990e-01,9.99946e-01
1.206369007e+01,0.00000e+00,9.99999e-01,0.00000e+00,1.39551e-01,9.99990e-01,9.99945e-01
1.212400852e+01,0.00000e+00,9.99999e-01,0.00000e+00,2.41097e-01,9.99990e-01,9.99944e-01
1.218462856e+01,0.00000e+00,9.99999e-01,0.00000e+00,2.36589e-01,9.99990e-01,9.99943e-01
1.224555170e+01,0.00000e+00,9.99999e-01,0.00000e+00,4.61644e-02,9.99991e-01,9.99942e-01
1.230677946e+01,0.00000e+00,9.99999e-01,0.00000e+00,2.73512e-02,9.99991e-01,9.99941e-01
1.236831336e+01,0.00000e+00,9.99999e-01,0.00000e+00,2.21006e-03,9.99991e-01,9.99940e-01
1.243015492e+01,0.00000e+00,9.99999e-01,0.00000e+00,4.67421e-04,9.99991e-01,9.99939e-01
1.249230570e+01,0.00000e+00,9.99999e-01,0.00000e+00,5.81671e-04,9.99991e-01,9.99937e-01
1.255476723e+01,0.00000e+00,9.99999e-01,0.00000e+00,1.75079e-03,9.99991e-01,9.99936e-01
1.261754106e+01,0.00000e+00,9.99999e-01,0.00000e+00,2.90681e-02,9.99992e-01,9.99934e-01
1.268062877e+01,0.00000e+00,9.99999e-01,0.00000e+00,8.92086e-02,9.99992e-01,9.99933e-01
1.274403191e+01,0.00000e+00,9.99999e-01,0.00000e+00,6.31024e-02,9.99992e-01,9.99931e-01
1.280775207e+01,0.00000e+00,9.99999e-01,0.00000e+00,1.17529e-01,9.99992e-01,9.99930e-01
1.287179083e+01,0.00000e+00,9.99999e-01,0.00000e+00,5.61118e-02,9.99992e-01,9.99928e-01
1.293614979e+01,0.00000e+00,9.99999e-01,0.00000e+00,7.91336e-02,9.99992e-01,9.99926e-01
1.300083054e+01,0.00000e+00,9.99999e-01,0.00000e+00,1.17117e-02,9.99992e-01,9.99924e-01
1.306583469e+01,0.00000e+00,9.99999e-01,0.00000e+00,1.45967e-02,9.99993e-01,9.99923e-01
1.313116386e+01,0.00000e+00,9.99999e-01,0.00000e+00,1.18098e-02,9.99993e-01,9.99921e-01
1.319681968e+01,0.00000e+00,9.99999e-01,0.00000e+00,6.66318e-03,9.99993e-01,9.99919e-01
1.326280378e+01,0.00000e+00,9.99999e-01,0.00000e+00,1.73867e-04,9.99993e-01,9.99916e-01
1.332911780e+01,0.00000e+00,9.99999e-01,0.00000e+00,3.73992e-04,9.99993e-01,9.99914e-01
1.339576339e+01,0.00000e+00,9.99999e-01,0.00000e+00,1.18242e-04,9.99993e-01,9.96593e-01
1.346274221e+01,0.00000e+00,9.99999e-01,0.00000e+00,1.97551e-06,9.99993e-01,9.96250e-01
1.353005592e+01,0.00000e+00,9.99999e-01,0.00000e+00,1.27774e-03,9.99993e-01,9.95871e-01
1.359770620e+01,0.00000e+00,9.99999e-01,0.00000e+00,2.98076e-03,9.99994e-01,9.95509e-01
1.366569473e+01,0.00000e+00,9.99999e-01,0.00000e+00,2.19792e-03,9.99994e-01,9.95113e-01
1.373402320e+01,0.00000e+00,9.99999e-01,0.00000e+00,1.28897e-02,9.99994e-01,9.94619e-01
1.380269332e+01,0.00000e+00,9.99999e-01,0.00000e+00,2.15733e-02,9.99994e-01,9.94146e-01
1.387170678e+01,0.00000e+00,9.99999e-01,0.00000e+00,5.16326e-03,9.99994e-01,9.93629e-01
1.394106532e+01,0.00000e+00,9.99999e-01,0.00000e+00,2.59662e-03,9.99994e-01,9.93069e-01
1.401077064e+01,0.00000e+00,9.99999e-01,0.00000e+00,4.71363e-04,9.99994e-01,9.92457e-01
1.408082450e+01,0.00000e+00,9.99999e-01,0.00000e+00,6.45788e-04,9.99994e-01,9.91793e-01
1.415122862e+01,0.00000e+00,9.99999e-01,0.00000e+00,1.13785e-05,9.99994e-01,9.91068e-01
1.422198476e+01,0.00000e+00,9.99999e-01,0.00000e+00,3.44741e-07,9.99994e-01,9.90284e-01
1.429309469e+01,0.00000e+00,9.99999e-01,0.00000e+00,1.28016e-06,9.99994e-01,9.89425e-01
1.436456016e+01,0.00000e+00,9.99999e-01,0.00000e+00,3.74540e-08,9.99995e-01,9.88495e-01
1.443638296e+01,0.00000e+00,9.99999e-01,0.00000e+00,3.68979e-09,9.99995e-01,9.87479e-01
1.450856487e+01,0.00000e+00,9.99999e-01,0.00000e+00,2.63264e-07,9.99995e-01,9.86377e-01
1.458110770e+01,0.00000e+00,9.99999e-01,0.00000e+00,5.71017e-05,9.99995e-01,9.85176e-01
1.465401324e+01,0.00000e+00,9.99999e-01,0.00000e+00,2.62725e-04,9.99995e-01,9.83873e-01
1.472728330e+01,0.00000e+00,9.99999e-01,0.00000e+00,2.67027e-04,9.99995e-01,9.82663e-01
1.480091972e+01,0.00000e+00,9.99999e-01,0.00000e+00,2.62030e-05,9.99995e-01,9.81136e-01
1.487492432e+01,0.00000e+00,9.99999e-01,0.00000e+00,3.29892e-08,9.99995e-01,9.79482e-01
1.494929894e+01,0.00000e+00,9.99999e-01,0.00000e+00,7.25779e-07,9.99995e-01,9.77678e-01
1.502404544e+01,0.00000e+00,9.99999e-01,0.00000e+00,2.53239e-05,9.99995e-01,9.75726e-01
1.509916566e+01,0.00000e+00,9.99999e-01,0.00000e+00,4.55345e-05,9.99995e-01,9.73911e-01
1.517466149e+01,0.00000e+00,9.99999e-01,0.00000e+00,6.56854e-06,9.99995e-01,9.71966e-01
1.525053480e+01,0.00000e+00,9.99999e-01,0.00000e+00,5.54374e-05,9.99996e-01,9.69507e-01
1.532678747e+01,0.00000e+00,9.99999e-01,0.00000e+00,2.55899e-06,9.99996e-01,9.66852e-01
1.540342141e+01,0.00000e+00,9.99999e-01,0.00000e+00,3.10631e-07,9.99996e-01,9.64389e-01
1.548043852e+01,0.00000e+00,9.99999e-01,0.00000e+00,4.42216e-08,9.99996e-01,9.61745e-01
1.555784071e+01,0.00000e+00,9.99999e-01,0.00000e+00,1.13472e-10,9.99996e-01,9.58414e-01
1.563562991e+01,0.00000e+00,9.99999e-01,0.00000e+00,1.70659e-14,9.99996e-01,9.54814e-01
1.571380806e+01,0.00000e+00,9.99999e-01,0.00000e+00,6.22856e-15,9.99996e-01,9.51482e-01
1.579237710e+01,0.00000e+00,9.99999e-01,0.00000e+00,2.45084e-11,9.99996e-01,9.47906e-01
1.587133899e+01,0.00000e+00,9.99999e-01,0.00000e+00,2.91790e-09,9.99996e-01,9.44078e-01
1.595069568e+01,0.00000e+00,9.99999e-01,0.00000e+00,1.12967e-10,9.99996e-01,9.39979e-01
1.603044916e+01,0.00000e+00,9.99999e-01,0.00000e+00,1.08436e-13,9.99996e-01,9.34820e-01
1.611060141e+01,0.00000e+00,9.99999e-01,0.00000e+00,8.96004e-14,9.99996e-01,9.29257e-01
1.619115441e+01,0.00000e+00,9.99999e-01,0.00000e+00,5.64604e-13,9.99996e-01,9.24114e-01
1.627211019e+01,0.00000e+00,9.99999e-01,0.00000e+00,1.58874e-14,9.99996e-01,9.18619e-01
1.635347074e+01,0.00000e+00,9.99999e-01,0.00000e+00,3.33016e-13,9.99996e-01,9.12746e-01
1.643523809e+01,0.00000e+00,9.99999e-01,0.00000e+00,2.10985e-13,9.99996e-01,9.06470e-01
1.651741428e+01,0.00000e+00,9.99999e-01,0.00000e+00,8.13813e-15,9.99996e-01,8.99764e-01
1.660000135e+01,0.00000e+00,9.99999e-01,0.00000e+00,2.26235e-18,9.99997e-01,8.92640e-01
1.668300136e+01,0.00000e+00,9.99999e-01,0.00000e+00,4.60611e-19,9.99997e-01,8.85008e-01
1.676641637e+01,0.00000e+00,9.99999e-01,0.00000e+00,2.51918e-16,9.99997e-01,8.76882e-01
1.685024845e+01,0.00000e+00,9.99999e-01,0.00000e+00,5.08218e-17,9.99997e-01,8.68222e-01
1.693449969e+01,0.00000e+00,9.99999e-01,0.00000e+00,9.77226e-21,9.99997e-01,8.59015e-01
1.701917219e+01,0.00000e+00,9.99999e-01,0.00000e+00,1.90156e-22,9.99997e-01,8.49222e-01
1.710426805e+01,0.00000e+00,9.99999e-01,0.00000e+00,1.27520e-28,9.99997e-01,8.38819e-01
1.718978939e+01,0.00000e+00,9.99999e-01,0.00000e+00,7.46419e-31,9.99997e-01,8.29670e-01
1.727573834e+01,0.00000e+00,9.99999e-01,0.00000e+00,2.80813e-31,9.99997e-01,8.20043e-01
1.736211703e+01,0.00000e+00,9.99999e-01,0.00000e+00,4.52888e-34,9.99997e-01,8.07884e-01
1.744892761e+01,0.00000e+00,9.99999e-01,0.00000e+00,2.51253e-29,9.99997e-01,7.94982e-01
1.753617225e+01,0.00000e+00,9.99999e-01,0.00000e+00,8.15879e-24,9.99997e-01,7.81361e-01
1.762385311e+01,0.00000e+00,9.99999e-01,0.00000e+00,7.88157e-23,9.99997e-01,7.66983e-01
1.771197238e+01,0.00000e+00,9.99999e-01,0.00000e+00,5.80767e-25,9.99997e-01,7.51813e-01
1.780053224e+01,0.00000e+00,9.99999e-01,0.00000e+00,2.32046e-26,9.99997e-01,7.38577e-01
1.788953490e+01,0.00000e+00,9.99999e-01,0.00000e+00,6.60309e-29,9.99997e-01,7.24754e-01
1.797898258e+01,0.00000e+00,9.99999e-01,0.00000e+00,2.52575e-32,9.99997e-01,7.07400e-01
1.806887749e+01,0.00000e+00,9.99999e-01,0.00000e+00,2.16277e-33,9.99997e-01,6.89216e-01
1.815922188e+01,0.00000e+00,9.99999e-01,0.00000e+00,2.47625e-44,9.99997e-01,6.73441e-01
1.825001799e+01,0.00000e+00,9.99999e-01,0.00000e+00,1.46113e-33,9.99997e-01,6.57051e-01
1.834126808e+01,0.00000e+00,9.99999e-01,0.00000e+00,4.00663e-32,9.99997e-01,6.36639e-01
1.843297442e+01,0.00000e+00,9.99999e-01,0.00000e+00,2.05861e-32,9.99997e-01,6.15420e-01
1.852513929e+01,0.00000e+00,9.99999e-01,0.00000e+00,2.40608e-43,9.99997e-01,5.97153e-01
1.861776499e+01,0.00000e+00,9.99999e-01,0.00000e+00,9.53180e-52,9.99997e-01,5.78279e-01
1.871085381e+01,0.00000e+00,9.99999e-01,0.00000e+00,2.33609e-41,9.99997e-01,5.54992e-01
1.880440808e+01,0.00000e+00,9.99999e-01,0.00000e+00,8.49948e-35,9.99997e-01,5.35093e-01
1.889843012e+01,0.00000e+00,9.99999e-01,0.00000e+00,1.45437e-35,9.99998e-01,5.14672e-01
1.899292227e+01,0.00000e+00,9.99999e-01,0.00000e+00,3.35036e-49,9.99998e-01,4.89691e-01
1.908788688e+01,0.00000e+00,9.99999e-01,0.00000e+00,1.55522e-46,9.99998e-01,4.68513e-01
1.918332632e+01,0.00000e+00,9.99999e-01,0.00000e+00,4.80340e-47,9.99998e-01,4.46941e-01
1.927924295e+01,0.00000e+00,9.99999e-01,0.00000e+00,4.12864e-58,9.99998e-01,4.25222e-01
1.937563916e+01,0.00000e+00,9.99999e-01,0.00000e+00,1.42677e-89,9.99998e-01,4.03211e-01
1.947251736e+01,0.00000e+00,9.99999e-01,0.00000e+00,4.33830e-91,9.99998e-01,3.81194e-01
1.956987994e+01,0.00000e+00,9.99999e-01,0.00000e+00,2.26365e-87,9.99998e-01,3.59069e-01
1.966772934e+01,0.00000e+00,9.99999e-01,0.00000e+00,3.95204e-72,9.99998e-01,3.32579e-01
1.976606799e+01,0.00000e+00,9.99999e-01,0.00000e+00,2.75734e-70,9.99998e-01,3.10727e-01
1.986489833e+01,0.00000e+00,9.99999e-01,0.00000e+00,2.85363e-75,9.99998e-01,2.89032e-01
1.996422282e+01,0.00000e+00,9.99999e-01,0.00000e+00,2.00171e-70,9.99998e-01,2.67785e-01
