#,Wave/freq,Total,N2,CO2,H2O,Rayleigh,CIA
4.000000000e-01,3.19890e-02,9.99999e-01,9.99999e-01,9.99992e-01,3.19892e-02,9.99999e-01
4.020000000e-01,3.42423e-02,9.99999e-01,9.99999e-01,9.99995e-01,3.42424e-02,9.99999e-01
4.040100000e-01,3.66024e-02,9.99999e-01,9.99999e-01,9.99997e-01,3.66025e-02,9.99999e-01
4.060300500e-01,3.90737e-02,9.99999e-01,9.99999e-01,9.99999e-01,3.90737e-02,9.99999e-01
4.080602003e-01,4.16580e-02,9.99999e-01,9.99999e-01,9.99999e-01,4.16580e-02,9.99999e-01
4.101005013e-01,4.43570e-02,9.99999e-01,9.99999e-01,9.99999e-01,4.43570e-02,9.99999e-01
4.121510038e-01,4.71724e-02,9.99999e-01,9.99999e-01,9.99999e-01,4.71724e-02,9.99999e-01
4.142117588e-01,5.01055e-02,9.99999e-01,9.99999e-01,9.99997e-01,5.01056e-02,9.99999e-01
4.162828176e-01,5.31573e-02,9.99999e-01,9.99999e-01,9.99991e-01,5.31578e-02,9.99999e-01
4.183642317e-01,5.63298e-02,9.99999e-01,9.99999e-01,9.99994e-01,5.63300e-02,9.99999e-01
4.204560528e-01,5.96231e-02,9.99999e-01,9.99999e-01,9.99996e-01,5.96233e-02,9.99999e-01
4.225583331e-01,6.30382e-02,9.99999e-01,9.99999e-01,9.99998e-01,6.30383e-02,9.99999e-01
4.246711247e-01,6.65756e-02,9.99999e-01,9.99999e-01,9.99998e-01,6.65756e-02,9.99999e-01
4.267944804e-01,7.02356e-02,9.99999e-01,9.99999e-01,9.99998e-01,7.02357e-02,9.99999e-01
4.289284528e-01,7.40186e-02,9.99999e-01,9.99999e-01,9.99998e-01,7.40186e-02,9.99999e-01
4.310730950e-01,7.79245e-02,9.99999e-01,9.99999e-01,9.99999e-01,7.79246e-02,9.99999e-01
4.332284605e-01,8.19533e-02,9.99999e-01,9.99999e-01,9.99999e-01,8.19533e-02,9.99999e-01
4.353946028e-01,8.61046e-02,9.99999e-01,9.99999e-01,9.99999e-01,8.61046e-02,9.99999e-01
4.375715758e-01,9.03778e-02,9.99999e-01,9.99999e-01,9.99998e-01,9.03779e-02,9.99999e-01
4.397594337e-01,9.47719e-02,9.99999e-01,9.99999e-01,9.99992e-01,9.47725e-02,9.99999e-01
4.419582309e-01,9.92841e-02,9.99999e-01,9.99999e-01,9.99963e-01,9.92877e-02,9.99999e-01
4.441680220e-01,1.03919e-01,9.99999e-01,9.99999e-01,9.99970e-01,1.03922e-01,9.99999e-01
4.463888621e-01,1.08672e-01,9.99999e-01,9.99999e-01,9.99969e-01,1.08676e-01,9.99999e-01
4.486208064e-01,1.13544e-01,9.99999e-01,9.99999e-01,9.99981e-01,1.13546e-01,9.99999e-01
4.508639105e-01,1.18530e-01,9.99999e-01,9.99999e-01,9.99990e-01,1.18531e-01,9.99999e-01
4.531182300e-01,1.23631e-01,9.99999e-01,9.99999e-01,9.99996e-01,1.23631e-01,9.99999e-01
4.553838212e-01,1.28842e-01,9.99999e-01,9.99999e-01,9.99997e-01,1.28843e-01,9.99999e-01
4.576607403e-01,1.34165e-01,9.99999e-01,9.99999e-01,9.99998e-01,1.34165e-01,9.99999e-01
4.599490440e-01,1.39595e-01,9.99999e-01,9.99999e-01,9.99998e-01,1.39595e-01,9.99999e-01
4.622487892e-01,1.45131e-01,9.99999e-01,9.99999e-01,9.99999e-01,1.45131e-01,9.99999e-01
4.645600332e-01,1.50771e-01,9.99999e-01,9.99999e-01,9.99998e-01,1.50771e-01,9.99999e-01
4.668828333e-01,1.56511e-01,9.99999e-01,9.99999e-01,9.99990e-01,1.56512e-01,9.99999e-01
4.692172475e-01,1.62349e-01,9.99999e-01,9.99999e-01,9.99980e-01,1.62352e-01,9.99999e-01
4.715633337e-01,1.68286e-01,9.99999e-01,9.99999e-01,9.99987e-01,1.68288e-01,9.99999e-01
4.739211504e-01,1.74315e-01,9.99999e-01,9.99999e-01,9.99987e-01,1.74317e-01,9.99999e-01
4.762907561e-01,1.80436e-01,9.99999e-01,9.99999e-01,9.99993e-01,1.80437e-01,9.99999e-01
4.786722099e-01,1.86644e-01,9.99999e-01,9.99999e-01,9.99997e-01,1.86645e-01,9.99999e-01
4.810655710e-01,1.92937e-01,9.99999e-01,9.99999e-01,9.99998e-01,1.92937e-01,9.99999e-01
4.834708988e-01,1.99309e-01,9.99999e-01,9.99999e-01,9.99992e-01,1.99310e-01,9.99999e-01
4.858882533e-01,2.05759e-01,9.99999e-01,9.99999e-01,9.99986e-01,2.05762e-01,9.99999e-01
4.883176946e-01,2.12287e-01,9.99999e-01,9.99999e-01,9.99988e-01,2.12289e-01,9.99999e-01
4.907592831e-01,2.18886e-01,9.99999e-01,9.99999e-01,9.99989e-01,2.18889e-01,9.99999e-01
4.932130795e-01,2.25555e-01,9.99999e-01,9.99999e-01,9.99992e-01,2.25557e-01,9.99999e-01
4.956791449e-01,2.32289e-01,9.99999e-01,9.99999e-01,9.99995e-01,2.32290e-01,9.99999e-01
4.981575406e-01,2.39081e-01,9.99999e-01,9.99999e-01,9.99980e-01,2.39085e-01,9.99999e-01
5.006483283e-01,2.45927e-01,9.99999e-01,9.99999e-01,9.99951e-01,2.45939e-01,9.99999e-01
5.031515699e-01,2.52786e-01,9.99999e-01,9.99999e-01,9.99753e-01,2.52849e-01,9.99996e-01
5.056673278e-01,2.59775e-01,9.99999e-01,9.99999e-01,9.99869e-01,2.59810e-01,9.99996e-01
5.081956644e-01,2.66775e-01,9.99999e-01,9.99999e-01,9.99835e-01,2.66819e-01,9.99997e-01
5.107366428e-01,2.73844e-01,9.99999e-01,9.99999e-01,9.99888e-01,2.73874e-01,9.99999e-01
5.132903260e-01,2.80953e-01,9.99999e-01,9.99999e-01,9.99936e-01,2.80971e-01,9.99999e-01
5.158567776e-01,2.88097e-01,9.99999e-01,9.99999e-01,9.99972e-01,2.88105e-01,9.99999e-01
5.184360615e-01,2.95272e-01,9.99999e-01,9.99999e-01,9.99988e-01,2.95275e-01,9.99999e-01
5.210282418e-01,3.02475e-01,9.99999e-01,9.99999e-01,9.99995e-01,3.02476e-01,9.99999e-01
5.236333830e-01,3.09700e-01,9.99999e-01,9.99999e-01,9.99983e-01,3.09705e-01,9.99999e-01
5.262515499e-01,3.16956e-01,9.99999e-01,9.99999e-01,9.99989e-01,3.16959e-01,9.99999e-01
5.288828077e-01,3.24232e-01,9.99999e-01,9.99999e-01,9.99990e-01,3.24235e-01,9.99999e-01
5.315272217e-01,3.31526e-01,9.99999e-01,9.99999e-01,9.99991e-01,3.31529e-01,9.99999e-01
5.341848578e-01,3.38836e-01,9.99999e-01,9.99999e-01,9.99994e-01,3.38838e-01,9.99999e-01
5.368557821e-01,3.46153e-01,9.99999e-01,9.99999e-01,9.99980e-01,3.46159e-01,9.99999e-01
5.395400610e-01,3.53466e-01,9.99999e-01,9.99999e-01,9.99932e-01,3.53490e-01,9.99998e-01
5.422377613e-01,3.60793e-01,9.99999e-01,9.99999e-01,9.99912e-01,3.60825e-01,9.99997e-01
5.449489501e-01,3.68134e-01,9.99999e-01,9.99999e-01,9.99918e-01,3.68164e-01,9.99997e-01
5.476736949e-01,3.75476e-01,9.99999e-01,9.99999e-01,9.99927e-01,3.75503e-01,9.99998e-01
5.504120634e-01,3.82819e-01,9.99999e-01,9.99999e-01,9.99947e-01,3.82839e-01,9.99999e-01
5.531641237e-01,3.90158e-01,9.99999e-01,9.99999e-01,9.99973e-01,3.90169e-01,9.99999e-01
5.559299443e-01,3.97485e-01,9.99999e-01,9.99999e-01,9.99986e-01,3.97490e-01,9.99999e-01
5.587095940e-01,4.04797e-01,9.99999e-01,9.99999e-01,9.99991e-01,4.04800e-01,9.99999e-01
5.615031420e-01,4.12092e-01,9.99999e-01,9.99999e-01,9.99990e-01,4.12096e-01,9.99999e-01
5.643106577e-01,4.19371e-01,9.99999e-01,9.99999e-01,9.99989e-01,4.19376e-01,9.99999e-01
5.671322110e-01,4.26584e-01,9.99999e-01,9.99999e-01,9.99878e-01,4.26636e-01,9.99998e-01
5.699678720e-01,4.33817e-01,9.99999e-01,9.99999e-01,9.99869e-01,4.33875e-01,9.99996e-01
5.728177114e-01,4.41030e-01,9.99999e-01,9.99999e-01,9.99864e-01,4.41091e-01,9.99996e-01
5.756818000e-01,4.48224e-01,9.99999e-01,9.99999e-01,9.99875e-01,4.48280e-01,9.99997e-01
5.785602090e-01,4.55391e-01,9.99999e-01,9.99999e-01,9.99891e-01,4.55441e-01,9.99998e-01
5.814530100e-01,4.62521e-01,9.99999e-01,9.99999e-01,9.99891e-01,4.62571e-01,9.99999e-01
5.843602750e-01,4.69609e-01,9.99999e-01,9.99999e-01,9.99870e-01,4.69669e-01,9.99998e-01
5.872820764e-01,4.76199e-01,9.99999e-01,9.99999e-01,9.98887e-01,4.76733e-01,9.99991e-01
5.902184868e-01,4.83096e-01,9.99999e-01,9.99999e-01,9.98648e-01,4.83760e-01,9.99978e-01
5.931695792e-01,4.90271e-01,9.99999e-01,9.99999e-01,9.99045e-01,4.90749e-01,9.99979e-01
5.961354271e-01,4.97171e-01,9.99999e-01,9.99999e-01,9.98953e-01,4.97698e-01,9.99987e-01
5.991161043e-01,5.04218e-01,9.99999e-01,9.99999e-01,9.99236e-01,5.04605e-01,9.99995e-01
6.021116848e-01,5.11247e-01,9.99999e-01,9.99999e-01,9.99566e-01,5.11468e-01,9.99999e-01
6.051222432e-01,5.18173e-01,9.99999e-01,9.99999e-01,9.99780e-01,5.18287e-01,9.99999e-01
6.081478544e-01,5.25010e-01,9.99999e-01,9.99999e-01,9.99905e-01,5.25059e-01,9.99999e-01
6.111885937e-01,5.31762e-01,9.99999e-01,9.99999e-01,9.99959e-01,5.31784e-01,9.99999e-01
6.142445367e-01,5.38449e-01,9.99999e-01,9.99999e-01,9.99981e-01,5.38459e-01,9.99999e-01
6.173157594e-01,5.45078e-01,9.99999e-01,9.99999e-01,9.99989e-01,5.45083e-01,9.99999e-01
6.204023382e-01,5.51651e-01,9.99999e-01,9.99999e-01,9.99991e-01,5.51656e-01,9.99999e-01
6.235043498e-01,5.58155e-01,9.99999e-01,9.99999e-01,9.99963e-01,5.58176e-01,9.99999e-01
6.266218716e-01,5.64531e-01,9.99999e-01,9.99999e-01,9.99805e-01,5.64641e-01,9.99998e-01
6.297549810e-01,5.71010e-01,9.99999e-01,9.99999e-01,9.99928e-01,5.71052e-01,9.99996e-01
6.329037559e-01,5.77325e-01,9.99999e-01,9.99999e-01,9.99858e-01,5.77407e-01,9.99997e-01
6.360682746e-01,5.83634e-01,9.99999e-01,9.99999e-01,9.99879e-01,5.83705e-01,9.99998e-01
6.392486160e-01,5.89853e-01,9.99999e-01,9.99999e-01,9.99844e-01,5.89945e-01,9.99998e-01
6.424448591e-01,5.96003e-01,9.99999e-01,9.99999e-01,9.99792e-01,5.96127e-01,9.99998e-01
6.456570834e-01,6.01666e-01,9.99999e-01,9.99999e-01,9.99036e-01,6.02249e-01,9.99994e-01
6.488853688e-01,6.07872e-01,9.99999e-01,9.99999e-01,9.99291e-01,6.08312e-01,9.99984e-01
6.521297956e-01,6.13863e-01,9.99999e-01,9.99999e-01,9.99278e-01,6.14314e-01,9.99986e-01
6.553904446e-01,6.19807e-01,9.99999e-01,9.99999e-01,9.99286e-01,6.20255e-01,9.99990e-01
6.586673968e-01,6.25747e-01,9.99999e-01,9.99999e-01,9.99384e-01,6.26134e-01,9.99996e-01
6.619607338e-01,6.31726e-01,9.99999e-01,9.99999e-01,9.99644e-01,6.31951e-01,9.99998e-01
6.652705375e-01,6.37575e-01,9.99999e-01,9.99999e-01,9.99793e-01,6.37706e-01,9.99999e-01
6.685968902e-01,6.43337e-01,9.99999e-01,9.99999e-01,9.99903e-01,6.43398e-01,9.99999e-01
6.719398746e-01,6.48998e-01,9.99999e-01,9.99999e-01,9.99955e-01,6.49027e-01,9.99999e-01
6.752995740e-01,6.54577e-01,9.99999e-01,9.99999e-01,9.99975e-01,6.54593e-01,9.99999e-01
6.786760719e-01,6.60072e-01,9.99999e-01,9.99999e-01,9.99965e-01,6.60095e-01,9.99999e-01
6.820694522e-01,6.65493e-01,9.99999e-01,9.99999e-01,9.99940e-01,6.65533e-01,9.99999e-01
6.854797995e-01,6.70855e-01,9.99999e-01,9.99999e-01,9.99923e-01,6.70907e-01,9.99998e-01
6.889071985e-01,6.76092e-01,9.99999e-01,9.99999e-01,9.99815e-01,6.76217e-01,9.99997e-01
6.923517345e-01,6.79398e-01,9.99999e-01,9.99999e-01,9.96984e-01,6.81463e-01,9.99985e-01
6.958134932e-01,6.85538e-01,9.99999e-01,9.99999e-01,9.98419e-01,6.86645e-01,9.99966e-01
6.992925606e-01,6.90712e-01,9.99999e-01,9.99999e-01,9.98509e-01,6.91763e-01,9.99970e-01
7.027890234e-01,6.95516e-01,9.99999e-01,9.99999e-01,9.98155e-01,6.96816e-01,9.99977e-01
7.063029686e-01,7.00711e-01,9.99999e-01,9.99999e-01,9.98449e-01,7.01806e-01,9.99988e-01
7.098344834e-01,7.05677e-01,9.99999e-01,9.99999e-01,9.98512e-01,7.06732e-01,9.99993e-01
7.133836558e-01,7.10180e-01,9.99999e-01,9.99999e-01,9.98025e-01,7.11594e-01,9.99986e-01
7.169505741e-01,7.04928e-01,9.99999e-01,9.99999e-01,9.84096e-01,7.16393e-01,9.99898e-01
7.205353270e-01,7.15340e-01,9.99999e-01,9.99999e-01,9.92151e-01,7.21128e-01,9.99820e-01
7.241380036e-01,7.18504e-01,9.99999e-01,9.99999e-01,9.90100e-01,7.25800e-01,9.99845e-01
7.277586936e-01,7.23788e-01,9.99999e-01,9.99999e-01,9.91059e-01,7.30409e-01,9.99873e-01
7.313974871e-01,7.27921e-01,9.99999e-01,9.99999e-01,9.90487e-01,7.34955e-01,9.99940e-01
7.350544745e-01,7.35581e-01,9.99999e-01,9.99999e-01,9.94802e-01,7.39439e-01,9.99978e-01
7.387297469e-01,7.41010e-01,9.99999e-01,9.99999e-01,9.96175e-01,7.43861e-01,9.99990e-01
7.424233956e-01,7.46819e-01,9.99999e-01,9.99999e-01,9.98126e-01,7.48222e-01,9.99997e-01
7.461355126e-01,7.51667e-01,9.99999e-01,9.99999e-01,9.98865e-01,7.52521e-01,9.99999e-01
7.498661902e-01,7.56359e-01,9.99999e-01,9.99999e-01,9.99471e-01,7.56759e-01,9.99999e-01
7.536155211e-01,7.60740e-01,9.99999e-01,9.99999e-01,9.99740e-01,7.60937e-01,9.99999e-01
7.573835987e-01,7.64952e-01,9.99999e-01,9.99999e-01,9.99866e-01,7.65054e-01,9.99999e-01
7.611705167e-01,7.69048e-01,9.99999e-01,9.99999e-01,9.99916e-01,7.69112e-01,9.99999e-01
7.649763693e-01,7.73070e-01,9.99999e-01,9.99999e-01,9.99947e-01,7.73110e-01,9.99999e-01
7.688012511e-01,7.77022e-01,9.99999e-01,9.99999e-01,9.99963e-01,7.77050e-01,9.99999e-01
7.726452574e-01,7.80908e-01,9.99999e-01,9.99999e-01,9.99969e-01,7.80931e-01,9.99999e-01
7.765084837e-01,7.84722e-01,9.99999e-01,9.99999e-01,9.99957e-01,7.84755e-01,9.99999e-01
7.803910261e-01,7.79155e-01,9.99999e-01,9.88299e-01,9.99817e-01,7.88521e-01,9.99999e-01
7.842929812e-01,7.52704e-01,9.99999e-01,9.50701e-01,9.99364e-01,7.92230e-01,9.99998e-01
7.882144461e-01,7.52865e-01,9.99999e-01,9.47182e-01,9.98687e-01,7.95883e-01,9.99991e-01
7.921555184e-01,7.74522e-01,9.99999e-01,9.69488e-01,9.99278e-01,7.99481e-01,9.99984e-01
7.961162960e-01,7.85553e-01,9.99999e-01,9.79498e-01,9.98730e-01,8.03022e-01,9.99984e-01
8.000968774e-01,7.96336e-01,9.99999e-01,9.88851e-01,9.98530e-01,8.06510e-01,9.99983e-01
8.040973618e-01,8.04058e-01,9.99999e-01,9.94205e-01,9.98531e-01,8.09943e-01,9.99986e-01
8.081178486e-01,8.08471e-01,9.99999e-01,9.97341e-01,9.96694e-01,8.13322e-01,9.99987e-01
8.121584379e-01,8.04711e-01,9.99999e-01,9.99175e-01,9.86238e-01,8.16648e-01,9.99953e-01
8.162192301e-01,8.06196e-01,9.99999e-01,9.99817e-01,9.83607e-01,8.19922e-01,9.99825e-01
8.203003262e-01,8.16223e-01,9.99999e-01,9.99996e-01,9.91795e-01,8.23144e-01,9.99795e-01
8.244018279e-01,8.16605e-01,9.99999e-01,9.99999e-01,9.88410e-01,8.26314e-01,9.99837e-01
8.285238370e-01,8.21226e-01,9.99999e-01,9.99999e-01,9.90229e-01,8.29434e-01,9.99872e-01
8.326664562e-01,8.24221e-01,9.99999e-01,9.99999e-01,9.90103e-01,8.32504e-01,9.99946e-01
8.368297885e-01,8.29610e-01,9.99999e-01,9.99999e-01,9.92933e-01,8.35523e-01,9.99987e-01
8.410139374e-01,8.34966e-01,9.99999e-01,9.99999e-01,9.95798e-01,8.38494e-01,9.99992e-01
8.452190071e-01,8.39679e-01,9.99999e-01,9.99999e-01,9.97938e-01,8.41417e-01,9.99995e-01
8.494451021e-01,8.43281e-01,9.99999e-01,9.99999e-01,9.98805e-01,8.44291e-01,9.99996e-01
8.536923276e-01,8.46518e-01,9.99999e-01,9.99999e-01,9.99292e-01,8.47119e-01,9.99997e-01
8.579607893e-01,8.49530e-01,9.99999e-01,9.99999e-01,9.99564e-01,8.49900e-01,9.99999e-01
8.622505932e-01,8.52399e-01,9.99999e-01,9.99999e-01,9.99723e-01,8.52634e-01,9.99999e-01
8.665618462e-01,8.26731e-01,9.99999e-01,9.66732e-01,9.99828e-01,8.55323e-01,9.99999e-01
8.708946554e-01,7.52489e-01,9.99999e-01,8.77229e-01,9.99804e-01,8.57968e-01,9.99999e-01
8.752491287e-01,7.75566e-01,9.99999e-01,9.01458e-01,9.99738e-01,8.60568e-01,9.99999e-01
8.796253743e-01,8.15681e-01,9.99999e-01,9.45372e-01,9.99637e-01,8.63124e-01,9.99998e-01
8.840235012e-01,8.40611e-01,9.99999e-01,9.71491e-01,9.99586e-01,8.65637e-01,9.99996e-01
8.884436187e-01,8.56990e-01,9.99999e-01,9.88680e-01,9.98497e-01,8.68108e-01,9.99992e-01
8.928858368e-01,8.52777e-01,9.99999e-01,9.95408e-01,9.84144e-01,8.70537e-01,9.99958e-01
8.973502660e-01,8.47333e-01,9.99999e-01,9.98880e-01,9.71968e-01,8.72924e-01,9.99787e-01
9.018370173e-01,8.62233e-01,9.99999e-01,9.99876e-01,9.85552e-01,8.75270e-01,9.99666e-01
9.063462024e-01,8.63535e-01,9.99999e-01,9.96849e-01,9.87364e-01,8.77577e-01,9.99707e-01
9.108779334e-01,8.56052e-01,9.99999e-01,9.92762e-01,9.80320e-01,8.79843e-01,9.99695e-01
9.154323231e-01,8.60710e-01,9.99999e-01,9.98292e-01,9.77685e-01,8.82071e-01,9.99748e-01
9.200094847e-01,8.46760e-01,9.99999e-01,9.74521e-01,9.82445e-01,8.84260e-01,9.99858e-01
9.246095321e-01,8.31919e-01,9.99999e-01,9.65003e-01,9.72492e-01,8.86411e-01,9.99837e-01
9.292325798e-01,7.14812e-01,9.99999e-01,9.72388e-01,8.26912e-01,8.88524e-01,9.99368e-01
9.338787427e-01,6.75874e-01,9.99999e-01,9.73318e-01,7.80840e-01,8.90601e-01,9.97391e-01
9.385481364e-01,7.90269e-01,9.99999e-01,9.80389e-01,9.05452e-01,8.92642e-01,9.96898e-01
9.432408771e-01,7.66344e-01,9.99999e-01,9.87961e-01,8.69133e-01,8.94646e-01,9.97323e-01
9.479570815e-01,7.30023e-01,9.99999e-01,9.93813e-01,8.20943e-01,8.96616e-01,9.97821e-01
9.526968669e-01,7.73691e-01,9.99999e-01,9.97010e-01,8.64681e-01,8.98550e-01,9.98670e-01
9.574603512e-01,7.89381e-01,9.99999e-01,9.98720e-01,8.78340e-01,9.00451e-01,9.99324e-01
9.622476530e-01,8.11692e-01,9.99999e-01,9.99600e-01,9.00335e-01,9.02318e-01,9.99532e-01
9.670588912e-01,8.50886e-01,9.99999e-01,9.99879e-01,9.41498e-01,9.04152e-01,9.99680e-01
9.718941857e-01,8.72499e-01,9.99999e-01,9.99991e-01,9.63307e-01,9.05953e-01,9.99764e-01
9.767536566e-01,8.79850e-01,9.99999e-01,9.99999e-01,9.69467e-01,9.07722e-01,9.99819e-01
9.816374249e-01,8.88760e-01,9.99999e-01,9.99999e-01,9.77299e-01,9.09460e-01,9.99937e-01
9.865456120e-01,8.98191e-01,9.99999e-01,9.99999e-01,9.85771e-01,9.11166e-01,9.99986e-01
9.914783401e-01,9.04798e-01,9.99999e-01,9.99999e-01,9.91191e-01,9.12842e-01,9.99995e-01
9.964357318e-01,9.10092e-01,9.99999e-01,9.99999e-01,9.95194e-01,9.14488e-01,9.99997e-01
1.001417910e+00,9.13461e-01,9.99999e-01,9.99999e-01,9.97117e-01,9.16104e-01,9.99996e-01
1.006425000e+00,9.16180e-01,9.99999e-01,9.99999e-01,9.98357e-01,9.17691e-01,9.99994e-01
1.011457125e+00,9.18308e-01,9.99999e-01,9.99999e-01,9.98979e-01,9.19249e-01,9.99995e-01
1.016514411e+00,9.20139e-01,9.99999e-01,9.99999e-01,9.99307e-01,9.20779e-01,9.99996e-01
1.021596983e+00,9.21756e-01,9.99999e-01,9.99983e-01,9.99448e-01,9.22282e-01,9.99996e-01
1.026704968e+00,9.22230e-01,9.99999e-01,9.98778e-01,9.99569e-01,9.23757e-01,9.99997e-01
1.031838492e+00,9.06864e-01,9.99999e-01,9.80478e-01,9.99686e-01,9.25205e-01,9.99998e-01
1.036997685e+00,3.56091e-01,9.99999e-01,3.84349e-01,9.99813e-01,9.26627e-01,9.99999e-01
1.042182673e+00,4.43485e-01,9.99999e-01,4.77982e-01,9.99778e-01,9.28022e-01,9.99999e-01
1.047393587e+00,3.91454e-01,9.99999e-01,4.21307e-01,9.99706e-01,9.29393e-01,9.99999e-01
1.052630555e+00,1.04066e-01,9.99999e-01,1.11848e-01,9.99597e-01,9.30738e-01,9.99999e-01
1.057893707e+00,1.72606e-01,9.99999e-01,1.85292e-01,9.99328e-01,9.32058e-01,9.99999e-01
1.063183176e+00,2.77593e-01,9.99999e-01,2.97697e-01,9.98894e-01,9.33355e-01,9.99998e-01
1.068499092e+00,4.21383e-01,9.99999e-01,4.51640e-01,9.98147e-01,9.34627e-01,9.99998e-01
1.073841587e+00,5.65549e-01,9.99999e-01,6.05527e-01,9.97832e-01,9.35876e-01,9.99996e-01
1.079210795e+00,6.81743e-01,9.99999e-01,7.29469e-01,9.97220e-01,9.37102e-01,9.99992e-01
1.084606849e+00,7.86946e-01,9.99999e-01,8.42186e-01,9.95795e-01,9.38305e-01,9.99981e-01
1.090029883e+00,8.54507e-01,9.99999e-01,9.15045e-01,9.93972e-01,9.39486e-01,9.99962e-01
1.095480033e+00,8.85685e-01,9.99999e-01,9.57234e-01,9.83643e-01,9.40645e-01,9.99932e-01
1.100957433e+00,8.84194e-01,9.99999e-01,9.79206e-01,9.58835e-01,9.41783e-01,9.99876e-01
1.106462220e+00,8.39119e-01,9.99999e-01,9.91350e-01,8.97790e-01,9.42899e-01,9.99791e-01
1.111994531e+00,7.47875e-01,9.99999e-01,9.96786e-01,7.95172e-01,9.43995e-01,9.99446e-01
1.117554504e+00,6.48316e-01,9.99999e-01,9.99213e-01,6.87870e-01,9.45070e-01,9.98005e-01
1.123142276e+00,7.09539e-01,9.99999e-01,9.99947e-01,7.53531e-01,9.46125e-01,9.95276e-01
1.128757988e+00,7.88974e-01,9.99999e-01,9.99999e-01,8.37562e-01,9.47161e-01,9.94537e-01
1.134401778e+00,6.05358e-01,9.99999e-01,9.99999e-01,6.41424e-01,9.48177e-01,9.95353e-01
1.140073787e+00,8.52550e-01,9.99999e-01,9.99999e-01,9.01549e-01,9.49174e-01,9.96285e-01
1.145774156e+00,7.59903e-01,9.99999e-01,9.99999e-01,8.02497e-01,9.50153e-01,9.96599e-01
1.151503026e+00,7.41214e-01,9.99999e-01,9.99999e-01,7.80792e-01,9.51113e-01,9.98103e-01
1.157260541e+00,7.78217e-01,9.99999e-01,9.99999e-01,8.17871e-01,9.52055e-01,9.99432e-01
1.163046844e+00,8.21696e-01,9.99999e-01,9.99999e-01,8.62377e-01,9.52979e-01,9.99838e-01
1.168862078e+00,8.61341e-01,9.99999e-01,9.99999e-01,9.03055e-01,9.53886e-01,9.99916e-01
1.174706389e+00,8.96481e-01,9.99999e-01,9.99999e-01,9.39045e-01,9.54776e-01,9.99889e-01
1.180579921e+00,9.19638e-01,9.99999e-01,9.99999e-01,9.62477e-01,9.55649e-01,9.99833e-01
1.186482820e+00,9.35943e-01,9.99999e-01,9.99997e-01,9.78670e-01,9.56506e-01,9.99829e-01
1.192415234e+00,9.41132e-01,9.99999e-01,9.95603e-01,9.87513e-01,9.57346e-01,9.99871e-01
1.198377311e+00,5.79502e-01,9.99999e-01,6.10335e-01,9.89470e-01,9.58171e-01,9.99878e-01
1.204369197e+00,3.58387e-05,9.99999e-01,3.75925e-05,9.90021e-01,9.58980e-01,9.99890e-01
1.210391043e+00,7.43219e-15,9.99999e-01,7.78544e-15,9.90460e-01,9.59774e-01,9.99933e-01
1.216442998e+00,4.33682e-13,9.99999e-01,4.53807e-13,9.91873e-01,9.60552e-01,9.99958e-01
1.222525213e+00,7.36859e-13,9.99999e-01,7.69234e-13,9.93674e-01,9.61316e-01,9.99974e-01
1.228637839e+00,7.89212e-10,9.99999e-01,8.22963e-10,9.95605e-01,9.62066e-01,9.99987e-01
1.234781029e+00,3.70540e-07,9.99999e-01,3.85479e-07,9.96733e-01,9.62801e-01,9.99996e-01
1.240954934e+00,6.96213e-05,9.99999e-01,7.23603e-05,9.97934e-01,9.63522e-01,9.99998e-01
1.247159708e+00,4.81778e-03,9.99999e-01,5.00277e-03,9.98391e-01,9.64230e-01,9.99998e-01
1.253395507e+00,5.50637e-02,9.99999e-01,5.71353e-02,9.98572e-01,9.64924e-01,9.99998e-01
1.259662485e+00,1.92192e-01,9.99999e-01,1.99283e-01,9.98645e-01,9.65604e-01,9.99998e-01
1.265960797e+00,3.79087e-01,9.99999e-01,3.93107e-01,9.97833e-01,9.66272e-01,9.99997e-01
1.272290601e+00,6.59795e-01,9.99999e-01,6.84618e-01,9.96601e-01,9.66927e-01,9.99995e-01
1.278652054e+00,5.98758e-01,9.99999e-01,6.22627e-01,9.93244e-01,9.67570e-01,9.99992e-01
1.285045314e+00,8.70460e-02,9.99999e-01,9.05468e-02,9.89398e-01,9.68200e-01,9.99987e-01
1.291470541e+00,2.10599e-02,9.99999e-01,2.21121e-02,9.78794e-01,9.68818e-01,9.99978e-01
1.297927893e+00,1.00931e-01,9.99999e-01,1.06211e-01,9.72363e-01,9.69425e-01,9.99959e-01
1.304417533e+00,4.71972e-01,9.99999e-01,5.03789e-01,9.64497e-01,9.70019e-01,9.99914e-01
1.310939621e+00,1.51820e-01,9.99999e-01,1.60716e-01,9.59485e-01,9.70603e-01,9.99825e-01
1.317494319e+00,1.70976e-05,9.99999e-01,1.81552e-05,9.56033e-01,9.71175e-01,9.99677e-01
1.324081790e+00,2.93888e-04,9.99999e-01,3.14207e-04,9.34689e-01,9.71736e-01,9.99473e-01
1.330702199e+00,1.31068e-02,9.99999e-01,1.63704e-02,7.38821e-01,9.72287e-01,9.99092e-01
1.337355710e+00,6.24503e-03,9.99999e-01,1.06207e-02,4.80460e-01,9.72826e-01,9.98253e-01
1.344042489e+00,1.35589e-03,9.99999e-01,4.83812e-03,1.24917e-01,9.73356e-01,9.94749e-01
1.350762701e+00,3.63699e-04,9.99999e-01,1.38344e-02,1.74289e-02,9.73875e-01,9.82138e-01
1.357516515e+00,4.33723e-04,9.99999e-01,5.80628e-02,5.29471e-03,9.74385e-01,9.48481e-01
1.364304097e+00,4.85730e-03,9.99999e-01,1.75515e-01,2.55243e-02,9.74884e-01,9.11468e-01
1.371125618e+00,3.62672e-02,9.99999e-01,3.95983e-01,9.01232e-02,9.75374e-01,9.16314e-01
1.377981246e+00,5.75382e-02,9.99999e-01,4.81647e-01,1.25322e-01,9.75855e-01,9.27822e-01
1.384871152e+00,1.34126e-02,9.99999e-01,6.53373e-01,2.13222e-02,9.76326e-01,9.31870e-01
1.391795508e+00,2.18428e-02,9.99999e-01,6.75166e-01,3.38579e-02,9.76788e-01,9.35388e-01
1.398754485e+00,3.62395e-02,9.99999e-01,7.85819e-01,4.90373e-02,9.77241e-01,9.46517e-01
1.405748258e+00,3.89649e-02,9.99999e-01,8.36790e-01,4.79719e-02,9.77686e-01,9.68377e-01
1.412776999e+00,4.81458e-02,9.99999e-01,8.93831e-01,5.51737e-02,9.78122e-01,9.85435e-01
1.419840884e+00,5.70356e-02,9.99999e-01,8.44482e-01,6.41852e-02,9.78549e-01,9.93587e-01
1.426940089e+00,3.07288e-02,9.99999e-01,1.28308e-01,1.21313e-01,9.78968e-01,9.95124e-01
1.434074789e+00,7.58798e-200,9.99999e-01,1.90455e-199,1.96358e-01,9.79379e-01,9.94249e-01
1.441245163e+00,4.14190e-294,9.99999e-01,8.66842e-294,3.09988e-01,9.79782e-01,9.93772e-01
1.448451389e+00,7.14213e-242,9.99999e-01,1.10674e-241,4.29017e-01,9.80178e-01,9.94545e-01
1.455693646e+00,1.00095e-108,9.99999e-01,1.33524e-108,5.85729e-01,9.80565e-01,9.95752e-01
1.462972114e+00,1.61379e-53,9.99999e-01,2.15176e-53,6.35570e-01,9.80946e-01,9.95948e-01
1.470286975e+00,2.06269e-23,9.99999e-01,2.81182e-23,5.87288e-01,9.81318e-01,9.96017e-01
1.477638409e+00,2.04171e-15,9.99999e-01,2.78265e-15,6.24591e-01,9.81684e-01,9.97309e-01
1.485026601e+00,2.86816e-09,9.99999e-01,3.78673e-09,6.84413e-01,9.82043e-01,9.98760e-01
1.492451734e+00,7.40023e-08,9.99999e-01,9.13356e-08,7.50857e-01,9.82394e-01,9.99457e-01
1.499913993e+00,2.19661e-04,9.99999e-01,2.51680e-04,8.27468e-01,9.82739e-01,9.99765e-01
1.507413563e+00,2.28640e-03,9.99999e-01,2.62568e-03,8.72667e-01,9.83077e-01,9.99889e-01
1.514950631e+00,1.29743e-04,9.99999e-01,1.39628e-04,9.18311e-01,9.83408e-01,9.99948e-01
1.522525384e+00,1.80300e-11,9.99999e-01,1.90145e-11,9.46542e-01,9.83733e-01,9.99980e-01
1.530138011e+00,1.63399e-24,9.99999e-01,1.69896e-24,9.60531e-01,9.84052e-01,9.99992e-01
1.537788701e+00,1.38591e-18,9.99999e-01,1.43019e-18,9.77613e-01,9.84365e-01,9.99996e-01
1.545477645e+00,1.79076e-05,9.99999e-01,1.83641e-05,9.85605e-01,9.84671e-01,9.99997e-01
1.553205033e+00,2.04618e-03,9.99999e-01,2.09771e-03,9.88289e-01,9.84971e-01,9.99998e-01
1.560971058e+00,5.33416e-04,9.99999e-01,5.44308e-04,9.92711e-01,9.85266e-01,9.99998e-01
1.568775913e+00,1.01423e-59,9.99999e-01,1.03247e-59,9.95199e-01,9.85555e-01,9.99998e-01
1.576619793e+00,7.93284e-138,9.99999e-01,8.06383e-138,9.96265e-01,9.85838e-01,9.99998e-01
1.584502892e+00,6.94732e-76,9.99999e-01,7.05745e-76,9.97730e-01,9.86116e-01,9.99998e-01
1.592425406e+00,3.75111e-53,9.99999e-01,3.80845e-53,9.97899e-01,9.86388e-01,9.99998e-01
1.600387533e+00,5.14958e-85,9.99999e-01,5.22491e-85,9.98551e-01,9.86655e-01,9.99998e-01
1.608389471e+00,8.59075e-142,9.99999e-01,8.71486e-142,9.98501e-01,9.86917e-01,9.99998e-01
1.616431418e+00,1.12591e-142,9.99999e-01,1.14188e-142,9.98469e-01,9.87174e-01,9.99998e-01
1.624513575e+00,2.21159e-67,9.99999e-01,2.24210e-67,9.98362e-01,9.87426e-01,9.99998e-01
1.632636143e+00,1.98400e-50,9.99999e-01,2.01133e-50,9.97432e-01,9.87673e-01,9.99998e-01
1.640799324e+00,1.00087e-21,9.99999e-01,1.01495e-21,9.96576e-01,9.87915e-01,9.99997e-01
1.649003321e+00,1.42919e-21,9.99999e-01,1.45068e-21,9.95624e-01,9.88152e-01,9.99996e-01
1.657248337e+00,5.71680e-17,9.99999e-01,5.80363e-17,9.94236e-01,9.88384e-01,9.99996e-01
1.665534579e+00,4.26022e-17,9.99999e-01,4.33228e-17,9.92151e-01,9.88613e-01,9.99996e-01
1.673862252e+00,1.97641e-11,9.99999e-01,2.01138e-11,9.89276e-01,9.88836e-01,9.99995e-01
1.682231563e+00,2.35873e-08,9.99999e-01,2.39516e-08,9.90642e-01,9.89056e-01,9.99993e-01
1.690642721e+00,2.60510e-05,9.99999e-01,2.66062e-05,9.83647e-01,9.89271e-01,9.99989e-01
1.699095934e+00,1.65631e-03,9.99999e-01,1.69544e-03,9.81018e-01,9.89481e-01,9.99984e-01
1.707591414e+00,3.25879e-02,9.99999e-01,3.34540e-02,9.79762e-01,9.89688e-01,9.99976e-01
1.716129371e+00,1.56218e-01,9.99999e-01,1.61384e-01,9.74899e-01,9.89891e-01,9.99965e-01
1.724710018e+00,3.65647e-01,9.99999e-01,3.82745e-01,9.62219e-01,9.90089e-01,9.99950e-01
1.733333568e+00,5.11607e-01,9.99999e-01,5.42249e-01,9.51079e-01,9.90284e-01,9.99922e-01
1.742000236e+00,6.24277e-01,9.99999e-01,6.77413e-01,9.27062e-01,9.90475e-01,9.99876e-01
1.750710237e+00,6.76359e-02,9.99999e-01,7.51826e-02,8.66290e-01,9.90662e-01,9.99802e-01
1.759463788e+00,6.65140e-11,9.99999e-01,7.84124e-11,7.62639e-01,9.90846e-01,9.99666e-01
1.768261107e+00,8.01544e-12,9.99999e-01,1.05779e-11,5.96265e-01,9.91026e-01,9.99424e-01
1.777102413e+00,6.42332e-11,9.99999e-01,1.25749e-10,4.19993e-01,9.91202e-01,9.99099e-01
1.785987925e+00,5.40662e-11,9.99999e-01,1.31528e-10,2.04631e-01,9.91375e-01,9.98550e-01
1.794917864e+00,1.87086e-10,9.99999e-01,9.66243e-10,1.09904e-01,9.91545e-01,9.97151e-01
1.803892454e+00,5.21067e-11,9.99999e-01,5.11072e-10,2.61203e-02,9.91711e-01,9.94030e-01
1.812911916e+00,9.92662e-11,9.99999e-01,2.33289e-09,1.19705e-02,9.91874e-01,9.87793e-01
1.821976476e+00,6.46401e-11,9.99999e-01,1.30516e-09,1.23268e-02,9.92034e-01,9.73261e-01
1.831086358e+00,1.54282e-09,9.99999e-01,5.83731e-08,6.65770e-03,9.92191e-01,9.39137e-01
1.840241790e+00,4.22577e-08,9.99999e-01,1.04643e-06,1.01155e-02,9.92344e-01,8.99462e-01
1.849442999e+00,4.31562e-06,9.99999e-01,8.11420e-05,2.56995e-02,9.92495e-01,8.80356e-01
1.858690214e+00,1.71324e-06,9.99999e-01,2.87611e-04,4.97291e-03,9.92643e-01,8.80460e-01
1.867983665e+00,3.25036e-07,9.99999e-01,5.25456e-05,9.98359e-04,9.92788e-01,8.89456e-01
1.877323583e+00,2.67532e-20,9.99999e-01,1.38879e-19,7.67714e-02,9.92929e-01,9.01729e-01
1.886710201e+00,4.90713e-26,9.99999e-01,1.73861e-25,1.11995e-01,9.93069e-01,9.13595e-01
1.896143752e+00,5.35638e-29,9.99999e-01,1.83445e-28,1.26913e-01,9.93205e-01,9.15294e-01
1.905624471e+00,3.46811e-34,9.99999e-01,3.97770e-33,3.30575e-02,9.93339e-01,9.22564e-01
1.915152593e+00,5.52169e-27,9.99999e-01,1.21378e-25,1.41406e-02,9.93470e-01,9.44032e-01
1.924728356e+00,2.95976e-32,9.99999e-01,7.08135e-31,9.02496e-03,9.93598e-01,9.67956e-01
1.934351998e+00,0.00000e+00,9.99999e-01,0.00000e+00,8.66536e-03,9.93725e-01,9.84534e-01
1.944023758e+00,0.00000e+00,9.99999e-01,0.00000e+00,3.38174e-02,9.93848e-01,9.94556e-01
1.953743877e+00,0.00000e+00,9.99999e-01,0.00000e+00,5.65593e-02,9.93969e-01,9.97718e-01
1.963512596e+00,0.00000e+00,9.99999e-01,0.00000e+00,1.72241e-01,9.94088e-01,9.98846e-01
1.973330159e+00,0.00000e+00,9.99999e-01,0.00000e+00,2.60006e-01,9.94204e-01,9.99396e-01
1.983196810e+00,0.00000e+00,9.99999e-01,0.00000e+00,5.09594e-01,9.94319e-01,9.99668e-01
1.993112794e+00,0.00000e+00,9.99999e-01,0.00000e+00,5.95983e-01,9.94430e-01,9.99819e-01
2.003078358e+00,0.00000e+00,9.99999e-01,0.00000e+00,7.41762e-01,9.94540e-01,9.99898e-01
2.013093750e+00,0.00000e+00,9.99999e-01,0.00000e+00,8.24331e-01,9.94648e-01,9.99939e-01
2.023159218e+00,0.00000e+00,9.99999e-01,0.00000e+00,8.95207e-01,9.94753e-01,9.99957e-01
2.033275015e+00,0.00000e+00,9.99999e-01,0.00000e+00,9.17797e-01,9.94856e-01,9.99965e-01
2.043441390e+00,0.00000e+00,9.99999e-01,0.00000e+00,9.48389e-01,9.94958e-01,9.99963e-01
2.053658597e+00,0.00000e+00,9.99999e-01,0.00000e+00,9.58312e-01,9.95057e-01,9.99949e-01
2.063926890e+00,0.00000e+00,9.99999e-01,0.00000e+00,9.72001e-01,9.95154e-01,9.99923e-01
2.074246524e+00,0.00000e+00,9.99998e-01,0.00000e+00,9.75701e-01,9.95250e-01,9.99878e-01
2.084617757e+00,0.00000e+00,9.99998e-01,0.00000e+00,9.84062e-01,9.95343e-01,9.99808e-01
2.095040845e+00,0.00000e+00,9.99997e-01,0.00000e+00,9.87441e-01,9.95435e-01,9.99711e-01
2.105516050e+00,0.00000e+00,9.99997e-01,0.00000e+00,9.89191e-01,9.95525e-01,9.99594e-01
2.116043630e+00,0.00000e+00,9.99997e-01,0.00000e+00,9.89661e-01,9.95613e-01,9.99501e-01
2.126623848e+00,3.82271e-234,9.99997e-01,3.85571e-234,9.93711e-01,9.95700e-01,9.99440e-01
2.137256967e+00,2.88891e-144,9.99998e-01,2.91378e-144,9.94030e-01,9.95785e-01,9.99376e-01
2.147943252e+00,2.54549e-68,9.99998e-01,2.56804e-68,9.94246e-01,9.95868e-01,9.99250e-01
2.158682968e+00,9.11502e-42,9.99995e-01,9.19844e-42,9.94747e-01,9.95949e-01,9.99127e-01
2.169476383e+00,3.15935e-21,9.99998e-01,3.18718e-21,9.94403e-01,9.96029e-01,9.99324e-01
2.180323765e+00,8.11542e-14,9.99998e-01,8.18594e-14,9.93607e-01,9.96107e-01,9.99503e-01
2.191225384e+00,5.87103e-08,9.99998e-01,5.92074e-08,9.92188e-01,9.96184e-01,9.99586e-01
2.202181511e+00,2.52463e-05,9.99998e-01,2.55181e-05,9.90266e-01,9.96259e-01,9.99681e-01
2.213192418e+00,2.77573e-03,9.99998e-01,2.80577e-03,9.90232e-01,9.96333e-01,9.99778e-01
2.224258381e+00,3.19886e-02,9.99999e-01,3.24239e-02,9.88373e-01,9.96405e-01,9.99858e-01
2.235379672e+00,1.17567e-01,9.99999e-01,1.19070e-01,9.90239e-01,9.96476e-01,9.99915e-01
2.246556571e+00,2.25800e-01,9.99999e-01,2.30334e-01,9.82513e-01,9.96545e-01,9.99945e-01
2.257789354e+00,4.06871e-01,9.99999e-01,4.13586e-01,9.86717e-01,9.96614e-01,9.99960e-01
2.269078300e+00,4.44968e-01,9.99999e-01,4.61506e-01,9.67039e-01,9.96680e-01,9.99967e-01
2.280423692e+00,4.55962e-01,9.99999e-01,4.69989e-01,9.72891e-01,9.96746e-01,9.99966e-01
2.291825810e+00,5.78087e-01,9.99999e-01,6.12043e-01,9.47004e-01,9.96810e-01,9.99960e-01
2.303284939e+00,6.45533e-01,9.99999e-01,6.79622e-01,9.52512e-01,9.96873e-01,9.99946e-01
2.314801364e+00,6.50047e-01,9.99999e-01,7.08596e-01,9.19756e-01,9.96934e-01,9.99924e-01
2.326375371e+00,7.26576e-01,9.99999e-01,7.95094e-01,9.16057e-01,9.96995e-01,9.99899e-01
2.338007248e+00,7.02012e-01,9.99999e-01,7.79917e-01,9.02237e-01,9.97054e-01,9.99863e-01
2.349697284e+00,6.75788e-01,9.99999e-01,8.05084e-01,8.40514e-01,9.97112e-01,9.99815e-01
2.361445770e+00,7.29667e-01,9.99999e-01,8.41364e-01,8.69510e-01,9.97169e-01,9.99745e-01
2.373252999e+00,7.05491e-01,9.99999e-01,8.54410e-01,8.27053e-01,9.97225e-01,9.99648e-01
2.385119264e+00,6.73460e-01,9.99999e-01,9.32859e-01,7.22918e-01,9.97280e-01,9.99528e-01
2.397044861e+00,7.88638e-01,9.99999e-01,9.72136e-01,8.13658e-01,9.97333e-01,9.99293e-01
2.409030085e+00,6.51049e-01,9.99999e-01,9.51969e-01,6.85723e-01,9.97386e-01,9.98972e-01
2.421075235e+00,6.25552e-01,9.99999e-01,9.15072e-01,6.80516e-01,9.97437e-01,9.98557e-01
2.433180612e+00,3.56227e-01,9.99999e-01,6.14595e-01,5.55629e-01,9.97488e-01,9.98004e-01
2.445346515e+00,3.17390e-01,9.99999e-01,7.95719e-01,3.86685e-01,9.97538e-01,9.97218e-01
2.457573247e+00,7.62515e-02,9.99999e-01,1.76533e-01,3.27914e-01,9.97586e-01,9.95924e-01
2.469861113e+00,7.02603e-05,9.99999e-01,2.12799e-04,9.80031e-02,9.97634e-01,9.94050e-01
2.482210419e+00,1.66058e-14,9.99999e-01,3.06259e-13,2.46876e-02,9.97680e-01,9.91382e-01
2.494621471e+00,3.02272e-21,9.99999e-01,3.19747e-19,2.62230e-03,9.97726e-01,9.87412e-01
2.507094578e+00,4.07466e-22,9.99999e-01,1.41145e-18,4.67380e-05,9.97771e-01,9.80271e-01
2.519630051e+00,1.55743e-30,9.99999e-01,8.22508e-25,9.99910e-08,9.97815e-01,9.66347e-01
2.532228202e+00,4.74552e-39,9.99999e-01,2.91639e-31,1.20773e-09,9.97858e-01,9.39391e-01
2.544889343e+00,5.12796e-43,9.99999e-01,6.95728e-32,8.43778e-13,9.97900e-01,8.82531e-01
2.557613789e+00,1.43128e-48,9.99999e-01,4.97584e-38,2.43687e-12,9.97942e-01,7.83568e-01
2.570401858e+00,8.79462e-93,9.99999e-01,4.87654e-75,1.38559e-19,9.97982e-01,6.33347e-01
2.583253867e+00,5.46258e-181,9.99999e-01,7.23355e-166,8.25194e-17,9.98022e-01,4.84950e-01
2.596170137e+00,2.89668e-214,9.99999e-01,2.40991e-201,1.84808e-14,9.98061e-01,4.02651e-01
2.609150988e+00,0.00000e+00,9.99999e-01,0.00000e+00,1.87847e-10,9.98099e-01,3.51684e-01
2.622196742e+00,0.00000e+00,9.99999e-01,0.00000e+00,6.09588e-09,9.98137e-01,3.43974e-01
2.635307726e+00,0.00000e+00,9.99999e-01,0.00000e+00,1.37943e-04,9.98174e-01,3.68795e-01
2.648484265e+00,0.00000e+00,9.99999e-01,0.00000e+00,2.26626e-05,9.98210e-01,3.76985e-01
2.661726686e+00,0.00000e+00,9.99999e-01,0.00000e+00,3.05294e-09,9.98245e-01,3.71337e-01
2.675035320e+00,0.00000e+00,9.99999e-01,0.00000e+00,1.31346e-28,9.98280e-01,3.74565e-01
2.688410496e+00,0.00000e+00,9.99999e-01,0.00000e+00,6.47986e-15,9.98313e-01,3.94596e-01
2.701852549e+00,0.00000e+00,9.99999e-01,0.00000e+00,7.74884e-13,9.98347e-01,4.06187e-01
2.715361811e+00,0.00000e+00,9.99999e-01,0.00000e+00,8.42572e-13,9.98379e-01,4.18870e-01
2.728938620e+00,0.00000e+00,9.99999e-01,0.00000e+00,2.73074e-09,9.98411e-01,4.56316e-01
2.742583314e+00,0.00000e+00,9.99999e-01,0.00000e+00,6.16749e-10,9.98443e-01,5.34434e-01
2.756296230e+00,0.00000e+00,9.99999e-01,0.00000e+00,8.71671e-11,9.98473e-01,6.43789e-01
2.770077711e+00,0.00000e+00,9.99999e-01,0.00000e+00,8.27198e-14,9.98503e-01,7.52654e-01
2.783928100e+00,0.00000e+00,9.99999e-01,0.00000e+00,6.09029e-14,9.98533e-01,8.19455e-01
2.797847740e+00,0.00000e+00,9.99999e-01,0.00000e+00,9.70368e-11,9.98562e-01,8.75568e-01
2.811836979e+00,0.00000e+00,9.99999e-01,0.00000e+00,2.79788e-11,9.98590e-01,9.21644e-01
2.825896164e+00,0.00000e+00,9.99999e-01,0.00000e+00,7.86123e-10,9.98618e-01,9.48716e-01
2.840025645e+00,0.00000e+00,9.99999e-01,0.00000e+00,5.62162e-08,9.98645e-01,9.62681e-01
2.854225773e+00,0.00000e+00,9.99999e-01,0.00000e+00,2.05206e-07,9.98672e-01,9.71725e-01
2.868496902e+00,0.00000e+00,9.99999e-01,0.00000e+00,7.43537e-07,9.98698e-01,9.80943e-01
2.882839386e+00,0.00000e+00,9.99999e-01,0.00000e+00,1.57455e-05,9.98724e-01,9.87109e-01
2.897253583e+00,0.00000e+00,9.99999e-01,0.00000e+00,9.02455e-05,9.98749e-01,9.90400e-01
2.911739851e+00,0.00000e+00,9.99999e-01,0.00000e+00,1.72933e-03,9.98774e-01,9.92588e-01
2.926298550e+00,0.00000e+00,9.99999e-01,0.00000e+00,3.70667e-03,9.98798e-01,9.94529e-01
2.940930043e+00,0.00000e+00,9.99999e-01,0.00000e+00,5.78120e-03,9.98822e-01,9.95609e-01
2.955634693e+00,0.00000e+00,9.99999e-01,0.00000e+00,1.45738e-02,9.98845e-01,9.96075e-01
2.970412867e+00,5.10813e-177,9.99999e-01,8.83686e-176,1.58118e-02,9.98868e-01,9.96564e-01
2.985264931e+00,1.22338e-113,9.99999e-01,1.12956e-112,5.84821e-02,9.98890e-01,9.96793e-01
3.000191256e+00,5.37751e-89,9.99999e-01,3.40520e-88,5.68231e-02,9.98912e-01,9.96723e-01
3.015192212e+00,6.74884e-95,9.99999e-01,3.35211e-94,1.20199e-01,9.98933e-01,9.96220e-01
3.030268173e+00,5.29806e-77,9.99999e-01,2.08541e-76,1.83650e-01,9.98954e-01,9.95399e-01
3.045419514e+00,7.17806e-48,9.99999e-01,3.27352e-47,9.27980e-02,9.98975e-01,9.94686e-01
3.060646612e+00,4.97205e-23,9.99999e-01,1.32093e-22,2.76334e-01,9.98995e-01,9.93616e-01
3.075949845e+00,2.28737e-18,9.99999e-01,9.25498e-18,2.86346e-01,9.99015e-01,6.59683e-01
3.091329594e+00,9.90831e-18,9.99999e-01,7.33908e-17,2.12339e-01,9.99035e-01,3.74679e-01
3.106786242e+00,1.61404e-18,9.99999e-01,5.14826e-17,3.63138e-01,9.99054e-01,6.97707e-02
3.122320173e+00,5.35350e-16,9.99999e-01,1.62401e-12,4.10278e-01,9.99072e-01,6.18690e-04
3.137931774e+00,2.53496e-13,9.99999e-01,1.77313e-11,4.35225e-01,9.99091e-01,2.95287e-02
3.153621433e+00,5.27766e-13,9.99999e-01,1.89916e-12,5.64933e-01,9.99108e-01,4.02401e-01
3.169389540e+00,4.75511e-18,9.99999e-01,2.50635e-16,6.00309e-01,9.99126e-01,2.62716e-02
3.185236488e+00,4.64035e-16,9.99999e-01,2.78752e-13,5.21457e-01,9.99143e-01,2.50847e-03
3.201162670e+00,1.43826e-15,9.99999e-01,1.33456e-10,2.71126e-01,9.99160e-01,2.76489e-05
3.217168483e+00,1.11456e-16,9.99999e-01,9.76703e-10,4.05705e-01,9.99177e-01,2.61262e-07
3.233254326e+00,4.51765e-19,9.99999e-01,6.70521e-09,5.29662e-01,9.99193e-01,1.05392e-10
3.249420598e+00,3.47289e-22,9.99999e-01,1.07850e-05,6.27262e-01,9.99209e-01,4.25707e-17
3.265667701e+00,4.03658e-31,9.99999e-01,1.50085e-04,5.36082e-01,9.99224e-01,4.62687e-27
3.281996039e+00,2.48902e-45,9.99999e-01,9.49378e-04,6.09041e-01,9.99240e-01,4.01951e-42
3.298406019e+00,2.99800e-63,9.99999e-01,4.22314e-03,4.01296e-01,9.99255e-01,1.60940e-60
3.314898049e+00,1.28186e-87,9.99999e-01,5.55747e-03,3.72463e-01,9.99269e-01,5.96181e-85
3.331472540e+00,4.10892e-72,9.99999e-01,6.45583e-03,5.03416e-01,9.99284e-01,1.21797e-69
3.348129902e+00,1.36060e-52,9.99999e-01,1.73430e-02,4.94229e-01,9.99298e-01,1.50908e-50
3.364870552e+00,1.93539e-36,9.99999e-01,2.41404e-02,5.64930e-01,9.99312e-01,1.39511e-34
3.381694905e+00,3.03069e-23,9.99999e-01,3.27716e-02,5.94824e-01,9.99325e-01,1.48579e-21
3.398603379e+00,2.07355e-14,9.99999e-01,8.43404e-02,6.96161e-01,9.99339e-01,3.46423e-13
3.415596396e+00,4.77115e-09,9.99999e-01,1.05858e-01,7.60522e-01,9.99352e-01,5.87510e-08
3.432674378e+00,2.13433e-06,9.99999e-01,5.99148e-02,7.80518e-01,9.99365e-01,4.47717e-05
3.449837750e+00,7.99778e-05,9.99999e-01,8.32992e-03,8.45142e-01,9.99377e-01,1.10498e-02
3.467086939e+00,2.33141e-04,9.99999e-01,5.75420e-04,8.90033e-01,9.99389e-01,4.46717e-01
3.484422373e+00,2.26935e-05,9.99999e-01,2.81073e-05,8.97899e-01,9.99401e-01,8.79383e-01
3.501844485e+00,5.38527e-07,9.99999e-01,7.93703e-07,9.39850e-01,9.99413e-01,7.14359e-01
3.519353708e+00,2.66463e-08,9.99999e-01,2.77203e-08,9.49280e-01,9.99425e-01,9.99637e-01
3.536950476e+00,2.48551e-09,9.99999e-01,2.59825e-09,9.54439e-01,9.99436e-01,9.99337e-01
3.554635228e+00,6.52884e-10,9.99999e-01,6.70227e-10,9.71582e-01,9.99447e-01,9.98566e-01
3.572408405e+00,4.27643e-08,9.99999e-01,4.37841e-08,9.72640e-01,9.99458e-01,9.97633e-01
3.590270447e+00,1.04016e-07,9.99999e-01,1.05951e-07,9.80943e-01,9.99469e-01,9.98543e-01
3.608221799e+00,4.47005e-06,9.99999e-01,4.52793e-06,9.85167e-01,9.99479e-01,9.99092e-01
3.626262908e+00,1.24836e-03,9.99999e-01,1.26315e-03,9.87314e-01,9.99490e-01,9.99534e-01
3.644394222e+00,6.20552e-03,9.99999e-01,6.25602e-03,9.92409e-01,9.99500e-01,9.99498e-01
3.662616193e+00,5.38207e-02,9.99999e-01,5.44713e-02,9.87465e-01,9.99509e-01,9.99146e-01
3.680929274e+00,2.68127e-01,9.99999e-01,2.73976e-01,9.79624e-01,9.99519e-01,9.97840e-01
3.699333921e+00,5.77388e-01,9.99999e-01,5.85534e-01,9.90420e-01,9.99529e-01,9.95885e-01
3.717830590e+00,4.83699e-01,9.99999e-01,4.91072e-01,9.92528e-01,9.99538e-01,9.92447e-01
3.736419743e+00,8.95347e-02,9.99999e-01,9.12930e-02,9.91258e-01,9.99547e-01,9.88629e-01
3.755101842e+00,1.29010e-03,9.99999e-01,1.31352e-03,9.90625e-01,9.99556e-01,9.89362e-01
3.773877351e+00,4.40364e-07,9.99999e-01,4.46494e-07,9.92268e-01,9.99565e-01,9.92563e-01
3.792746738e+00,6.53676e-15,9.99998e-01,6.61452e-15,9.90654e-01,9.99573e-01,9.94900e-01
3.811710472e+00,3.53994e-10,9.99998e-01,3.58394e-10,9.88542e-01,9.99582e-01,9.95176e-01
3.830769024e+00,6.60770e-10,9.99997e-01,6.69961e-10,9.87635e-01,9.99590e-01,9.94714e-01
3.849922869e+00,1.00869e-13,9.99996e-01,1.02561e-13,9.81977e-01,9.99598e-01,9.93671e-01
3.869172484e+00,5.27034e-09,9.99994e-01,5.37585e-09,9.78748e-01,9.99606e-01,9.91369e-01
3.888518346e+00,8.75821e-05,9.99990e-01,8.94911e-05,9.88277e-01,9.99614e-01,9.88114e-01
3.907960938e+00,3.01246e-03,9.99989e-01,3.09765e-03,9.86909e-01,9.99621e-01,9.83902e-01
3.927500742e+00,2.15854e-03,9.99981e-01,2.31879e-03,9.16670e-01,9.99629e-01,9.79492e-01
3.947138246e+00,6.46711e-05,9.99974e-01,6.89376e-05,9.49321e-01,9.99636e-01,9.76286e-01
3.966873937e+00,3.13787e-07,9.99970e-01,3.36495e-07,8.70201e-01,9.99643e-01,9.71579e-01
3.986708307e+00,2.61131e-10,9.99952e-01,2.74456e-10,9.77070e-01,9.99650e-01,9.64097e-01
4.006641849e+00,9.25874e-18,9.99937e-01,9.75233e-18,9.91802e-01,9.99657e-01,9.54542e-01
4.026675058e+00,7.04487e-82,9.99948e-01,7.51206e-82,9.90540e-01,9.99664e-01,9.43636e-01
4.046808433e+00,1.55101e-158,9.99946e-01,1.67496e-158,9.88594e-01,9.99670e-01,9.31986e-01
4.067042475e+00,0.00000e+00,9.99923e-01,0.00000e+00,9.86865e-01,9.99677e-01,9.20413e-01
4.087377688e+00,0.00000e+00,9.99910e-01,0.00000e+00,9.85929e-01,9.99683e-01,9.09680e-01
4.107814576e+00,0.00000e+00,9.99895e-01,0.00000e+00,9.80545e-01,9.99690e-01,9.00998e-01
4.128353649e+00,0.00000e+00,9.99894e-01,0.00000e+00,9.69560e-01,9.99696e-01,8.95298e-01
4.148995417e+00,0.00000e+00,9.99927e-01,0.00000e+00,9.62202e-01,9.99702e-01,8.92617e-01
4.169740394e+00,0.00000e+00,9.99932e-01,0.00000e+00,9.40574e-01,9.99708e-01,8.93097e-01
4.190589096e+00,0.00000e+00,9.99937e-01,0.00000e+00,9.27747e-01,9.99713e-01,8.95524e-01
4.211542042e+00,0.00000e+00,9.99941e-01,0.00000e+00,8.88683e-01,9.99719e-01,8.96224e-01
4.232599752e+00,0.00000e+00,9.99964e-01,0.00000e+00,8.77658e-01,9.99724e-01,8.92298e-01
4.253762751e+00,0.00000e+00,9.99974e-01,0.00000e+00,8.47706e-01,9.99730e-01,8.80118e-01
4.275031564e+00,0.00000e+00,9.99959e-01,0.00000e+00,7.95952e-01,9.99735e-01,8.57368e-01
4.296406722e+00,0.00000e+00,9.99604e-01,0.00000e+00,7.39820e-01,9.99740e-01,8.50004e-01
4.317888756e+00,0.00000e+00,9.99922e-01,0.00000e+00,7.70181e-01,9.99746e-01,8.69302e-01
4.339478200e+00,0.00000e+00,9.99953e-01,0.00000e+00,7.20567e-01,9.99751e-01,8.96128e-01
4.361175591e+00,0.00000e+00,9.99962e-01,0.00000e+00,6.76817e-01,9.99755e-01,9.12385e-01
4.382981469e+00,0.00000e+00,9.99960e-01,0.00000e+00,6.80596e-01,9.99760e-01,9.20639e-01
4.404896376e+00,0.00000e+00,9.99944e-01,0.00000e+00,6.64950e-01,9.99765e-01,9.25362e-01
4.426920858e+00,0.00000e+00,9.99944e-01,0.00000e+00,5.67946e-01,9.99770e-01,9.29380e-01
4.449055462e+00,0.00000e+00,9.99961e-01,0.00000e+00,6.77214e-01,9.99774e-01,9.33914e-01
4.471300739e+00,0.00000e+00,9.99959e-01,0.00000e+00,6.04658e-01,9.99779e-01,9.39391e-01
4.493657243e+00,0.00000e+00,9.99964e-01,0.00000e+00,6.74593e-01,9.99783e-01,9.45722e-01
4.516125529e+00,0.00000e+00,9.99966e-01,0.00000e+00,5.25662e-01,9.99787e-01,9.52415e-01
4.538706157e+00,0.00000e+00,9.99960e-01,0.00000e+00,5.99253e-01,9.99791e-01,9.59290e-01
4.561399688e+00,0.00000e+00,9.99972e-01,0.00000e+00,5.64330e-01,9.99795e-01,9.65898e-01
4.584206686e+00,0.00000e+00,9.99977e-01,0.00000e+00,6.60252e-01,9.99799e-01,9.71928e-01
4.607127720e+00,0.00000e+00,9.99978e-01,0.00000e+00,5.68925e-01,9.99803e-01,9.77254e-01
4.630163358e+00,0.00000e+00,9.99986e-01,0.00000e+00,4.00535e-01,9.99807e-01,9.81840e-01
4.653314175e+00,0.00000e+00,9.99986e-01,0.00000e+00,4.23787e-01,9.99811e-01,9.85604e-01
4.676580746e+00,0.00000e+00,9.99987e-01,0.00000e+00,1.90647e-01,9.99815e-01,9.88612e-01
4.699963650e+00,0.00000e+00,9.99992e-01,0.00000e+00,3.94955e-01,9.99818e-01,9.90988e-01
4.723463468e+00,0.00000e+00,9.99991e-01,0.00000e+00,1.99173e-01,9.99822e-01,9.92814e-01
4.747080785e+00,0.00000e+00,9.99995e-01,0.00000e+00,4.63282e-01,9.99825e-01,9.94159e-01
4.770816189e+00,0.00000e+00,9.99995e-01,0.00000e+00,2.27878e-01,9.99829e-01,9.95156e-01
4.794670270e+00,0.00000e+00,9.99995e-01,0.00000e+00,1.92559e-01,9.99832e-01,9.95885e-01
4.818643622e+00,0.00000e+00,9.99997e-01,0.00000e+00,2.05093e-01,9.99836e-01,9.96395e-01
4.842736840e+00,0.00000e+00,9.99997e-01,0.00000e+00,7.42854e-02,9.99839e-01,9.96682e-01
4.866950524e+00,0.00000e+00,9.99998e-01,0.00000e+00,2.68392e-01,9.99842e-01,9.96773e-01
4.891285276e+00,0.00000e+00,9.99998e-01,0.00000e+00,7.09139e-02,9.99845e-01,9.96672e-01
4.915741703e+00,0.00000e+00,9.99998e-01,0.00000e+00,1.79070e-01,9.99848e-01,9.96504e-01
4.940320411e+00,0.00000e+00,9.99999e-01,0.00000e+00,5.07431e-02,9.99851e-01,9.96108e-01
4.965022013e+00,0.00000e+00,9.99999e-01,0.00000e+00,4.23146e-02,9.99854e-01,9.95606e-01
4.989847123e+00,2.51657e-262,9.99999e-01,1.77742e-261,1.01120e-01,9.99857e-01,9.95104e-01
5.014796359e+00,1.71276e-194,9.99999e-01,1.59876e-193,7.10810e-03,9.99860e-01,9.94363e-01
5.039870341e+00,1.24555e-189,9.99999e-01,1.19784e-188,3.54620e-02,9.99862e-01,9.93476e-01
5.065069693e+00,3.14507e-191,9.99999e-01,3.00085e-190,5.13914e-02,9.99865e-01,9.92069e-01
5.090395041e+00,1.23792e-185,9.99999e-01,4.00526e-184,1.25705e-02,9.99868e-01,9.90591e-01
5.115847016e+00,3.01945e-159,9.99999e-01,9.53172e-158,1.08119e-02,9.99870e-01,9.88637e-01
5.141426251e+00,3.00189e-159,9.99999e-01,3.16701e-157,9.49375e-04,9.99873e-01,9.85948e-01
5.167133383e+00,8.61913e-187,9.99999e-01,1.84594e-184,1.46795e-03,9.99875e-01,9.83335e-01
5.192969049e+00,1.11464e-293,9.99999e-01,2.39459e-291,7.71686e-04,9.99878e-01,9.80297e-01
5.218933895e+00,0.00000e+00,9.99999e-01,0.00000e+00,2.38354e-05,9.99880e-01,9.76288e-01
5.245028564e+00,0.00000e+00,9.99999e-01,0.00000e+00,4.43711e-04,9.99883e-01,9.71060e-01
5.271253707e+00,0.00000e+00,9.99999e-01,0.00000e+00,6.45906e-05,9.99885e-01,9.64027e-01
5.297609976e+00,0.00000e+00,9.99999e-01,0.00000e+00,5.17617e-05,9.99887e-01,9.55643e-01
5.324098025e+00,0.00000e+00,9.99999e-01,0.00000e+00,3.79400e-05,9.99889e-01,9.45586e-01
5.350718516e+00,0.00000e+00,9.99999e-01,0.00000e+00,1.34056e-06,9.99891e-01,9.31813e-01
5.377472108e+00,6.73266e-253,9.99999e-01,3.53426e-248,3.56212e-06,9.99894e-01,9.18687e-01
5.404359469e+00,2.34077e-201,9.99999e-01,1.24916e-196,2.23535e-06,9.99896e-01,9.03690e-01
5.431381266e+00,6.50282e-136,9.99999e-01,5.19988e-127,2.11715e-10,9.99898e-01,8.90056e-01
5.458538172e+00,6.01993e-102,9.99999e-01,4.92018e-93,9.24261e-11,9.99900e-01,8.72372e-01
5.485830863e+00,8.30994e-70,9.99999e-01,3.40208e-60,5.85722e-11,9.99902e-01,8.49110e-01
5.513260018e+00,6.86714e-55,9.99999e-01,1.02445e-44,1.68078e-11,9.99904e-01,8.24984e-01
5.540826318e+00,5.80417e-41,9.99999e-01,2.66884e-30,2.20274e-12,9.99906e-01,7.96902e-01
5.568530449e+00,4.45937e-40,9.99999e-01,3.78294e-23,1.59585e-18,9.99907e-01,7.61944e-01
5.596373101e+00,9.35309e-34,9.99999e-01,1.54106e-17,6.43462e-18,9.99909e-01,7.28730e-01
5.624354967e+00,4.97271e-30,9.99999e-01,3.05613e-15,5.52744e-16,9.99911e-01,6.93740e-01
5.652476742e+00,1.28950e-29,9.99999e-01,3.35799e-13,6.68494e-18,9.99913e-01,6.56076e-01
5.680739126e+00,1.16903e-30,9.99999e-01,9.42162e-12,5.70265e-20,9.99914e-01,6.15499e-01
5.709142821e+00,4.00771e-32,9.99999e-01,6.89016e-11,5.69320e-22,9.99916e-01,5.74017e-01
5.737688535e+00,2.17502e-31,9.99999e-01,3.66894e-11,7.08541e-21,9.99918e-01,5.25569e-01
5.766376978e+00,7.28226e-26,9.99999e-01,1.32909e-10,9.96100e-17,9.99919e-01,4.73676e-01
5.795208863e+00,9.07594e-22,9.99999e-01,4.93385e-08,1.00549e-14,9.99921e-01,4.19115e-01
5.824184907e+00,2.21909e-23,9.99999e-01,1.01996e-05,2.33475e-18,9.99922e-01,3.67080e-01
5.853305832e+00,1.08294e-22,9.99999e-01,7.48097e-06,1.77011e-17,9.99924e-01,3.21748e-01
5.882572361e+00,9.93051e-28,9.99999e-01,9.20169e-07,8.24863e-22,9.99925e-01,2.83713e-01
5.911985223e+00,8.47159e-26,9.99999e-01,4.71546e-06,2.31488e-20,9.99927e-01,2.49094e-01
5.941545149e+00,1.63802e-24,9.99999e-01,6.07361e-04,1.42420e-21,9.99928e-01,2.16900e-01
5.971252874e+00,1.39396e-20,9.99999e-01,1.51110e-02,1.88249e-18,9.99930e-01,1.90124e-01
6.001109139e+00,1.32951e-14,9.99999e-01,5.84148e-02,1.21868e-12,9.99931e-01,1.67021e-01
6.031114685e+00,3.40069e-16,9.99999e-01,3.43442e-02,3.99124e-14,9.99932e-01,1.46957e-01
6.061270258e+00,6.35407e-17,9.99999e-01,8.03285e-03,1.93690e-14,9.99934e-01,1.27149e-01
6.091576609e+00,2.34955e-15,9.99999e-01,1.25930e-03,8.50899e-12,9.99935e-01,1.03546e-01
6.122034492e+00,1.39066e-12,9.99999e-01,1.05389e-04,6.05418e-08,9.99936e-01,7.88369e-02
6.152644665e+00,2.65908e-14,9.99999e-01,1.05744e-05,1.52243e-08,9.99938e-01,5.57996e-02
6.183407888e+00,4.20642e-13,9.99999e-01,2.15099e-06,1.89054e-06,9.99939e-01,3.44343e-02
6.214324928e+00,9.91357e-12,9.99999e-01,1.29707e-06,2.95327e-04,9.99940e-01,1.75527e-02
6.245396552e+00,6.15805e-10,9.99999e-01,1.04134e-05,4.81122e-03,9.99941e-01,6.95929e-03
6.276623535e+00,8.37726e-10,9.99999e-01,8.77813e-05,3.94375e-03,9.99942e-01,2.02521e-03
6.308006653e+00,6.29893e-11,9.99999e-01,2.39509e-05,2.73258e-03,9.99943e-01,4.06854e-04
6.339546686e+00,4.08392e-16,9.99999e-01,5.85053e-07,2.30794e-06,9.99944e-01,5.25243e-05
6.371244419e+00,2.20832e-23,9.99999e-01,1.19460e-07,9.81409e-12,9.99946e-01,4.79794e-06
6.403100641e+00,3.76711e-27,9.99999e-01,5.61592e-06,3.89429e-16,9.99947e-01,2.54993e-07
6.435116145e+00,2.20241e-43,9.99999e-01,1.40494e-03,3.67260e-33,9.99948e-01,5.82366e-09
6.467291725e+00,3.16801e-45,9.99999e-01,4.07475e-02,2.75983e-33,9.99949e-01,9.24513e-12
6.499628184e+00,3.44453e-52,9.99999e-01,2.68777e-01,5.49213e-38,9.99950e-01,1.39005e-14
6.532126325e+00,1.54391e-50,9.99999e-01,4.93764e-01,2.79250e-33,9.99951e-01,9.71358e-18
6.564786956e+00,4.67555e-62,9.99999e-01,6.15296e-01,2.99536e-40,9.99952e-01,2.34298e-22
6.597610891e+00,7.74181e-80,9.99999e-01,6.71968e-01,2.15563e-53,9.99952e-01,5.15846e-27
6.630598946e+00,6.51677e-69,9.99999e-01,7.07510e-01,6.99457e-36,9.99953e-01,1.29193e-33
6.663751940e+00,2.18800e-73,9.99999e-01,7.07299e-01,2.26886e-33,9.99954e-01,1.33742e-40
6.697070700e+00,8.51906e-76,9.99999e-01,6.41017e-01,9.08495e-27,9.99955e-01,1.33471e-49
6.730556054e+00,4.36256e-77,9.99999e-01,5.33378e-01,1.47722e-18,9.99956e-01,4.92849e-59
6.764208834e+00,6.63213e-89,9.99999e-01,3.76513e-01,6.71528e-19,9.99957e-01,1.97397e-70
6.798029878e+00,3.87724e-108,9.99999e-01,2.26279e-01,1.81139e-22,9.99958e-01,6.96352e-86
6.832020027e+00,8.49916e-127,9.99999e-01,9.32823e-02,7.08555e-23,9.99959e-01,6.27413e-104
6.866180128e+00,4.30737e-154,9.99999e-01,2.59125e-02,4.83860e-26,9.99959e-01,1.51128e-127
6.900511028e+00,4.79977e-174,9.99999e-01,2.95910e-03,1.05780e-15,9.99960e-01,2.82793e-157
6.935013583e+00,1.33559e-214,9.99999e-01,1.23673e-04,3.90828e-15,9.99961e-01,7.67946e-197
6.969688651e+00,2.17636e-269,9.99999e-01,1.44614e-06,3.28394e-19,9.99962e-01,3.11753e-246
7.004537095e+00,0.00000e+00,9.99999e-01,3.13719e-09,2.70270e-18,9.99962e-01,6.14472e-310
7.039559780e+00,0.00000e+00,9.99999e-01,6.97041e-12,1.77459e-20,9.99963e-01,0.00000e+00
7.074757579e+00,0.00000e+00,9.99999e-01,2.44888e-15,5.40646e-16,9.99964e-01,0.00000e+00
7.110131367e+00,0.00000e+00,9.99999e-01,5.86242e-18,8.08313e-16,9.99965e-01,0.00000e+00
7.145682024e+00,0.00000e+00,9.99999e-01,9.95979e-21,8.55025e-18,9.99965e-01,0.00000e+00
7.181410434e+00,0.00000e+00,9.99999e-01,1.36841e-22,8.28820e-22,9.99966e-01,0.00000e+00
7.217317486e+00,0.00000e+00,9.99999e-01,1.36858e-23,1.47530e-16,9.99967e-01,0.00000e+00
7.253404073e+00,0.00000e+00,9.99999e-01,7.93327e-24,6.61870e-17,9.99967e-01,0.00000e+00
7.289671094e+00,0.00000e+00,9.99999e-01,4.22717e-19,4.49637e-15,9.99968e-01,0.00000e+00
7.326119449e+00,0.00000e+00,9.99999e-01,1.70637e-17,7.10902e-15,9.99968e-01,0.00000e+00
7.362750046e+00,0.00000e+00,9.99999e-01,3.08029e-19,1.59868e-11,9.99969e-01,0.00000e+00
7.399563797e+00,0.00000e+00,9.99999e-01,1.99140e-19,6.19126e-09,9.99970e-01,0.00000e+00
7.436561616e+00,0.00000e+00,9.99999e-01,2.31185e-16,3.18723e-10,9.99970e-01,1.22528e-321
7.473744424e+00,0.00000e+00,9.99999e-01,1.35358e-11,4.62369e-10,9.99971e-01,2.31711e-318
7.511113146e+00,0.00000e+00,9.99999e-01,2.54293e-08,5.04695e-08,9.99971e-01,4.87827e-317
7.548668712e+00,0.00000e+00,9.99999e-01,1.32477e-05,6.32402e-09,9.99972e-01,9.88131e-324
7.586412055e+00,0.00000e+00,9.99999e-01,2.57140e-04,4.65702e-15,9.99972e-01,0.00000e+00
7.624344115e+00,0.00000e+00,9.99999e-01,4.16431e-04,3.44152e-08,9.99973e-01,0.00000e+00
7.662465836e+00,0.00000e+00,9.99999e-01,5.76338e-05,3.69732e-05,9.99973e-01,0.00000e+00
7.700778165e+00,0.00000e+00,9.99999e-01,7.56223e-07,2.18489e-05,9.99974e-01,0.00000e+00
7.739282056e+00,0.00000e+00,9.99999e-01,4.00554e-10,5.67811e-08,9.99974e-01,0.00000e+00
7.777978466e+00,0.00000e+00,9.99999e-01,2.22658e-13,1.55258e-05,9.99975e-01,0.00000e+00
7.816868359e+00,0.00000e+00,9.99999e-01,5.20342e-17,1.08650e-04,9.99975e-01,0.00000e+00
7.855952700e+00,0.00000e+00,9.99999e-01,1.30562e-17,3.18302e-05,9.99976e-01,0.00000e+00
7.895232464e+00,0.00000e+00,9.99999e-01,4.89585e-15,2.49395e-05,9.99976e-01,0.00000e+00
7.934708626e+00,0.00000e+00,9.99999e-01,2.35200e-13,6.51106e-04,9.99977e-01,2.49168e-314
7.974382169e+00,1.13710e-260,9.99999e-01,3.64086e-15,1.56032e-02,9.99977e-01,1.17586e-244
8.014254080e+00,1.18071e-214,9.99999e-01,5.14917e-18,6.19161e-03,9.99978e-01,1.23942e-195
8.054325351e+00,8.31071e-172,9.99999e-01,7.51726e-18,6.13814e-03,9.99978e-01,8.87022e-153
8.094596977e+00,4.10363e-135,9.99999e-01,2.22956e-17,4.20278e-02,9.99978e-01,3.50327e-117
8.135069962e+00,9.61503e-109,9.99999e-01,6.37143e-16,3.25515e-02,9.99979e-01,2.58149e-92
8.175745312e+00,1.54165e-86,9.99999e-01,1.14039e-13,1.48626e-02,9.99979e-01,3.26325e-72
8.216624039e+00,1.94486e-68,9.99999e-01,9.73083e-12,6.93357e-02,9.99980e-01,2.10948e-56
8.257707159e+00,7.89444e-54,9.99999e-01,1.17704e-09,9.26985e-02,9.99980e-01,3.97549e-44
8.298995695e+00,3.38045e-42,9.99999e-01,2.06411e-08,2.32903e-01,9.99980e-01,6.40220e-34
8.340490673e+00,1.55762e-33,9.99999e-01,1.07550e-07,1.64728e-01,9.99981e-01,8.33660e-26
8.382193126e+00,1.06705e-26,9.99999e-01,2.93434e-07,2.80808e-01,9.99981e-01,1.21797e-19
8.424104092e+00,2.43511e-21,9.99999e-01,2.22609e-06,1.79291e-01,9.99982e-01,4.72151e-15
8.466224613e+00,1.35906e-16,9.99999e-01,3.46164e-05,2.70016e-01,9.99982e-01,1.32411e-11
8.508555736e+00,5.01417e-12,9.99999e-01,1.22423e-03,1.63072e-01,9.99982e-01,1.64668e-08
8.551098514e+00,1.15353e-08,9.99999e-01,1.46648e-02,4.37348e-01,9.99983e-01,1.66341e-06
8.593854007e+00,4.26191e-07,9.99999e-01,2.39797e-02,5.97382e-01,9.99983e-01,2.92784e-05
8.636823277e+00,2.63823e-06,9.99999e-01,1.17868e-02,6.32477e-01,9.99983e-01,3.49587e-04
8.680007393e+00,7.10328e-06,9.99999e-01,6.14657e-03,4.72904e-01,9.99983e-01,2.37852e-03
8.723407430e+00,2.23747e-05,9.99999e-01,4.23043e-03,5.57891e-01,9.99984e-01,9.36405e-03
8.767024467e+00,5.53627e-06,9.99999e-01,3.73958e-04,4.97020e-01,9.99984e-01,2.70239e-02
8.810859590e+00,3.81291e-12,9.99999e-01,8.23786e-11,4.82508e-01,9.99984e-01,6.59891e-02
8.854913888e+00,7.89363e-34,9.99999e-01,8.21160e-33,7.46556e-01,9.99985e-01,1.23669e-01
8.899188457e+00,9.65418e-162,9.99999e-01,6.21490e-161,7.08967e-01,9.99985e-01,2.00074e-01
8.943684399e+00,0.00000e+00,9.99999e-01,0.00000e+00,6.48286e-01,9.99985e-01,2.98982e-01
8.988402821e+00,0.00000e+00,9.99999e-01,0.00000e+00,6.29555e-01,9.99985e-01,3.95992e-01
9.033344836e+00,0.00000e+00,9.99999e-01,0.00000e+00,5.51371e-01,9.99986e-01,4.90575e-01
9.078511560e+00,0.00000e+00,9.99999e-01,0.00000e+00,6.49553e-01,9.99986e-01,5.79102e-01
9.123904118e+00,0.00000e+00,9.99999e-01,0.00000e+00,7.39904e-01,9.99986e-01,6.57186e-01
9.169523638e+00,0.00000e+00,9.99999e-01,0.00000e+00,6.73411e-01,9.99987e-01,7.24763e-01
9.215371256e+00,0.00000e+00,9.99999e-01,0.00000e+00,8.22744e-01,9.99987e-01,7.76377e-01
9.261448113e+00,0.00000e+00,9.99999e-01,0.00000e+00,8.08084e-01,9.99987e-01,8.23235e-01
9.307755353e+00,0.00000e+00,9.99999e-01,0.00000e+00,7.30386e-01,9.99987e-01,8.61436e-01
9.354294130e+00,0.00000e+00,9.99999e-01,0.00000e+00,6.74056e-01,9.99987e-01,8.91700e-01
9.401065601e+00,0.00000e+00,9.99999e-01,0.00000e+00,5.65481e-01,9.99988e-01,9.15844e-01
9.448070929e+00,0.00000e+00,9.99999e-01,0.00000e+00,6.21425e-01,9.99988e-01,9.33193e-01
9.495311283e+00,0.00000e+00,9.99999e-01,0.00000e+00,7.87052e-01,9.99988e-01,9.47068e-01
9.542787840e+00,0.00000e+00,9.99999e-01,0.00000e+00,8.43773e-01,9.99988e-01,9.59061e-01
9.590501779e+00,0.00000e+00,9.99999e-01,0.00000e+00,7.63809e-01,9.99989e-01,9.68439e-01
9.638454288e+00,0.00000e+00,9.99999e-01,0.00000e+00,7.60390e-01,9.99989e-01,9.75081e-01
9.686646559e+00,0.00000e+00,9.99999e-01,0.00000e+00,7.77046e-01,9.99989e-01,9.80336e-01
9.735079792e+00,0.00000e+00,9.99999e-01,0.00000e+00,8.27347e-01,9.99989e-01,9.84485e-01
9.783755191e+00,0.00000e+00,9.99999e-01,0.00000e+00,7.88247e-01,9.99989e-01,9.87758e-01
9.832673967e+00,0.00000e+00,9.99999e-01,0.00000e+00,5.90880e-01,9.99990e-01,9.90339e-01
9.881837337e+00,0.00000e+00,9.99999e-01,0.00000e+00,4.33137e-01,9.99990e-01,9.92370e-01
9.931246523e+00,0.00000e+00,9.99999e-01,0.00000e+00,6.93772e-01,9.99990e-01,9.93971e-01
9.980902756e+00,0.00000e+00,9.99999e-01,0.00000e+00,7.97928e-01,9.99990e-01,9.99888e-01
1.003080727e+01,0.00000e+00,9.99999e-01,0.00000e+00,7.99255e-01,9.99990e-01,9.99883e-01
1.008096131e+01,0.00000e+00,9.99999e-01,0.00000e+00,8.22541e-01,9.99990e-01,9.99878e-01
1.013136611e+01,0.00000e+00,9.99999e-01,0.00000e+00,8.60191e-01,9.99991e-01,9.99872e-01
1.018202294e+01,0.00000e+00,9.99999e-01,0.00000e+00,8.75441e-01,9.99991e-01,9.99866e-01
1.023293306e+01,0.00000e+00,9.99999e-01,0.00000e+00,7.86798e-01,9.99991e-01,9.99859e-01
1.028409772e+01,0.00000e+00,9.99999e-01,0.00000e+00,6.56029e-01,9.99991e-01,9.99852e-01
1.033551821e+01,0.00000e+00,9.99999e-01,0.00000e+00,6.32212e-01,9.99991e-01,9.99845e-01
1.038719580e+01,0.00000e+00,9.99999e-01,0.00000e+00,4.62845e-01,9.99991e-01,9.99837e-01
1.043913178e+01,0.00000e+00,9.99999e-01,0.00000e+00,4.78384e-01,9.99992e-01,9.99828e-01
1.049132744e+01,0.00000e+00,9.99999e-01,0.00000e+00,6.49892e-01,9.99992e-01,9.99819e-01
1.054378408e+01,0.00000e+00,9.99999e-01,0.00000e+00,7.29211e-01,9.99992e-01,9.99810e-01
1.059650300e+01,0.00000e+00,9.99999e-01,0.00000e+00,7.17156e-01,9.99992e-01,9.99800e-01
1.064948551e+01,0.00000e+00,9.99999e-01,0.00000e+00,6.91662e-01,9.99992e-01,9.99790e-01
1.070273294e+01,0.00000e+00,9.99999e-01,0.00000e+00,5.89642e-01,9.99992e-01,9.99779e-01
1.075624661e+01,0.00000e+00,9.99999e-01,0.00000e+00,6.10264e-01,9.99992e-01,9.99767e-01
1.081002784e+01,0.00000e+00,9.99999e-01,0.00000e+00,6.12973e-01,9.99993e-01,9.99755e-01
1.086407798e+01,0.00000e+00,9.99999e-01,0.00000e+00,4.43572e-01,9.99993e-01,9.99743e-01
1.091839837e+01,0.00000e+00,9.99999e-01,0.00000e+00,2.88859e-01,9.99993e-01,9.99729e-01
1.097299036e+01,0.00000e+00,9.99999e-01,0.00000e+00,1.61980e-01,9.99993e-01,9.99715e-01
1.102785531e+01,0.00000e+00,9.99999e-01,0.00000e+00,1.36894e-01,9.99993e-01,9.99700e-01
1.108299459e+01,0.00000e+00,9.99999e-01,0.00000e+00,3.39220e-01,9.99993e-01,9.99685e-01
1.113840956e+01,0.00000e+00,9.99999e-01,0.00000e+00,5.80687e-01,9.99993e-01,9.99669e-01
1.119410161e+01,0.00000e+00,9.99999e-01,0.00000e+00,6.58402e-01,9.99993e-01,9.99652e-01
1.125007212e+01,0.00000e+00,9.99999e-01,0.00000e+00,5.63198e-01,9.99993e-01,9.99634e-01
1.130632248e+01,0.00000e+00,9.99999e-01,0.00000e+00,5.20114e-01,9.99994e-01,9.99614e-01
1.136285409e+01,0.00000e+00,9.99999e-01,0.00000e+00,6.16660e-01,9.99994e-01,9.99595e-01
1.141966836e+01,0.00000e+00,9.99999e-01,0.00000e+00,6.46792e-01,9.99994e-01,9.99574e-01
1.147676670e+01,0.00000e+00,9.99999e-01,0.00000e+00,5.87248e-01,9.99994e-01,9.99553e-01
1.153415054e+01,0.00000e+00,9.99999e-01,0.00000e+00,3.62282e-01,9.99994e-01,9.99530e-01
1.159182129e+01,0.00000e+00,9.99999e-01,0.00000e+00,2.94130e-01,9.99994e-01,9.99507e-01
1.164978039e+01,0.00000e+00,9.99999e-01,0.00000e+00,1.43015e-01,9.99994e-01,9.99483e-01
1.170802930e+01,0.00000e+00,9.99999e-01,0.00000e+00,6.64855e-02,9.99994e-01,9.99457e-01
1.176656944e+01,0.00000e+00,9.99999e-01,0.00000e+00,1.91978e-01,9.99994e-01,9.99430e-01
1.182540229e+01,0.00000e+00,9.99999e-01,0.00000e+00,3.82114e-01,9.99994e-01,9.99400e-01
1.188452930e+01,0.00000e+00,9.99999e-01,0.00000e+00,3.86437e-01,9.99995e-01,9.99370e-01
1.194395195e+01,0.00000e+00,9.99999e-01,0.00000e+00,4.46438e-01,9.99995e-01,9.99336e-01
1.200367171e+01,0.00000e+00,9.99999e-01,0.00000e+00,5.29879e-01,9.99995e-01,9.99300e-01
1.206369007e+01,0.00000e+00,9.99999e-01,0.00000e+00,3.95554e-01,9.99995e-01,9.99263e-01
1.212400852e+01,0.00000e+00,9.99999e-01,0.00000e+00,5.14586e-01,9.99995e-01,9.99224e-01
1.218462856e+01,0.00000e+00,9.99999e-01,0.00000e+00,5.12363e-01,9.99995e-01,9.99184e-01
1.224555170e+01,0.00000e+00,9.99999e-01,0.00000e+00,2.25184e-01,9.99995e-01,9.99143e-01
1.230677946e+01,0.00000e+00,9.99999e-01,0.00000e+00,1.85667e-01,9.99995e-01,9.99103e-01
1.236831336e+01,0.00000e+00,9.99999e-01,0.00000e+00,4.16005e-02,9.99995e-01,9.99060e-01
1.243015492e+01,0.00000e+00,9.99999e-01,0.00000e+00,2.75669e-02,9.99995e-01,9.99016e-01
1.249230570e+01,0.00000e+00,9.99999e-01,0.00000e+00,2.76835e-02,9.99995e-01,9.98971e-01
1.255476723e+01,0.00000e+00,9.99999e-01,0.00000e+00,4.95068e-02,9.99995e-01,9.98922e-01
1.261754106e+01,0.00000e+00,9.99999e-01,0.00000e+00,1.76823e-01,9.99996e-01,9.98874e-01
1.268062877e+01,0.00000e+00,9.99999e-01,0.00000e+00,3.27306e-01,9.99996e-01,9.98821e-01
1.274403191e+01,0.00000e+00,9.99999e-01,0.00000e+00,2.74949e-01,9.99996e-01,9.98765e-01
1.280775207e+01,0.00000e+00,9.99999e-01,0.00000e+00,3.71149e-01,9.99996e-01,9.98708e-01
1.287179083e+01,0.00000e+00,9.99999e-01,0.00000e+00,2.60780e-01,9.99996e-01,9.98646e-01
1.293614979e+01,0.00000e+00,9.99999e-01,0.00000e+00,3.07348e-01,9.99996e-01,9.98582e-01
1.300083054e+01,0.00000e+00,9.99999e-01,0.00000e+00,1.14723e-01,9.99996e-01,9.98518e-01
1.306583469e+01,0.00000e+00,9.99999e-01,0.00000e+00,1.35612e-01,9.99996e-01,9.98451e-01
1.313116386e+01,0.00000e+00,9.99999e-01,0.00000e+00,1.27196e-01,9.99996e-01,9.98384e-01
1.319681968e+01,0.00000e+00,9.99999e-01,0.00000e+00,9.03151e-02,9.99996e-01,9.98311e-01
1.326280378e+01,0.00000e+00,9.99999e-01,0.00000e+00,1.42060e-02,9.99996e-01,9.98235e-01
1.332911780e+01,0.00000e+00,9.99999e-01,0.00000e+00,2.38635e-02,9.99996e-01,9.98159e-01
1.339576339e+01,0.00000e+00,9.99999e-01,0.00000e+00,1.02246e-02,9.99996e-01,9.96539e-01
1.346274221e+01,0.00000e+00,9.99999e-01,0.00000e+00,1.78041e-03,9.99996e-01,9.96291e-01
1.353005592e+01,0.00000e+00,9.99999e-01,0.00000e+00,4.04628e-02,9.99996e-01,9.96019e-01
1.359770620e+01,0.00000e+00,9.99999e-01,0.00000e+00,6.69103e-02,9.99996e-01,9.95741e-01
1.366569473e+01,0.00000e+00,9.99999e-01,0.00000e+00,5.56312e-02,9.99996e-01,9.95447e-01
1.373402320e+01,0.00000e+00,9.99999e-01,0.00000e+00,1.27724e-01,9.99997e-01,9.95135e-01
1.380269332e+01,0.00000e+00,9.99999e-01,0.00000e+00,1.68904e-01,9.99997e-01,9.94802e-01
1.387170678e+01,0.00000e+00,9.99999e-01,0.00000e+00,8.49783e-02,9.99997e-01,9.94415e-01
1.394106532e+01,0.00000e+00,9.99999e-01,0.00000e+00,6.27848e-02,9.99997e-01,9.94039e-01
1.401077064e+01,0.00000e+00,9.99999e-01,0.00000e+00,2.43422e-02,9.99997e-01,9.93638e-01
1.408082450e+01,0.00000e+00,9.99999e-01,0.00000e+00,3.16490e-02,9.99997e-01,9.93213e-01
1.415122862e+01,0.00000e+00,9.99999e-01,0.00000e+00,3.14362e-03,9.99997e-01,9.92752e-01
1.422198476e+01,0.00000e+00,9.99999e-01,0.00000e+00,6.77666e-04,9.99997e-01,9.92263e-01
1.429309469e+01,0.00000e+00,9.99999e-01,0.00000e+00,1.59564e-03,9.99997e-01,9.91734e-01
1.436456016e+01,0.00000e+00,9.99999e-01,0.00000e+00,3.14348e-04,9.99997e-01,9.91155e-01
1.443638296e+01,0.00000e+00,9.99999e-01,0.00000e+00,1.07292e-04,9.99997e-01,9.90536e-01
1.450856487e+01,0.00000e+00,9.99999e-01,0.00000e+00,2.10506e-04,9.99997e-01,9.89873e-01
1.458110770e+01,0.00000e+00,9.99999e-01,0.00000e+00,9.02535e-03,9.99997e-01,9.89154e-01
1.465401324e+01,0.00000e+00,9.99999e-01,0.00000e+00,2.20775e-02,9.99997e-01,9.88387e-01
1.472728330e+01,0.00000e+00,9.99999e-01,0.00000e+00,2.18109e-02,9.99997e-01,9.87657e-01
1.480091972e+01,0.00000e+00,9.99999e-01,0.00000e+00,5.45238e-03,9.99997e-01,9.86770e-01
1.487492432e+01,0.00000e+00,9.99999e-01,0.00000e+00,1.53189e-04,9.99997e-01,9.85822e-01
1.494929894e+01,0.00000e+00,9.99999e-01,0.00000e+00,9.02412e-04,9.99997e-01,9.84794e-01
1.502404544e+01,0.00000e+00,9.99999e-01,0.00000e+00,6.98662e-03,9.99997e-01,9.83678e-01
1.509916566e+01,0.00000e+00,9.99999e-01,0.00000e+00,9.50863e-03,9.99997e-01,9.82624e-01
1.517466149e+01,0.00000e+00,9.99999e-01,0.00000e+00,2.82824e-03,9.99997e-01,9.81502e-01
1.525053480e+01,0.00000e+00,9.99999e-01,0.00000e+00,1.06446e-02,9.99997e-01,9.80127e-01
1.532678747e+01,0.00000e+00,9.99999e-01,0.00000e+00,1.61753e-03,9.99997e-01,9.78658e-01
1.540342141e+01,0.00000e+00,9.99999e-01,0.00000e+00,9.35107e-04,9.99997e-01,9.75962e-01
1.548043852e+01,0.00000e+00,9.99999e-01,0.00000e+00,3.35345e-04,9.99997e-01,9.74383e-01
1.555784071e+01,0.00000e+00,9.99999e-01,0.00000e+00,8.34602e-06,9.99997e-01,9.72527e-01
1.563562991e+01,0.00000e+00,9.99999e-01,0.00000e+00,2.93431e-07,9.99998e-01,9.70538e-01
1.571380806e+01,0.00000e+00,9.99999e-01,0.00000e+00,1.22219e-07,9.99998e-01,9.68660e-01
1.579237710e+01,0.00000e+00,9.99999e-01,0.00000e+00,4.38333e-06,9.99998e-01,9.66662e-01
1.587133899e+01,0.00000e+00,9.99999e-01,0.00000e+00,1.08267e-04,9.99998e-01,9.64536e-01
1.595069568e+01,0.00000e+00,9.99999e-01,0.00000e+00,1.13317e-05,9.99998e-01,9.62212e-01
1.603044916e+01,0.00000e+00,9.99999e-01,0.00000e+00,8.96864e-07,9.99998e-01,9.59745e-01
1.611060141e+01,0.00000e+00,9.99999e-01,0.00000e+00,4.31843e-07,9.99998e-01,9.56736e-01
1.619115441e+01,0.00000e+00,9.99999e-01,0.00000e+00,1.67466e-06,9.99998e-01,9.53500e-01
1.627211019e+01,0.00000e+00,9.99999e-01,0.00000e+00,3.60442e-07,9.99998e-01,9.50470e-01
1.635347074e+01,0.00000e+00,9.99999e-01,0.00000e+00,1.56329e-06,9.99998e-01,9.47251e-01
1.643523809e+01,0.00000e+00,9.99999e-01,0.00000e+00,1.31106e-06,9.99998e-01,9.43816e-01
1.651741428e+01,0.00000e+00,9.99999e-01,0.00000e+00,1.82992e-07,9.99998e-01,9.40156e-01
1.660000135e+01,0.00000e+00,9.99999e-01,0.00000e+00,2.69816e-09,9.99998e-01,9.36282e-01
1.668300136e+01,0.00000e+00,9.99999e-01,0.00000e+00,5.53659e-10,9.99998e-01,9.32150e-01
1.676641637e+01,0.00000e+00,9.99999e-01,0.00000e+00,4.77399e-08,9.99998e-01,9.27770e-01
1.685024845e+01,0.00000e+00,9.99999e-01,0.00000e+00,1.65540e-08,9.99998e-01,9.23112e-01
1.693449969e+01,0.00000e+00,9.99999e-01,0.00000e+00,3.96556e-10,9.99998e-01,9.18161e-01
1.701917219e+01,0.00000e+00,9.99999e-01,0.00000e+00,5.41942e-11,9.99998e-01,9.12872e-01
1.710426805e+01,0.00000e+00,9.99999e-01,0.00000e+00,3.90292e-14,9.99998e-01,9.07250e-01
1.718978939e+01,0.00000e+00,9.99999e-01,0.00000e+00,5.74643e-15,9.99998e-01,9.02223e-01
1.727573834e+01,0.00000e+00,9.99999e-01,0.00000e+00,5.80056e-15,9.99998e-01,8.96891e-01
1.736211703e+01,0.00000e+00,9.99999e-01,0.00000e+00,6.57981e-17,9.99998e-01,8.90203e-01
1.744892761e+01,0.00000e+00,9.99999e-01,0.00000e+00,2.61416e-14,9.99998e-01,8.83090e-01
1.753617225e+01,0.00000e+00,9.99999e-01,0.00000e+00,9.20461e-12,9.99998e-01,8.75553e-01
1.762385311e+01,0.00000e+00,9.99999e-01,0.00000e+00,4.82126e-11,9.99998e-01,8.67552e-01
1.771197238e+01,0.00000e+00,9.99999e-01,0.00000e+00,1.63867e-12,9.99998e-01,8.59066e-01
1.780053224e+01,0.00000e+00,9.99999e-01,0.00000e+00,1.02867e-12,9.99998e-01,8.51528e-01
1.788953490e+01,0.00000e+00,9.99999e-01,0.00000e+00,3.74216e-14,9.99998e-01,8.43555e-01
1.797898258e+01,0.00000e+00,9.99999e-01,0.00000e+00,1.94745e-15,9.99998e-01,8.33527e-01
1.806887749e+01,0.00000e+00,9.99999e-01,0.00000e+00,3.75003e-16,9.99998e-01,8.22931e-01
1.815922188e+01,0.00000e+00,9.99999e-01,0.00000e+00,1.54515e-21,9.99998e-01,8.13546e-01
1.825001799e+01,0.00000e+00,9.99999e-01,0.00000e+00,2.03929e-16,9.99998e-01,8.03708e-01
1.834126808e+01,0.00000e+00,9.99999e-01,0.00000e+00,2.03852e-15,9.99998e-01,7.91456e-01
1.843297442e+01,0.00000e+00,9.99999e-01,0.00000e+00,1.13776e-15,9.99998e-01,7.78546e-01
1.852513929e+01,0.00000e+00,9.99999e-01,0.00000e+00,4.64437e-21,9.99998e-01,7.67172e-01
1.861776499e+01,0.00000e+00,9.99999e-01,0.00000e+00,1.03304e-24,9.99998e-01,7.55254e-01
1.871085381e+01,0.00000e+00,9.99999e-01,0.00000e+00,3.02376e-20,9.99998e-01,7.40443e-01
1.880440808e+01,0.00000e+00,9.99999e-01,0.00000e+00,1.27304e-16,9.99998e-01,7.27458e-01
1.889843012e+01,0.00000e+00,9.99999e-01,0.00000e+00,2.90603e-17,9.99998e-01,7.13910e-01
1.899292227e+01,0.00000e+00,9.99999e-01,0.00000e+00,7.32582e-24,9.99998e-01,6.97121e-01
1.908788688e+01,0.00000e+00,9.99999e-01,0.00000e+00,5.10227e-22,9.99998e-01,6.82467e-01
1.918332632e+01,0.00000e+00,9.99999e-01,0.00000e+00,1.67420e-22,9.99998e-01,6.67215e-01
1.927924295e+01,0.00000e+00,9.99999e-01,0.00000e+00,5.33153e-28,9.99998e-01,6.51458e-01
1.937563916e+01,0.00000e+00,9.99999e-01,0.00000e+00,1.79629e-42,9.99998e-01,6.35066e-01
1.947251736e+01,0.00000e+00,9.99999e-01,0.00000e+00,6.28403e-43,9.99998e-01,6.18227e-01
1.956987994e+01,0.00000e+00,9.99999e-01,0.00000e+00,2.72671e-41,9.99998e-01,6.00820e-01
1.966772934e+01,0.00000e+00,9.99999e-01,0.00000e+00,2.27799e-34,9.99998e-01,5.79325e-01
1.976606799e+01,0.00000e+00,9.99999e-01,0.00000e+00,4.83945e-33,9.99998e-01,5.60809e-01
1.986489833e+01,0.00000e+00,9.99999e-01,0.00000e+00,6.56044e-36,9.99998e-01,5.41778e-01
1.996422282e+01,0.00000e+00,9.99999e-01,0.00000e+00,1.35914e-33,9.99998e-01,5.22431e-01
