#,Wave/freq,Total,N2,O2,H2O,Rayleigh,CIA
4.000000000e-01,8.59613e-01,9.99999e-01,9.99999e-01,9.99982e-01,8.59628e-01,9.99999e-01
4.020000000e-01,8.62194e-01,9.99999e-01,9.99999e-01,9.99988e-01,8.62203e-01,9.99999e-01
4.040100000e-01,8.64728e-01,9.99999e-01,9.99999e-01,9.99994e-01,8.64731e-01,9.99999e-01
4.060300500e-01,8.67217e-01,9.99999e-01,9.99999e-01,9.99998e-01,8.67217e-01,9.99999e-01
4.080602003e-01,8.69661e-01,9.99999e-01,9.99999e-01,9.99999e-01,8.69661e-01,9.99999e-01
4.101005013e-01,8.72063e-01,9.99999e-01,9.99999e-01,9.99999e-01,8.72063e-01,9.99999e-01
4.121510038e-01,8.74424e-01,9.99999e-01,9.99999e-01,9.99998e-01,8.74425e-01,9.99999e-01
4.142117588e-01,8.76741e-01,9.99999e-01,9.99999e-01,9.99994e-01,8.76745e-01,9.99999e-01
4.162828176e-01,8.79008e-01,9.99999e-01,9.99999e-01,9.99978e-01,8.79026e-01,9.99999e-01
4.183642317e-01,8.81257e-01,9.99999e-01,9.99999e-01,9.99986e-01,8.81268e-01,9.99999e-01
4.204560528e-01,8.83464e-01,9.99999e-01,9.99999e-01,9.99991e-01,8.83471e-01,9.99999e-01
4.225583331e-01,8.85633e-01,9.99999e-01,9.99999e-01,9.99996e-01,8.85636e-01,9.99999e-01
4.246711247e-01,8.87761e-01,9.99999e-01,9.99999e-01,9.99997e-01,8.87763e-01,9.99999e-01
4.267944804e-01,8.89850e-01,9.99999e-01,9.99999e-01,9.99996e-01,8.89853e-01,9.99999e-01
4.289284528e-01,8.91904e-01,9.99999e-01,9.99999e-01,9.99996e-01,8.91906e-01,9.99999e-01
4.310730950e-01,8.93923e-01,9.99999e-01,9.99999e-01,9.99998e-01,8.93924e-01,9.99999e-01
4.332284605e-01,8.95906e-01,9.99999e-01,9.99999e-01,9.99999e-01,8.95906e-01,9.99999e-01
4.353946028e-01,8.97853e-01,9.99999e-01,9.99999e-01,9.99999e-01,8.97853e-01,9.99999e-01
4.375715758e-01,8.99764e-01,9.99999e-01,9.99999e-01,9.99997e-01,8.99766e-01,9.99999e-01
4.397594337e-01,9.01629e-01,9.99999e-01,9.99999e-01,9.99981e-01,9.01645e-01,9.99999e-01
4.419582309e-01,9.03407e-01,9.99999e-01,9.99999e-01,9.99906e-01,9.03491e-01,9.99999e-01
4.441680220e-01,9.05237e-01,9.99999e-01,9.99999e-01,9.99925e-01,9.05304e-01,9.99999e-01
4.463888621e-01,9.07015e-01,9.99999e-01,9.99999e-01,9.99922e-01,9.07085e-01,9.99999e-01
4.486208064e-01,9.08790e-01,9.99999e-01,9.99999e-01,9.99951e-01,9.08834e-01,9.99999e-01
4.508639105e-01,9.10531e-01,9.99999e-01,9.99999e-01,9.99977e-01,9.10551e-01,9.99999e-01
4.531182300e-01,9.12230e-01,9.99999e-01,9.99999e-01,9.99990e-01,9.12238e-01,9.99999e-01
4.553838212e-01,9.13889e-01,9.99999e-01,9.99999e-01,9.99993e-01,9.13895e-01,9.99999e-01
4.576607403e-01,9.15519e-01,9.99999e-01,9.99999e-01,9.99996e-01,9.15522e-01,9.99999e-01
4.599490440e-01,9.17117e-01,9.99999e-01,9.99999e-01,9.99997e-01,9.17119e-01,9.99999e-01
4.622487892e-01,9.18688e-01,9.99999e-01,9.99999e-01,9.99999e-01,9.18688e-01,9.99999e-01
4.645600332e-01,9.20227e-01,9.99999e-01,9.99999e-01,9.99998e-01,9.20228e-01,9.99999e-01
4.668828333e-01,9.21720e-01,9.99999e-01,9.99999e-01,9.99977e-01,9.21740e-01,9.99999e-01
4.692172475e-01,9.23181e-01,9.99999e-01,9.99999e-01,9.99951e-01,9.23225e-01,9.99999e-01
4.715633337e-01,9.24654e-01,9.99999e-01,9.99999e-01,9.99968e-01,9.24683e-01,9.99999e-01
4.739211504e-01,9.26087e-01,9.99999e-01,9.99999e-01,9.99969e-01,9.26114e-01,9.99999e-01
4.762907561e-01,9.27505e-01,9.99999e-01,9.99999e-01,9.99983e-01,9.27520e-01,9.99999e-01
4.786722099e-01,9.28893e-01,9.99999e-01,9.99999e-01,9.99993e-01,9.28899e-01,9.99999e-01
4.810655710e-01,9.30252e-01,9.99999e-01,9.99999e-01,9.99997e-01,9.30253e-01,9.99999e-01
4.834708988e-01,9.31566e-01,9.99999e-01,9.99999e-01,9.99981e-01,9.31583e-01,9.99999e-01
4.858882533e-01,9.32856e-01,9.99999e-01,9.99999e-01,9.99965e-01,9.32888e-01,9.99999e-01
4.883176946e-01,9.34142e-01,9.99999e-01,9.99999e-01,9.99971e-01,9.34169e-01,9.99999e-01
4.907592831e-01,9.35402e-01,9.99999e-01,9.99999e-01,9.99973e-01,9.35426e-01,9.99999e-01
4.932130795e-01,9.36643e-01,9.99999e-01,9.99999e-01,9.99981e-01,9.36660e-01,9.99999e-01
4.956791449e-01,9.37863e-01,9.99999e-01,9.99999e-01,9.99989e-01,9.37872e-01,9.99999e-01
4.981575406e-01,9.39016e-01,9.99999e-01,9.99999e-01,9.99951e-01,9.39061e-01,9.99999e-01
5.006483283e-01,9.40111e-01,9.99999e-01,9.99999e-01,9.99875e-01,9.40228e-01,9.99998e-01
5.031515699e-01,9.40771e-01,9.99999e-01,9.99999e-01,9.99366e-01,9.41373e-01,9.99992e-01
5.056673278e-01,9.42174e-01,9.99999e-01,9.99999e-01,9.99664e-01,9.42497e-01,9.99991e-01
5.081956644e-01,9.43196e-01,9.99999e-01,9.99999e-01,9.99576e-01,9.43600e-01,9.99994e-01
5.107366428e-01,9.44412e-01,9.99999e-01,9.99999e-01,9.99713e-01,9.44683e-01,9.99998e-01
5.132903260e-01,9.45590e-01,9.99999e-01,9.99999e-01,9.99835e-01,9.45745e-01,9.99999e-01
5.158567776e-01,9.46722e-01,9.99999e-01,9.99999e-01,9.99930e-01,9.46788e-01,9.99999e-01
5.184360615e-01,9.47785e-01,9.99999e-01,9.99999e-01,9.99971e-01,9.47811e-01,9.99999e-01
5.210282418e-01,9.48805e-01,9.99999e-01,9.99999e-01,9.99989e-01,9.48815e-01,9.99999e-01
5.236333830e-01,9.49761e-01,9.99999e-01,9.99999e-01,9.99958e-01,9.49800e-01,9.99999e-01
5.262515499e-01,9.50742e-01,9.99999e-01,9.99999e-01,9.99973e-01,9.50767e-01,9.99999e-01
5.288828077e-01,9.51693e-01,9.99999e-01,9.99999e-01,9.99975e-01,9.51715e-01,9.99999e-01
5.315272217e-01,9.52626e-01,9.99999e-01,9.99999e-01,9.99978e-01,9.52646e-01,9.99999e-01
5.341848578e-01,9.53547e-01,9.99999e-01,9.99999e-01,9.99985e-01,9.53559e-01,9.99999e-01
5.368557821e-01,9.54410e-01,9.99999e-01,9.99999e-01,9.99951e-01,9.54456e-01,9.99999e-01
5.395400610e-01,9.55169e-01,9.99999e-01,9.99999e-01,9.99827e-01,9.55335e-01,9.99998e-01
5.422377613e-01,9.55978e-01,9.99999e-01,9.99999e-01,9.99774e-01,9.56197e-01,9.99995e-01
5.449489501e-01,9.56841e-01,9.99999e-01,9.99999e-01,9.99791e-01,9.57044e-01,9.99995e-01
5.476736949e-01,9.57694e-01,9.99999e-01,9.99999e-01,9.99813e-01,9.57874e-01,9.99997e-01
5.504120634e-01,9.58559e-01,9.99999e-01,9.99999e-01,9.99864e-01,9.58689e-01,9.99998e-01
5.531641237e-01,9.59423e-01,9.99999e-01,9.99999e-01,9.99931e-01,9.59488e-01,9.99999e-01
5.559299443e-01,9.60241e-01,9.99999e-01,9.99999e-01,9.99966e-01,9.60272e-01,9.99999e-01
5.587095940e-01,9.61022e-01,9.99999e-01,9.99999e-01,9.99979e-01,9.61041e-01,9.99999e-01
5.615031420e-01,9.61774e-01,9.99999e-01,9.99999e-01,9.99976e-01,9.61796e-01,9.99999e-01
5.643106577e-01,9.62511e-01,9.99999e-01,9.99999e-01,9.99974e-01,9.62536e-01,9.99999e-01
5.671322110e-01,9.62964e-01,9.99999e-01,9.99999e-01,9.99692e-01,9.63262e-01,9.99996e-01
5.699678720e-01,9.63642e-01,9.99999e-01,9.99999e-01,9.99662e-01,9.63975e-01,9.99990e-01
5.728177114e-01,9.64332e-01,9.99999e-01,9.99999e-01,9.99652e-01,9.64674e-01,9.99992e-01
5.756818000e-01,9.65047e-01,9.99999e-01,9.99999e-01,9.99680e-01,9.65359e-01,9.99995e-01
5.785602090e-01,9.65761e-01,9.99999e-01,9.99999e-01,9.99721e-01,9.66032e-01,9.99998e-01
5.814530100e-01,9.66421e-01,9.99999e-01,9.99999e-01,9.99720e-01,9.66691e-01,9.99998e-01
5.843602750e-01,9.67018e-01,9.99999e-01,9.99999e-01,9.99669e-01,9.67338e-01,9.99997e-01
5.872820764e-01,9.65198e-01,9.99999e-01,9.99999e-01,9.97152e-01,9.67973e-01,9.99979e-01
5.902184868e-01,9.65170e-01,9.99999e-01,9.99999e-01,9.96517e-01,9.68596e-01,9.99944e-01
5.931695792e-01,9.66777e-01,9.99999e-01,9.99999e-01,9.97546e-01,9.69206e-01,9.99946e-01
5.961354271e-01,9.67161e-01,9.99999e-01,9.99999e-01,9.97305e-01,9.69805e-01,9.99967e-01
5.991161043e-01,9.68474e-01,9.99999e-01,9.99999e-01,9.98032e-01,9.70393e-01,9.99990e-01
6.021116848e-01,9.69882e-01,9.99999e-01,9.99999e-01,9.98881e-01,9.70969e-01,9.99998e-01
6.051222432e-01,9.70984e-01,9.99999e-01,9.99999e-01,9.99433e-01,9.71534e-01,9.99999e-01
6.081478544e-01,9.71851e-01,9.99999e-01,9.99999e-01,9.99755e-01,9.72088e-01,9.99999e-01
6.111885937e-01,9.72531e-01,9.99999e-01,9.99999e-01,9.99896e-01,9.72632e-01,9.99999e-01
6.142445367e-01,9.73120e-01,9.99999e-01,9.99999e-01,9.99953e-01,9.73165e-01,9.99999e-01
6.173157594e-01,9.73664e-01,9.99999e-01,9.99999e-01,9.99974e-01,9.73688e-01,9.99999e-01
6.204023382e-01,9.74180e-01,9.99999e-01,9.99999e-01,9.99978e-01,9.74201e-01,9.99999e-01
6.235043498e-01,9.74614e-01,9.99999e-01,9.99999e-01,9.99906e-01,9.74704e-01,9.99999e-01
6.266218716e-01,9.74707e-01,9.99999e-01,9.99999e-01,9.99500e-01,9.75198e-01,9.99996e-01
6.297549810e-01,9.75496e-01,9.99999e-01,9.99999e-01,9.99816e-01,9.75682e-01,9.99992e-01
6.329037559e-01,9.75796e-01,9.99999e-01,9.99999e-01,9.99636e-01,9.76156e-01,9.99993e-01
6.360682746e-01,9.76318e-01,9.99999e-01,9.99999e-01,9.99691e-01,9.76622e-01,9.99996e-01
6.392486160e-01,9.76686e-01,9.99999e-01,9.99999e-01,9.99599e-01,9.77078e-01,9.99998e-01
6.424448591e-01,9.77055e-01,9.99999e-01,9.99999e-01,9.99520e-01,9.77526e-01,9.99997e-01
6.456570834e-01,9.75560e-01,9.99999e-01,9.99999e-01,9.97554e-01,9.77965e-01,9.99985e-01
6.488853688e-01,9.76261e-01,9.99999e-01,9.99999e-01,9.97857e-01,9.78395e-01,9.99961e-01
6.521297956e-01,9.76966e-01,9.99999e-01,9.99999e-01,9.98140e-01,9.78817e-01,9.99967e-01
6.553904446e-01,9.77411e-01,9.99999e-01,9.99999e-01,9.98164e-01,9.79231e-01,9.99975e-01
6.586673968e-01,9.78075e-01,9.99999e-01,9.99999e-01,9.98412e-01,9.79637e-01,9.99991e-01
6.619607338e-01,9.79135e-01,9.99999e-01,9.99999e-01,9.99082e-01,9.80035e-01,9.99997e-01
6.652705375e-01,9.79903e-01,9.99999e-01,9.99999e-01,9.99467e-01,9.80426e-01,9.99998e-01
6.685968902e-01,9.80566e-01,9.99999e-01,9.99999e-01,9.99752e-01,9.80809e-01,9.99999e-01
6.719398746e-01,9.81072e-01,9.99999e-01,9.99999e-01,9.99884e-01,9.81184e-01,9.99999e-01
6.752995740e-01,9.81492e-01,9.99999e-01,9.99999e-01,9.99937e-01,9.81552e-01,9.99999e-01
6.786760719e-01,9.81826e-01,9.99999e-01,9.99999e-01,9.99910e-01,9.81913e-01,9.99999e-01
6.820694522e-01,9.82117e-01,9.99999e-01,9.99999e-01,9.99847e-01,9.82267e-01,9.99998e-01
6.854797995e-01,9.82420e-01,9.99999e-01,9.99999e-01,9.99803e-01,9.82615e-01,9.99997e-01
6.889071985e-01,9.82492e-01,9.99999e-01,9.99999e-01,9.99532e-01,9.82955e-01,9.99995e-01
6.923517345e-01,9.75670e-01,9.99999e-01,9.99999e-01,9.92288e-01,9.83289e-01,9.99962e-01
6.958134932e-01,9.79501e-01,9.99999e-01,9.99999e-01,9.95899e-01,9.83616e-01,9.99915e-01
6.992925606e-01,9.80111e-01,9.99999e-01,9.99999e-01,9.96184e-01,9.83937e-01,9.99925e-01
7.027890234e-01,9.79523e-01,9.99999e-01,9.99999e-01,9.95250e-01,9.84252e-01,9.99942e-01
7.063029686e-01,9.80606e-01,9.99999e-01,9.99999e-01,9.96010e-01,9.84561e-01,9.99971e-01
7.098344834e-01,9.81078e-01,9.99999e-01,9.99999e-01,9.96172e-01,9.84863e-01,9.99982e-01
7.133836558e-01,9.80171e-01,9.99999e-01,9.99999e-01,9.94968e-01,9.85160e-01,9.99966e-01
7.169505741e-01,9.45630e-01,9.99999e-01,9.99999e-01,9.59841e-01,9.85451e-01,9.99738e-01
7.205353270e-01,9.65359e-01,9.99999e-01,9.99999e-01,9.79778e-01,9.85736e-01,9.99538e-01
7.241380036e-01,9.60782e-01,9.99999e-01,9.99999e-01,9.74798e-01,9.86016e-01,9.99598e-01
7.277586936e-01,9.63490e-01,9.99999e-01,9.99999e-01,9.77208e-01,9.86290e-01,9.99666e-01
7.313974871e-01,9.62374e-01,9.99999e-01,9.99999e-01,9.75633e-01,9.86559e-01,9.99847e-01
7.350544745e-01,9.73600e-01,9.99999e-01,9.99999e-01,9.86651e-01,9.86823e-01,9.99946e-01
7.387297469e-01,9.77343e-01,9.99999e-01,9.99999e-01,9.90157e-01,9.87082e-01,9.99975e-01
7.424233956e-01,9.82555e-01,9.99999e-01,9.99999e-01,9.95162e-01,9.87335e-01,9.99994e-01
7.461355126e-01,9.84692e-01,9.99999e-01,9.99999e-01,9.97071e-01,9.87584e-01,9.99998e-01
7.498661902e-01,9.86476e-01,9.99999e-01,9.99999e-01,9.98632e-01,9.87827e-01,9.99999e-01
7.536155211e-01,9.87406e-01,9.99999e-01,9.99999e-01,9.99330e-01,9.88066e-01,9.99999e-01
7.573835987e-01,9.87960e-01,9.99999e-01,9.99999e-01,9.99655e-01,9.88301e-01,9.99999e-01
7.611705167e-01,9.88319e-01,9.99999e-01,9.99999e-01,9.99785e-01,9.88530e-01,9.99999e-01
7.649763693e-01,9.88623e-01,9.99999e-01,9.99999e-01,9.99865e-01,9.88756e-01,9.99999e-01
7.688012511e-01,9.88884e-01,9.99999e-01,9.99999e-01,9.99906e-01,9.88977e-01,9.99999e-01
7.726452574e-01,9.89117e-01,9.99999e-01,9.99999e-01,9.99923e-01,9.89193e-01,9.99999e-01
7.765084837e-01,9.89299e-01,9.99999e-01,9.99999e-01,9.99891e-01,9.89405e-01,9.99999e-01
7.803910261e-01,9.89152e-01,9.99999e-01,9.99999e-01,9.99533e-01,9.89614e-01,9.99999e-01
7.842929812e-01,9.88206e-01,9.99999e-01,9.99999e-01,9.98374e-01,9.89818e-01,9.99996e-01
7.882144461e-01,9.86654e-01,9.99999e-01,9.99999e-01,9.96622e-01,9.90018e-01,9.99978e-01
7.921555184e-01,9.88330e-01,9.99999e-01,9.99999e-01,9.98137e-01,9.90214e-01,9.99959e-01
7.961162960e-01,9.87147e-01,9.99999e-01,9.99999e-01,9.96747e-01,9.90406e-01,9.99961e-01
8.000968774e-01,9.86812e-01,9.99999e-01,9.99999e-01,9.96221e-01,9.90595e-01,9.99958e-01
8.040973618e-01,9.87009e-01,9.99999e-01,9.99999e-01,9.96225e-01,9.90780e-01,9.99967e-01
8.081178486e-01,9.82571e-01,9.99999e-01,9.99999e-01,9.91563e-01,9.90961e-01,9.99969e-01
8.121584379e-01,9.56487e-01,9.99999e-01,9.99999e-01,9.65153e-01,9.91139e-01,9.99880e-01
8.162192301e-01,9.49566e-01,9.99999e-01,9.99999e-01,9.58315e-01,9.91313e-01,9.99551e-01
8.203003262e-01,9.70500e-01,9.99999e-01,9.99999e-01,9.79349e-01,9.91484e-01,9.99474e-01
8.244018279e-01,9.61952e-01,9.99999e-01,9.99999e-01,9.70455e-01,9.91651e-01,9.99581e-01
8.285238370e-01,9.66809e-01,9.99999e-01,9.99999e-01,9.75106e-01,9.91816e-01,9.99671e-01
8.326664562e-01,9.66772e-01,9.99999e-01,9.99999e-01,9.74723e-01,9.91977e-01,9.99863e-01
8.368297885e-01,9.74116e-01,9.99999e-01,9.99999e-01,9.81868e-01,9.92134e-01,9.99968e-01
8.410139374e-01,9.81544e-01,9.99999e-01,9.99999e-01,9.89188e-01,9.92289e-01,9.99981e-01
8.452190071e-01,9.87152e-01,9.99999e-01,9.99999e-01,9.94680e-01,9.92441e-01,9.99988e-01
8.494451021e-01,9.89528e-01,9.99999e-01,9.99999e-01,9.96923e-01,9.92590e-01,9.99990e-01
8.536923276e-01,9.90917e-01,9.99999e-01,9.99999e-01,9.98173e-01,9.92735e-01,9.99993e-01
8.579607893e-01,9.91764e-01,9.99999e-01,9.99999e-01,9.98878e-01,9.92878e-01,9.99997e-01
8.622505932e-01,9.92309e-01,9.99999e-01,9.99999e-01,9.99285e-01,9.93019e-01,9.99999e-01
8.665618462e-01,9.92719e-01,9.99999e-01,9.99999e-01,9.99559e-01,9.93156e-01,9.99999e-01
8.708946554e-01,9.92791e-01,9.99999e-01,9.99999e-01,9.99497e-01,9.93291e-01,9.99999e-01
8.752491287e-01,9.92754e-01,9.99999e-01,9.99999e-01,9.99326e-01,9.93423e-01,9.99998e-01
8.796253743e-01,9.92627e-01,9.99999e-01,9.99999e-01,9.99070e-01,9.93552e-01,9.99997e-01
8.840235012e-01,9.92617e-01,9.99999e-01,9.99999e-01,9.98937e-01,9.93679e-01,9.99993e-01
8.884436187e-01,9.90007e-01,9.99999e-01,9.99999e-01,9.96198e-01,9.93804e-01,9.99981e-01
8.928858368e-01,9.54096e-01,9.99999e-01,9.99999e-01,9.60028e-01,9.93926e-01,9.99893e-01
8.973502660e-01,9.23597e-01,9.99999e-01,9.99999e-01,9.29636e-01,9.94045e-01,9.99454e-01
9.018370173e-01,9.56723e-01,9.99999e-01,9.99999e-01,9.63165e-01,9.94162e-01,9.99142e-01
9.063462024e-01,9.61792e-01,9.99999e-01,9.99999e-01,9.68056e-01,9.94277e-01,9.99246e-01
9.108779334e-01,9.44283e-01,9.99999e-01,9.99999e-01,9.50352e-01,9.94390e-01,9.99217e-01
9.154323231e-01,9.37905e-01,9.99999e-01,9.99999e-01,9.43701e-01,9.94501e-01,9.99352e-01
9.200094847e-01,9.50007e-01,9.99999e-01,9.99999e-01,9.55501e-01,9.94609e-01,9.99637e-01
9.246095321e-01,9.27141e-01,9.99999e-01,9.99999e-01,9.32455e-01,9.94715e-01,9.99582e-01
9.292325798e-01,6.17870e-01,9.99999e-01,9.99999e-01,6.22099e-01,9.94819e-01,9.98373e-01
9.338787427e-01,5.32211e-01,9.99999e-01,9.99999e-01,5.38537e-01,9.94921e-01,9.93295e-01
9.385481364e-01,7.68995e-01,9.99999e-01,9.99999e-01,7.79049e-01,9.95021e-01,9.92031e-01
9.432408771e-01,7.00091e-01,9.99999e-01,9.99999e-01,7.08397e-01,9.95119e-01,9.93121e-01
9.479570815e-01,6.15082e-01,9.99999e-01,9.99999e-01,6.21519e-01,9.95216e-01,9.94398e-01
9.526968669e-01,6.92686e-01,9.99999e-01,9.99999e-01,6.98338e-01,9.95310e-01,9.96579e-01
9.574603512e-01,7.15435e-01,9.99999e-01,9.99999e-01,7.19991e-01,9.95402e-01,9.98260e-01
9.622476530e-01,7.60630e-01,9.99999e-01,9.99999e-01,7.64993e-01,9.95493e-01,9.98796e-01
9.670588912e-01,8.52725e-01,9.99999e-01,9.99999e-01,8.57214e-01,9.95582e-01,9.99176e-01
9.718941857e-01,9.03950e-01,9.99999e-01,9.99999e-01,9.08432e-01,9.95669e-01,9.99393e-01
9.767536566e-01,9.19071e-01,9.99999e-01,9.99999e-01,9.23416e-01,9.95754e-01,9.99536e-01
9.816374249e-01,9.38474e-01,9.99999e-01,9.99999e-01,9.42547e-01,9.95838e-01,9.99839e-01
9.865456120e-01,9.59746e-01,9.99999e-01,9.99999e-01,9.63710e-01,9.95920e-01,9.99966e-01
9.914783401e-01,9.73516e-01,9.99999e-01,9.99999e-01,9.77434e-01,9.96000e-01,9.99990e-01
9.964357318e-01,9.83768e-01,9.99999e-01,9.99999e-01,9.87645e-01,9.96079e-01,9.99994e-01
1.001417910e+00,9.88754e-01,9.99999e-01,9.99999e-01,9.92577e-01,9.96156e-01,9.99991e-01
1.006425000e+00,9.92009e-01,9.99999e-01,9.99999e-01,9.95772e-01,9.96232e-01,9.99987e-01
1.011457125e+00,9.93672e-01,9.99999e-01,9.99999e-01,9.97366e-01,9.96306e-01,9.99988e-01
1.016514411e+00,9.94593e-01,9.99999e-01,9.99999e-01,9.98214e-01,9.96379e-01,9.99991e-01
1.021596983e+00,9.95026e-01,9.99999e-01,9.99999e-01,9.98578e-01,9.96450e-01,9.99991e-01
1.026704968e+00,9.95411e-01,9.99999e-01,9.99999e-01,9.98891e-01,9.96520e-01,9.99994e-01
1.031838492e+00,9.95783e-01,9.99999e-01,9.99999e-01,9.99192e-01,9.96589e-01,9.99998e-01
1.036997685e+00,9.96179e-01,9.99999e-01,9.99999e-01,9.99521e-01,9.96656e-01,9.99999e-01
1.042182673e+00,9.96156e-01,9.99999e-01,9.99999e-01,9.99431e-01,9.96722e-01,9.99999e-01
1.047393587e+00,9.96034e-01,9.99999e-01,9.99999e-01,9.99244e-01,9.96787e-01,9.99999e-01
1.052630555e+00,9.95819e-01,9.99999e-01,9.99999e-01,9.98965e-01,9.96850e-01,9.99999e-01
1.057893707e+00,9.95193e-01,9.99999e-01,9.99999e-01,9.98275e-01,9.96912e-01,9.99998e-01
1.063183176e+00,9.94141e-01,9.99999e-01,9.99999e-01,9.97159e-01,9.96973e-01,9.99998e-01
1.068499092e+00,9.92285e-01,9.99999e-01,9.99999e-01,9.95240e-01,9.97033e-01,9.99996e-01
1.073841587e+00,9.91543e-01,9.99999e-01,9.99999e-01,9.94441e-01,9.97091e-01,9.99992e-01
1.079210795e+00,9.90008e-01,9.99999e-01,9.99999e-01,9.92857e-01,9.97149e-01,9.99980e-01
1.084606849e+00,9.86414e-01,9.99999e-01,9.99999e-01,9.89223e-01,9.97205e-01,9.99953e-01
1.090029883e+00,9.81851e-01,9.99999e-01,9.99999e-01,9.84641e-01,9.97260e-01,9.99904e-01
1.095480033e+00,9.55871e-01,9.99999e-01,9.99999e-01,9.58610e-01,9.97314e-01,9.99827e-01
1.100957433e+00,8.95461e-01,9.99999e-01,9.99999e-01,8.98108e-01,9.97367e-01,9.99683e-01
1.106462220e+00,7.58875e-01,9.99999e-01,9.99999e-01,7.61246e-01,9.97419e-01,9.99463e-01
1.111994531e+00,5.59574e-01,9.99999e-01,9.99999e-01,5.61793e-01,9.97470e-01,9.98576e-01
1.117554504e+00,3.90091e-01,9.99999e-01,9.99999e-01,3.93077e-01,9.97520e-01,9.94870e-01
1.123142276e+00,4.94787e-01,9.99999e-01,9.99999e-01,5.02078e-01,9.97569e-01,9.87878e-01
1.128757988e+00,6.33816e-01,9.99999e-01,9.99999e-01,6.44356e-01,9.97617e-01,9.85990e-01
1.134401778e+00,3.74702e-01,9.99999e-01,9.99999e-01,3.80219e-01,9.97664e-01,9.87794e-01
1.140073787e+00,7.60332e-01,9.99999e-01,9.99999e-01,7.69612e-01,9.97710e-01,9.90207e-01
1.145774156e+00,5.71806e-01,9.99999e-01,9.99999e-01,5.78143e-01,9.97755e-01,9.91264e-01
1.151503026e+00,5.39666e-01,9.99999e-01,9.99999e-01,5.43506e-01,9.97799e-01,9.95123e-01
1.157260541e+00,5.98834e-01,9.99999e-01,9.99999e-01,6.01005e-01,9.97843e-01,9.98539e-01
1.163046844e+00,6.84066e-01,9.99999e-01,9.99999e-01,6.85799e-01,9.97885e-01,9.99585e-01
1.168862078e+00,7.67762e-01,9.99999e-01,9.99999e-01,7.69521e-01,9.97927e-01,9.99786e-01
1.174706389e+00,8.48801e-01,9.99999e-01,9.99999e-01,8.50770e-01,9.97968e-01,9.99716e-01
1.180579921e+00,9.04041e-01,9.99999e-01,9.99999e-01,9.06233e-01,9.98008e-01,9.99571e-01
1.186482820e+00,9.43698e-01,9.99999e-01,9.99999e-01,9.45958e-01,9.98047e-01,9.99560e-01
1.192415234e+00,9.65968e-01,9.99999e-01,9.99999e-01,9.68138e-01,9.98086e-01,9.99670e-01
1.198377311e+00,9.71003e-01,9.99999e-01,9.99999e-01,9.73129e-01,9.98123e-01,9.99689e-01
1.204369197e+00,9.72459e-01,9.99999e-01,9.99999e-01,9.74524e-01,9.98160e-01,9.99718e-01
1.210391043e+00,9.73697e-01,9.99999e-01,9.99999e-01,9.75622e-01,9.98197e-01,9.99828e-01
1.216442998e+00,9.77346e-01,9.99999e-01,9.99999e-01,9.79179e-01,9.98232e-01,9.99894e-01
1.222525213e+00,9.82004e-01,9.99999e-01,9.99999e-01,9.83772e-01,9.98267e-01,9.99934e-01
1.228637839e+00,9.87005e-01,9.99999e-01,9.99999e-01,9.88714e-01,9.98301e-01,9.99969e-01
1.234781029e+00,9.89939e-01,9.99999e-01,9.99999e-01,9.91598e-01,9.98335e-01,9.99990e-01
1.240954934e+00,9.93060e-01,9.99999e-01,9.99999e-01,9.94685e-01,9.98368e-01,9.99997e-01
1.247159708e+00,9.94262e-01,9.99999e-01,9.99999e-01,9.95856e-01,9.98400e-01,9.99997e-01
1.253395507e+00,9.94762e-01,9.99999e-01,9.99999e-01,9.96326e-01,9.98431e-01,9.99997e-01
1.259662485e+00,9.95010e-01,9.99999e-01,9.99999e-01,9.96545e-01,9.98462e-01,9.99996e-01
1.265960797e+00,9.92947e-01,9.99999e-01,9.99999e-01,9.94450e-01,9.98493e-01,9.99994e-01
1.272290601e+00,9.90368e-01,9.99999e-01,9.99999e-01,9.91842e-01,9.98522e-01,9.99989e-01
1.278652054e+00,9.81376e-01,9.99999e-01,9.99999e-01,9.82815e-01,9.98552e-01,9.99982e-01
1.285045314e+00,9.71714e-01,9.99999e-01,9.99999e-01,9.73126e-01,9.98580e-01,9.99968e-01
1.291470541e+00,9.45197e-01,9.99999e-01,9.99999e-01,9.46566e-01,9.98608e-01,9.99944e-01
1.297927893e+00,9.29366e-01,9.99999e-01,9.99999e-01,9.30730e-01,9.98636e-01,9.99896e-01
1.304417533e+00,9.10047e-01,9.99999e-01,9.99999e-01,9.11464e-01,9.98662e-01,9.99780e-01
1.310939621e+00,8.98203e-01,9.99999e-01,9.99999e-01,8.99785e-01,9.98689e-01,9.99550e-01
1.317494319e+00,8.89117e-01,9.99999e-01,9.99999e-01,8.91000e-01,9.98715e-01,9.99169e-01
1.324081790e+00,8.39557e-01,9.99999e-01,9.99999e-01,8.41756e-01,9.98740e-01,9.98644e-01
1.330702199e+00,5.05352e-01,9.99999e-01,9.99999e-01,5.07161e-01,9.98765e-01,9.97664e-01
1.337355710e+00,1.72311e-01,9.99999e-01,9.99999e-01,1.73298e-01,9.98789e-01,9.95507e-01
1.344042489e+00,1.31446e-02,9.99999e-01,9.99999e-01,1.33398e-02,9.98813e-01,9.86531e-01
1.350762701e+00,1.30790e-04,9.99999e-01,9.99999e-01,1.37165e-04,9.98837e-01,9.54634e-01
1.357516515e+00,3.75930e-06,9.99999e-01,9.99999e-01,4.31295e-06,9.98860e-01,8.72623e-01
1.364304097e+00,2.47854e-04,9.99999e-01,9.99999e-01,3.15055e-04,9.98882e-01,7.87580e-01
1.371125618e+00,3.43753e-03,9.99999e-01,9.99999e-01,4.31018e-03,9.98904e-01,7.98411e-01
1.377981246e+00,8.26562e-03,9.99999e-01,9.99999e-01,1.00358e-02,9.98926e-01,8.24497e-01
1.384871152e+00,3.02301e-04,9.99999e-01,9.99999e-01,3.62941e-04,9.98947e-01,8.33797e-01
1.391795508e+00,3.67901e-04,9.99999e-01,9.99999e-01,4.37425e-04,9.98968e-01,8.41929e-01
1.398754485e+00,1.30232e-03,9.99999e-01,9.99999e-01,1.50193e-03,9.98988e-01,8.67974e-01
1.405748258e+00,1.30860e-03,9.99999e-01,9.99999e-01,1.42294e-03,9.99008e-01,9.20558e-01
1.412776999e+00,1.39251e-03,9.99999e-01,9.99999e-01,1.44755e-03,9.99028e-01,9.62912e-01
1.419840884e+00,2.26946e-03,9.99999e-01,9.99999e-01,2.30958e-03,9.99047e-01,9.83565e-01
1.426940089e+00,8.17663e-03,9.99999e-01,9.99999e-01,8.28796e-03,9.99066e-01,9.87489e-01
1.434074789e+00,2.55502e-02,9.99999e-01,9.99999e-01,2.59564e-02,9.99084e-01,9.85253e-01
1.441245163e+00,5.99958e-02,9.99999e-01,9.99999e-01,6.10238e-02,9.99102e-01,9.84037e-01
1.448451389e+00,1.34734e-01,9.99999e-01,9.99999e-01,1.36766e-01,9.99120e-01,9.86009e-01
1.455693646e+00,2.63781e-01,9.99999e-01,9.99999e-01,2.66919e-01,9.99137e-01,9.89096e-01
1.462972114e+00,3.19055e-01,9.99999e-01,9.99999e-01,3.22681e-01,9.99154e-01,9.89598e-01
1.470286975e+00,2.63973e-01,9.99999e-01,9.99999e-01,2.66921e-01,9.99171e-01,9.89774e-01
1.477638409e+00,3.05972e-01,9.99999e-01,9.99999e-01,3.08352e-01,9.99187e-01,9.93085e-01
1.485026601e+00,3.80389e-01,9.99999e-01,9.99999e-01,3.81910e-01,9.99203e-01,9.96811e-01
1.492451734e+00,4.85124e-01,9.99999e-01,9.99999e-01,4.86181e-01,9.99219e-01,9.98605e-01
1.499913993e+00,6.15493e-01,9.99999e-01,9.99999e-01,6.16334e-01,9.99234e-01,9.99397e-01
1.507413563e+00,7.04665e-01,9.99999e-01,9.99999e-01,7.05393e-01,9.99249e-01,9.99717e-01
1.514950631e+00,8.02896e-01,9.99999e-01,9.99999e-01,8.03592e-01,9.99264e-01,9.99867e-01
1.522525384e+00,8.67651e-01,9.99999e-01,9.99999e-01,8.68319e-01,9.99279e-01,9.99950e-01
1.530138011e+00,9.00700e-01,9.99999e-01,9.99999e-01,9.01352e-01,9.99293e-01,9.99982e-01
1.537788701e+00,9.42616e-01,9.99999e-01,9.99999e-01,9.43276e-01,9.99307e-01,9.99991e-01
1.545477645e+00,9.62657e-01,9.99999e-01,9.99999e-01,9.63314e-01,9.99321e-01,9.99995e-01
1.553205033e+00,9.69508e-01,9.99999e-01,9.99999e-01,9.70156e-01,9.99334e-01,9.99997e-01
1.560971058e+00,9.80617e-01,9.99999e-01,9.99999e-01,9.81258e-01,9.99347e-01,9.99997e-01
1.568775913e+00,9.87037e-01,9.99999e-01,9.99999e-01,9.87670e-01,9.99360e-01,9.99998e-01
1.576619793e+00,9.89757e-01,9.99999e-01,9.99999e-01,9.90379e-01,9.99373e-01,9.99998e-01
1.584502892e+00,9.93545e-01,9.99999e-01,9.99999e-01,9.94157e-01,9.99385e-01,9.99997e-01
1.592425406e+00,9.93991e-01,9.99999e-01,9.99999e-01,9.94592e-01,9.99397e-01,9.99996e-01
1.600387533e+00,9.95682e-01,9.99999e-01,9.99999e-01,9.96273e-01,9.99409e-01,9.99996e-01
1.608389471e+00,9.95563e-01,9.99999e-01,9.99999e-01,9.96142e-01,9.99421e-01,9.99997e-01
1.616431418e+00,9.95501e-01,9.99999e-01,9.99999e-01,9.96068e-01,9.99432e-01,9.99997e-01
1.624513575e+00,9.95237e-01,9.99999e-01,9.99999e-01,9.95793e-01,9.99443e-01,9.99996e-01
1.632636143e+00,9.92864e-01,9.99999e-01,9.99999e-01,9.93409e-01,9.99454e-01,9.99995e-01
1.640799324e+00,9.90686e-01,9.99999e-01,9.99999e-01,9.91221e-01,9.99465e-01,9.99993e-01
1.649003321e+00,9.88235e-01,9.99999e-01,9.99999e-01,9.88760e-01,9.99475e-01,9.99991e-01
1.657248337e+00,9.84758e-01,9.99999e-01,9.99999e-01,9.85272e-01,9.99486e-01,9.99991e-01
1.665534579e+00,9.79483e-01,9.99999e-01,9.99999e-01,9.79984e-01,9.99496e-01,9.99990e-01
1.673862252e+00,9.72093e-01,9.99999e-01,9.99999e-01,9.72583e-01,9.99506e-01,9.99988e-01
1.682231563e+00,9.75659e-01,9.99999e-01,9.99999e-01,9.76147e-01,9.99516e-01,9.99983e-01
1.690642721e+00,9.58108e-01,9.99999e-01,9.99999e-01,9.58587e-01,9.99525e-01,9.99974e-01
1.699095934e+00,9.51324e-01,9.99999e-01,9.99999e-01,9.51803e-01,9.99535e-01,9.99960e-01
1.707591414e+00,9.48480e-01,9.99999e-01,9.99999e-01,9.48969e-01,9.99544e-01,9.99939e-01
1.716129371e+00,9.36302e-01,9.99999e-01,9.99999e-01,9.36802e-01,9.99553e-01,9.99912e-01
1.724710018e+00,9.05653e-01,9.99999e-01,9.99999e-01,9.06165e-01,9.99561e-01,9.99872e-01
1.733333568e+00,8.79425e-01,9.99999e-01,9.99999e-01,8.79978e-01,9.99570e-01,9.99799e-01
1.742000236e+00,8.23436e-01,9.99999e-01,9.99999e-01,8.24043e-01,9.99579e-01,9.99683e-01
1.750710237e+00,6.94812e-01,9.99999e-01,9.99999e-01,6.95451e-01,9.99587e-01,9.99492e-01
1.759463788e+00,5.03919e-01,9.99999e-01,9.99999e-01,5.04555e-01,9.99595e-01,9.99141e-01
1.768261107e+00,2.75270e-01,9.99999e-01,9.99999e-01,2.75787e-01,9.99603e-01,9.98519e-01
1.777102413e+00,1.18166e-01,9.99999e-01,9.99999e-01,1.18487e-01,9.99611e-01,9.97682e-01
1.785987925e+00,2.62252e-02,9.99999e-01,9.99999e-01,2.63334e-02,9.99619e-01,9.96270e-01
1.794917864e+00,6.67930e-03,9.99999e-01,9.99999e-01,6.73106e-03,9.99626e-01,9.92679e-01
1.803892454e+00,2.47126e-04,9.99999e-01,9.99999e-01,2.51059e-04,9.99633e-01,9.84694e-01
1.812911916e+00,5.30579e-05,9.99999e-01,9.99999e-01,5.47829e-05,9.99641e-01,9.68857e-01
1.821976476e+00,6.88164e-05,9.99999e-01,9.99999e-01,7.38184e-05,9.99648e-01,9.32566e-01
1.831086358e+00,1.23039e-05,9.99999e-01,9.99999e-01,1.44691e-05,9.99655e-01,8.50648e-01
1.840241790e+00,7.14063e-05,9.99999e-01,9.99999e-01,9.38476e-05,9.99661e-01,7.61132e-01
1.849442999e+00,2.24220e-04,9.99999e-01,9.99999e-01,3.11443e-04,9.99668e-01,7.20178e-01
1.858690214e+00,3.40589e-06,9.99999e-01,9.99999e-01,4.72933e-06,9.99675e-01,7.20398e-01
1.867983665e+00,6.84702e-07,9.99999e-01,9.99999e-01,9.26178e-07,9.99681e-01,7.39511e-01
1.877323583e+00,3.17375e-03,9.99999e-01,9.99999e-01,4.14412e-03,9.99687e-01,7.66083e-01
1.886710201e+00,5.15739e-03,9.99999e-01,9.99999e-01,6.51119e-03,9.99693e-01,7.92323e-01
1.896143752e+00,1.03825e-02,9.99999e-01,9.99999e-01,1.30453e-02,9.99700e-01,7.96123e-01
1.905624471e+00,4.17150e-04,9.99999e-01,9.99999e-01,5.13556e-04,9.99705e-01,8.12516e-01
1.915152593e+00,6.11565e-05,9.99999e-01,9.99999e-01,7.09579e-05,9.99711e-01,8.62118e-01
1.924728356e+00,1.80689e-05,9.99999e-01,9.99999e-01,1.96557e-05,9.99717e-01,9.19527e-01
1.934351998e+00,1.25596e-05,9.99999e-01,9.99999e-01,1.30777e-05,9.99722e-01,9.60645e-01
1.944023758e+00,5.02081e-04,9.99999e-01,9.99999e-01,5.09328e-04,9.99728e-01,9.86038e-01
1.953743877e+00,1.81904e-03,9.99999e-01,9.99999e-01,1.83026e-03,9.99733e-01,9.94135e-01
1.963512596e+00,1.55707e-02,9.99999e-01,9.99999e-01,1.56211e-02,9.99739e-01,9.97031e-01
1.973330159e+00,3.92356e-02,9.99999e-01,9.99999e-01,3.93067e-02,9.99744e-01,9.98446e-01
1.983196810e+00,1.99611e-01,9.99999e-01,9.99999e-01,1.99831e-01,9.99749e-01,9.99147e-01
1.993112794e+00,2.84426e-01,9.99999e-01,9.99999e-01,2.84628e-01,9.99754e-01,9.99535e-01
2.003078358e+00,4.68138e-01,9.99999e-01,9.99999e-01,4.68373e-01,9.99759e-01,9.99738e-01
2.013093750e+00,6.12187e-01,9.99999e-01,9.99999e-01,6.12427e-01,9.99763e-01,9.99843e-01
2.023159218e+00,7.53204e-01,9.99999e-01,9.99999e-01,7.53461e-01,9.99768e-01,9.99890e-01
2.033275015e+00,8.03236e-01,9.99999e-01,9.99999e-01,8.03489e-01,9.99772e-01,9.99911e-01
2.043441390e+00,8.73095e-01,9.99999e-01,9.99999e-01,8.73371e-01,9.99777e-01,9.99906e-01
2.053658597e+00,8.95849e-01,9.99999e-01,9.99999e-01,8.96159e-01,9.99781e-01,9.99871e-01
2.063926890e+00,9.29168e-01,9.99998e-01,9.99999e-01,9.29549e-01,9.99786e-01,9.99803e-01
2.074246524e+00,9.38122e-01,9.99997e-01,9.99999e-01,9.38611e-01,9.99790e-01,9.99688e-01
2.084617757e+00,9.58737e-01,9.99996e-01,9.99999e-01,9.59408e-01,9.99794e-01,9.99508e-01
2.095040845e+00,9.67074e-01,9.99995e-01,9.99999e-01,9.67989e-01,9.99798e-01,9.99258e-01
2.105516050e+00,9.71157e-01,9.99994e-01,9.99999e-01,9.72367e-01,9.99802e-01,9.98956e-01
2.116043630e+00,9.72103e-01,9.99994e-01,9.99999e-01,9.73542e-01,9.99806e-01,9.98718e-01
2.126623848e+00,9.82264e-01,9.99995e-01,9.99999e-01,9.83869e-01,9.99810e-01,9.98560e-01
2.137256967e+00,9.82943e-01,9.99996e-01,9.99999e-01,9.84708e-01,9.99813e-01,9.98395e-01
2.147943252e+00,9.83165e-01,9.99997e-01,9.99999e-01,9.85245e-01,9.99817e-01,9.98071e-01
2.158682968e+00,9.84136e-01,9.99988e-01,9.99999e-01,9.86537e-01,9.99821e-01,9.97755e-01
2.169476383e+00,9.83764e-01,9.99995e-01,9.99999e-01,9.85652e-01,9.99824e-01,9.98262e-01
2.180323765e+00,9.82236e-01,9.99997e-01,9.99999e-01,9.83663e-01,9.99828e-01,9.98722e-01
2.191225384e+00,9.78847e-01,9.99997e-01,9.99999e-01,9.80056e-01,9.99831e-01,9.98934e-01
2.202181511e+00,9.74134e-01,9.99997e-01,9.99999e-01,9.75095e-01,9.99834e-01,9.99180e-01
2.213192418e+00,9.74426e-01,9.99998e-01,9.99999e-01,9.75139e-01,9.99838e-01,9.99430e-01
2.224258381e+00,9.69748e-01,9.99998e-01,9.99999e-01,9.70259e-01,9.99841e-01,9.99632e-01
2.235379672e+00,9.74856e-01,9.99998e-01,9.99999e-01,9.75222e-01,9.99844e-01,9.99779e-01
2.246556571e+00,9.55233e-01,9.99998e-01,9.99999e-01,9.55510e-01,9.99847e-01,9.99861e-01
2.257789354e+00,9.66126e-01,9.99999e-01,9.99999e-01,9.66366e-01,9.99850e-01,9.99899e-01
2.269078300e+00,9.17059e-01,9.99999e-01,9.99999e-01,9.17269e-01,9.99853e-01,9.99916e-01
2.280423692e+00,9.31664e-01,9.99999e-01,9.99999e-01,9.31878e-01,9.99856e-01,9.99913e-01
2.291825810e+00,8.69332e-01,9.99999e-01,9.99999e-01,8.69542e-01,9.99859e-01,9.99899e-01
2.303284939e+00,8.82445e-01,9.99999e-01,9.99999e-01,8.82687e-01,9.99861e-01,9.99862e-01
2.314801364e+00,8.07408e-01,9.99999e-01,9.99999e-01,8.07672e-01,9.99864e-01,9.99807e-01
2.326375371e+00,7.98292e-01,9.99999e-01,9.99999e-01,7.98602e-01,9.99867e-01,9.99742e-01
2.338007248e+00,7.72591e-01,9.99999e-01,9.99999e-01,7.72962e-01,9.99869e-01,9.99649e-01
2.349697284e+00,6.45518e-01,9.99999e-01,9.99999e-01,6.45906e-01,9.99872e-01,9.99525e-01
2.361445770e+00,6.99962e-01,9.99999e-01,9.99999e-01,7.00508e-01,9.99874e-01,9.99344e-01
2.373252999e+00,6.18871e-01,9.99999e-01,9.99999e-01,6.19506e-01,9.99877e-01,9.99096e-01
2.385119264e+00,4.38179e-01,9.99999e-01,9.99999e-01,4.38763e-01,9.99879e-01,9.98786e-01
2.397044861e+00,5.94138e-01,9.99999e-01,9.99999e-01,5.95290e-01,9.99882e-01,9.98181e-01
2.409030085e+00,3.86962e-01,9.99999e-01,9.99999e-01,3.88032e-01,9.99884e-01,9.97355e-01
2.421075235e+00,3.94566e-01,9.99999e-01,9.99999e-01,3.96080e-01,9.99886e-01,9.96289e-01
2.433180612e+00,2.52428e-01,9.99999e-01,9.99999e-01,2.53759e-01,9.99889e-01,9.94867e-01
2.445346515e+00,1.31778e-01,9.99999e-01,9.99999e-01,1.32741e-01,9.99891e-01,9.92852e-01
2.457573247e+00,6.93641e-02,9.99999e-01,9.99999e-01,7.01050e-02,9.99893e-01,9.89536e-01
2.469861113e+00,9.23956e-03,9.99999e-01,9.99999e-01,9.38365e-03,9.99895e-01,9.84746e-01
2.482210419e+00,1.80663e-04,9.99999e-01,9.99999e-01,1.84755e-04,9.99897e-01,9.77952e-01
2.494621471e+00,1.19587e-06,9.99999e-01,9.99999e-01,1.23566e-06,9.99899e-01,9.67895e-01
2.507094578e+00,4.97225e-10,9.99999e-01,9.99999e-01,5.23464e-10,9.99901e-01,9.49967e-01
2.519630051e+00,5.59679e-17,9.99999e-01,9.99999e-01,6.11332e-17,9.99903e-01,9.15595e-01
2.532228202e+00,3.51520e-22,9.99999e-01,9.99999e-01,4.12988e-22,9.99905e-01,8.51241e-01
2.544889343e+00,7.84274e-30,9.99999e-01,9.99999e-01,1.08220e-29,9.99907e-01,7.24772e-01
2.557613789e+00,2.74250e-29,9.99999e-01,9.99999e-01,5.14096e-29,9.99909e-01,5.33509e-01
2.570401858e+00,6.23374e-48,9.99999e-01,9.99999e-01,2.02189e-47,9.99910e-01,3.08339e-01
2.583253867e+00,4.50120e-41,9.99999e-01,9.99999e-01,2.46354e-40,9.99912e-01,1.82728e-01
2.596170137e+00,2.33585e-35,9.99999e-01,9.99999e-01,2.10086e-34,9.99914e-01,1.11195e-01
2.609150988e+00,1.34649e-25,9.99999e-01,9.99999e-01,1.98771e-24,9.99915e-01,6.77462e-02
2.622196742e+00,8.25997e-22,9.99999e-01,9.99999e-01,1.29100e-20,9.99917e-01,6.39864e-02
2.635307726e+00,5.80166e-11,9.99999e-01,9.99999e-01,7.57797e-10,9.99919e-01,7.65656e-02
2.648484265e+00,7.91374e-13,9.99999e-01,9.99999e-01,9.76804e-12,9.99920e-01,8.10230e-02
2.661726686e+00,2.16298e-21,9.99999e-01,9.99999e-01,2.77564e-20,9.99922e-01,7.79329e-02
2.675035320e+00,1.58612e-71,9.99999e-01,9.99999e-01,1.99052e-70,9.99923e-01,7.96897e-02
2.688410496e+00,6.45142e-36,9.99999e-01,9.99999e-01,7.07948e-35,9.99925e-01,9.11351e-02
2.701852549e+00,1.77567e-31,9.99999e-01,9.99999e-01,1.80954e-30,9.99926e-01,9.81351e-02
2.715361811e+00,3.11962e-31,9.99999e-01,9.99999e-01,2.93533e-30,9.99928e-01,1.06286e-01
2.728938620e+00,1.49425e-22,9.99999e-01,9.99999e-01,1.12768e-21,9.99929e-01,1.32515e-01
2.742583314e+00,6.71516e-24,9.99999e-01,9.99999e-01,3.37312e-23,9.99931e-01,1.99092e-01
2.756296230e+00,8.80098e-25,9.99999e-01,9.99999e-01,2.73677e-24,9.99932e-01,3.21605e-01
2.770077711e+00,4.64422e-33,9.99999e-01,9.99999e-01,9.65676e-33,9.99933e-01,4.80960e-01
2.783928100e+00,5.27045e-33,9.99999e-01,9.99999e-01,8.81784e-33,9.99935e-01,5.97741e-01
2.797847740e+00,3.31625e-25,9.99999e-01,9.99999e-01,4.67020e-25,9.99936e-01,7.10132e-01
2.811836979e+00,1.10631e-26,9.99999e-01,9.99999e-01,1.36517e-26,9.99937e-01,8.10430e-01
2.825896164e+00,3.88732e-23,9.99999e-01,9.99999e-01,4.45219e-23,9.99938e-01,8.73179e-01
2.840025645e+00,4.62408e-18,9.99999e-01,9.99999e-01,5.10139e-18,9.99939e-01,9.06488e-01
2.854225773e+00,3.94858e-16,9.99999e-01,9.99999e-01,4.25161e-16,9.99941e-01,9.28779e-01
2.868496902e+00,3.53563e-15,9.99999e-01,9.99999e-01,3.71549e-15,9.99942e-01,9.51646e-01
2.882839386e+00,3.79605e-12,9.99999e-01,9.99999e-01,3.92528e-12,9.99943e-01,9.67131e-01
2.897253583e+00,2.26697e-10,9.99999e-01,9.99999e-01,2.32427e-10,9.99944e-01,9.75399e-01
2.911739851e+00,2.92459e-07,9.99999e-01,9.99999e-01,2.98133e-07,9.99945e-01,9.81020e-01
2.926298550e+00,9.63196e-06,9.99999e-01,9.99999e-01,9.76952e-06,9.99946e-01,9.85970e-01
2.940930043e+00,1.52003e-05,9.99999e-01,9.99999e-01,1.53746e-05,9.99947e-01,9.88719e-01
2.955634693e+00,3.41225e-05,9.99999e-01,9.99999e-01,3.44716e-05,9.99948e-01,9.89921e-01
2.970412867e+00,4.71449e-05,9.99999e-01,9.99999e-01,4.75670e-05,9.99949e-01,9.91175e-01
2.985264931e+00,9.06100e-04,9.99999e-01,9.99999e-01,9.13669e-04,9.99950e-01,9.91763e-01
3.000191256e+00,1.27899e-03,9.99999e-01,9.99999e-01,1.28991e-03,9.99951e-01,9.91582e-01
3.015192212e+00,5.91442e-03,9.99999e-01,9.99999e-01,5.97267e-03,9.99952e-01,9.90293e-01
3.030268173e+00,1.45241e-02,9.99999e-01,9.99999e-01,1.46981e-02,9.99953e-01,9.88207e-01
3.045419514e+00,4.10788e-03,9.99999e-01,9.99999e-01,4.16483e-03,9.99954e-01,9.86371e-01
3.060646612e+00,4.09664e-02,9.99999e-01,9.99999e-01,4.16497e-02,9.99955e-01,9.83639e-01
3.075949845e+00,4.52337e-02,9.99999e-01,9.99999e-01,4.60727e-02,9.99956e-01,9.81832e-01
3.091329594e+00,3.02334e-02,9.99999e-01,9.99999e-01,3.08283e-02,9.99957e-01,9.80744e-01
3.106786242e+00,7.80691e-02,9.99999e-01,9.99999e-01,7.96004e-02,9.99957e-01,9.80802e-01
3.122320173e+00,1.07036e-01,9.99999e-01,9.99999e-01,1.09010e-01,9.99958e-01,9.81923e-01
3.137931774e+00,1.21631e-01,9.99999e-01,9.99999e-01,1.23593e-01,9.99959e-01,9.84166e-01
3.153621433e+00,2.38403e-01,9.99999e-01,9.99999e-01,2.41866e-01,9.99960e-01,9.85722e-01
3.169389540e+00,2.75506e-01,9.99999e-01,9.99999e-01,2.79659e-01,9.99961e-01,9.85187e-01
3.185236488e+00,2.03774e-01,9.99999e-01,9.99999e-01,2.07320e-01,9.99961e-01,9.82933e-01
3.201162670e+00,4.09509e-02,9.99999e-01,9.99999e-01,4.17536e-02,9.99962e-01,9.80810e-01
3.217168483e+00,1.03664e-01,9.99999e-01,9.99999e-01,1.05877e-01,9.99963e-01,9.79139e-01
3.233254326e+00,2.07338e-01,9.99999e-01,9.99999e-01,2.11679e-01,9.99964e-01,9.79526e-01
3.249420598e+00,3.27705e-01,9.99999e-01,9.99999e-01,3.33842e-01,9.99964e-01,9.81651e-01
3.265667701e+00,2.09986e-01,9.99999e-01,9.99999e-01,2.13446e-01,9.99965e-01,9.83819e-01
3.281996039e+00,2.89411e-01,9.99999e-01,9.99999e-01,2.93404e-01,9.99966e-01,9.86424e-01
3.298406019e+00,1.16271e-01,9.99999e-01,9.99999e-01,1.17566e-01,9.99966e-01,9.89014e-01
3.314898049e+00,1.00955e-01,9.99999e-01,9.99999e-01,1.01792e-01,9.99967e-01,9.91810e-01
3.331472540e+00,1.84514e-01,9.99999e-01,9.99999e-01,1.85612e-01,9.99968e-01,9.94115e-01
3.348129902e+00,1.70380e-01,9.99999e-01,9.99999e-01,1.71105e-01,9.99968e-01,9.95795e-01
3.364870552e+00,2.37755e-01,9.99999e-01,9.99999e-01,2.39169e-01,9.99969e-01,9.94120e-01
3.381694905e+00,2.73373e-01,9.99999e-01,9.99999e-01,2.74484e-01,9.99969e-01,9.95980e-01
3.398603379e+00,4.00341e-01,9.99999e-01,9.99999e-01,4.01905e-01,9.99970e-01,9.96137e-01
3.415596396e+00,5.00542e-01,9.99999e-01,9.99999e-01,5.02397e-01,9.99971e-01,9.96334e-01
3.432674378e+00,5.31076e-01,9.99999e-01,9.99999e-01,5.32169e-01,9.99971e-01,9.97972e-01
3.449837750e+00,6.49546e-01,9.99999e-01,9.99999e-01,6.50455e-01,9.99972e-01,9.98629e-01
3.467086939e+00,7.41080e-01,9.99999e-01,9.99999e-01,7.42248e-01,9.99972e-01,9.98452e-01
3.484422373e+00,7.57028e-01,9.99999e-01,9.99999e-01,7.58361e-01,9.99973e-01,9.98268e-01
3.501844485e+00,8.51615e-01,9.99999e-01,9.99999e-01,8.52640e-01,9.99973e-01,9.98822e-01
3.519353708e+00,8.74265e-01,9.99999e-01,9.99999e-01,8.74661e-01,9.99974e-01,9.99572e-01
3.536950476e+00,8.87038e-01,9.99999e-01,9.99999e-01,8.87270e-01,9.99974e-01,9.99763e-01
3.554635228e+00,9.27968e-01,9.99999e-01,9.99999e-01,9.28340e-01,9.99975e-01,9.99622e-01
3.572408405e+00,9.30540e-01,9.99999e-01,9.99999e-01,9.31005e-01,9.99975e-01,9.99523e-01
3.590270447e+00,9.51103e-01,9.99999e-01,9.99999e-01,9.51627e-01,9.99976e-01,9.99471e-01
3.608221799e+00,9.61498e-01,9.99999e-01,9.99999e-01,9.62204e-01,9.99976e-01,9.99288e-01
3.626262908e+00,9.66734e-01,9.99999e-01,9.99999e-01,9.67590e-01,9.99977e-01,9.99137e-01
3.644394222e+00,9.79418e-01,9.99999e-01,9.99999e-01,9.80576e-01,9.99977e-01,9.98840e-01
3.662616193e+00,9.66801e-01,9.99999e-01,9.99999e-01,9.68243e-01,9.99977e-01,9.98531e-01
3.680929274e+00,9.46458e-01,9.99999e-01,9.99999e-01,9.48259e-01,9.99978e-01,9.98121e-01
3.699333921e+00,9.73131e-01,9.99999e-01,9.99999e-01,9.75464e-01,9.99978e-01,9.97628e-01
3.717830590e+00,9.77920e-01,9.99999e-01,9.99999e-01,9.80892e-01,9.99979e-01,9.96989e-01
3.736419743e+00,9.73776e-01,9.99999e-01,9.99999e-01,9.77623e-01,9.99979e-01,9.96084e-01
3.755101842e+00,9.71290e-01,9.99999e-01,9.99999e-01,9.76051e-01,9.99980e-01,9.95142e-01
3.773877351e+00,9.74183e-01,9.99998e-01,9.99999e-01,9.80228e-01,9.99980e-01,9.93852e-01
3.792746738e+00,9.68302e-01,9.99997e-01,9.99999e-01,9.76078e-01,9.99980e-01,9.92052e-01
3.811710472e+00,9.60976e-01,9.99996e-01,9.99999e-01,9.70768e-01,9.99981e-01,9.89934e-01
3.830769024e+00,9.56203e-01,9.99994e-01,9.99999e-01,9.68493e-01,9.99981e-01,9.87331e-01
3.849922869e+00,9.39336e-01,9.99990e-01,9.99999e-01,9.54638e-01,9.99981e-01,9.83996e-01
3.869172484e+00,9.27040e-01,9.99986e-01,9.99999e-01,9.46141e-01,9.99982e-01,9.79840e-01
3.888518346e+00,9.45100e-01,9.99977e-01,9.99999e-01,9.70097e-01,9.99982e-01,9.74269e-01
3.907960938e+00,9.34750e-01,9.99972e-01,9.99999e-01,9.66739e-01,9.99982e-01,9.66951e-01
3.927500742e+00,7.70578e-01,9.99952e-01,9.99999e-01,8.04809e-01,9.99983e-01,9.57523e-01
3.947138246e+00,8.27191e-01,9.99934e-01,9.99999e-01,8.75179e-01,9.99983e-01,9.45242e-01
3.966873937e+00,6.56660e-01,9.99925e-01,9.99999e-01,7.06538e-01,9.99983e-01,9.29478e-01
3.986708307e+00,8.57288e-01,9.99878e-01,9.99999e-01,9.41973e-01,9.99984e-01,9.10219e-01
4.006641849e+00,8.68501e-01,9.99840e-01,9.99999e-01,9.78978e-01,9.99984e-01,8.87302e-01
4.026675058e+00,8.40458e-01,9.99870e-01,9.99999e-01,9.75782e-01,9.99984e-01,8.61441e-01
4.046808433e+00,8.09998e-01,9.99862e-01,9.99999e-01,9.70980e-01,9.99985e-01,8.34332e-01
4.067042475e+00,7.80722e-01,9.99802e-01,9.99999e-01,9.66556e-01,9.99985e-01,8.07905e-01
4.087377688e+00,7.55616e-01,9.99769e-01,9.99999e-01,9.64259e-01,9.99985e-01,7.83813e-01
4.107814576e+00,7.26723e-01,9.99731e-01,9.99999e-01,9.50671e-01,9.99985e-01,7.64645e-01
4.128353649e+00,6.94497e-01,9.99729e-01,9.99999e-01,9.23550e-01,9.99986e-01,7.52196e-01
4.148995417e+00,6.75998e-01,9.99814e-01,9.99999e-01,9.05965e-01,9.99986e-01,7.46307e-01
4.169740394e+00,6.38563e-01,9.99826e-01,9.99999e-01,8.54629e-01,9.99986e-01,7.47316e-01
4.190589096e+00,6.20522e-01,9.99838e-01,9.99999e-01,8.24704e-01,9.99986e-01,7.52543e-01
4.211542042e+00,5.57170e-01,9.99850e-01,9.99999e-01,7.38944e-01,9.99987e-01,7.54125e-01
4.232599752e+00,5.34069e-01,9.99909e-01,9.99999e-01,7.16296e-01,9.99987e-01,7.45669e-01
4.253762751e+00,4.70990e-01,9.99935e-01,9.99999e-01,6.54494e-01,9.99987e-01,7.19676e-01
4.275031564e+00,3.74611e-01,9.99896e-01,9.99999e-01,5.56764e-01,9.99987e-01,6.72909e-01
4.296406722e+00,3.04552e-01,9.98982e-01,9.99999e-01,4.63442e-01,9.99988e-01,6.57773e-01
4.317888756e+00,3.56394e-01,9.99798e-01,9.99999e-01,5.11773e-01,9.99988e-01,6.96529e-01
4.339478200e+00,3.25053e-01,9.99882e-01,9.99999e-01,4.31508e-01,9.99988e-01,7.53385e-01
4.361175591e+00,2.92746e-01,9.99905e-01,9.99999e-01,3.70847e-01,9.99988e-01,7.89470e-01
4.382981469e+00,3.04323e-01,9.99898e-01,9.99999e-01,3.76602e-01,9.99989e-01,8.08155e-01
4.404896376e+00,2.91353e-01,9.99857e-01,9.99999e-01,3.55859e-01,9.99989e-01,8.18829e-01
4.426920858e+00,2.03005e-01,9.99857e-01,9.99999e-01,2.45214e-01,9.99989e-01,8.27963e-01
4.449055462e+00,3.08976e-01,9.99900e-01,9.99999e-01,3.68566e-01,9.99989e-01,8.38401e-01
4.471300739e+00,2.35971e-01,9.99896e-01,9.99999e-01,2.77286e-01,9.99989e-01,8.51082e-01
4.493657243e+00,3.15241e-01,9.99910e-01,9.99999e-01,3.64081e-01,9.99990e-01,8.65932e-01
4.516125529e+00,1.79870e-01,9.99913e-01,9.99999e-01,2.03995e-01,9.99990e-01,8.81801e-01
4.538706157e+00,2.59560e-01,9.99898e-01,9.99999e-01,2.88972e-01,9.99990e-01,8.98283e-01
4.561399688e+00,2.41649e-01,9.99928e-01,9.99999e-01,2.64304e-01,9.99990e-01,9.14329e-01
4.584206686e+00,3.32895e-01,9.99943e-01,9.99999e-01,3.58306e-01,9.99990e-01,9.29124e-01
4.607127720e+00,2.44101e-01,9.99944e-01,9.99999e-01,2.59036e-01,9.99990e-01,9.42383e-01
4.630163358e+00,1.10357e-01,9.99965e-01,9.99999e-01,1.15695e-01,9.99991e-01,9.53888e-01
4.653314175e+00,1.12207e-01,9.99966e-01,9.99999e-01,1.16486e-01,9.99991e-01,9.63291e-01
4.676580746e+00,2.69920e-02,9.99968e-01,9.99999e-01,2.78030e-02,9.99991e-01,9.70851e-01
4.699963650e+00,9.63219e-02,9.99982e-01,9.99999e-01,9.86024e-02,9.99991e-01,9.76891e-01
4.723463468e+00,3.03203e-02,9.99979e-01,9.99999e-01,3.08907e-02,9.99991e-01,9.81549e-01
4.747080785e+00,1.31907e-01,9.99988e-01,9.99999e-01,1.33920e-01,9.99991e-01,9.84984e-01
4.770816189e+00,4.01101e-02,9.99989e-01,9.99999e-01,4.06166e-02,9.99992e-01,9.87542e-01
4.794670270e+00,1.55155e-02,9.99991e-01,9.99999e-01,1.56817e-02,9.99992e-01,9.89416e-01
4.818643622e+00,1.97091e-02,9.99994e-01,9.99999e-01,1.98936e-02,9.99992e-01,9.90735e-01
4.842736840e+00,2.82805e-03,9.99994e-01,9.99999e-01,2.85237e-03,9.99992e-01,9.91480e-01
4.866950524e+00,3.62071e-02,9.99996e-01,9.99999e-01,3.65099e-02,9.99992e-01,9.91715e-01
4.891285276e+00,3.55461e-03,9.99996e-01,9.99999e-01,3.58526e-03,9.99992e-01,9.91459e-01
4.915741703e+00,1.38842e-02,9.99998e-01,9.99999e-01,1.40100e-02,9.99992e-01,9.91028e-01
4.940320411e+00,2.19656e-03,9.99998e-01,9.99999e-01,2.21873e-03,9.99992e-01,9.90015e-01
4.965022013e+00,7.23257e-04,9.99998e-01,9.99999e-01,7.31505e-04,9.99993e-01,9.88730e-01
4.989847123e+00,3.36253e-03,9.99998e-01,9.99999e-01,3.40530e-03,9.99993e-01,9.87446e-01
5.014796359e+00,1.07991e-04,9.99998e-01,9.99999e-01,1.09574e-04,9.99993e-01,9.85561e-01
5.039870341e+00,4.63745e-04,9.99999e-01,9.99999e-01,4.71625e-04,9.99993e-01,9.83297e-01
5.065069693e+00,8.13653e-04,9.99999e-01,9.99999e-01,8.30495e-04,9.99993e-01,9.79725e-01
5.090395041e+00,3.29218e-05,9.99999e-01,9.99999e-01,3.37327e-05,9.99993e-01,9.75967e-01
5.115847016e+00,1.69478e-05,9.99999e-01,9.99999e-01,1.74534e-05,9.99993e-01,9.71032e-01
5.141426251e+00,3.58405e-07,9.99999e-01,9.99999e-01,3.71695e-07,9.99993e-01,9.64250e-01
5.167133383e+00,1.12049e-07,9.99999e-01,9.99999e-01,1.17002e-07,9.99994e-01,9.57674e-01
5.192969049e+00,9.58637e-08,9.99999e-01,9.99999e-01,1.00900e-07,9.99994e-01,9.50092e-01
5.218933895e+00,1.32439e-11,9.99999e-01,9.99999e-01,1.40875e-11,9.99994e-01,9.40127e-01
5.245028564e+00,7.79633e-09,9.99999e-01,9.99999e-01,8.40810e-09,9.99994e-01,9.27245e-01
5.271253707e+00,8.60643e-10,9.99999e-01,9.99999e-01,9.45685e-10,9.99994e-01,9.10077e-01
5.297609976e+00,5.12033e-11,9.99999e-01,9.99999e-01,5.75427e-11,9.99994e-01,8.89834e-01
5.324098025e+00,1.91276e-11,9.99999e-01,9.99999e-01,2.20875e-11,9.99994e-01,8.65996e-01
5.350718516e+00,7.32095e-14,9.99999e-01,9.99999e-01,8.77959e-14,9.99994e-01,8.33863e-01
5.377472108e+00,5.51301e-14,9.99999e-01,9.99999e-01,6.85723e-14,9.99994e-01,8.03974e-01
5.404359469e+00,4.75925e-14,9.99999e-01,9.99999e-01,6.17619e-14,9.99994e-01,7.70582e-01
5.431381266e+00,7.90117e-25,9.99999e-01,9.99999e-01,1.06630e-24,9.99995e-01,7.40990e-01
5.458538172e+00,4.85829e-25,9.99999e-01,9.99999e-01,6.90376e-25,9.99995e-01,7.03719e-01
5.485830863e+00,2.15182e-26,9.99999e-01,9.99999e-01,3.27784e-26,9.99995e-01,6.56477e-01
5.513260018e+00,7.28428e-28,9.99999e-01,9.99999e-01,1.19511e-27,9.99995e-01,6.09508e-01
5.540826318e+00,1.54994e-29,9.99999e-01,9.99999e-01,2.77984e-29,9.99995e-01,5.57568e-01
5.568530449e+00,2.13138e-45,9.99999e-01,9.99999e-01,4.22302e-45,9.99995e-01,5.04707e-01
5.596373101e+00,1.57506e-43,9.99999e-01,9.99999e-01,3.47310e-43,9.99995e-01,4.53504e-01
5.624354967e+00,3.22181e-39,9.99999e-01,9.99999e-01,7.99815e-39,9.99995e-01,4.02821e-01
5.652476742e+00,5.02870e-43,9.99999e-01,9.99999e-01,1.42662e-42,9.99995e-01,3.52492e-01
5.680739126e+00,2.63153e-49,9.99999e-01,9.99999e-01,8.68104e-49,9.99995e-01,3.03137e-01
5.709142821e+00,9.60588e-54,9.99999e-01,9.99999e-01,3.72108e-53,9.99995e-01,2.58148e-01
5.737688535e+00,5.60483e-52,9.99999e-01,9.99999e-01,2.65512e-51,9.99995e-01,2.11096e-01
5.766376978e+00,2.52042e-40,9.99999e-01,9.99999e-01,1.51089e-39,9.99995e-01,1.66817e-01
5.795208863e+00,1.03828e-36,9.99999e-01,9.99999e-01,8.17135e-36,9.99996e-01,1.27063e-01
5.824184907e+00,8.75465e-45,9.99999e-01,9.99999e-01,9.16639e-44,9.99996e-01,9.55084e-02
5.853305832e+00,6.87637e-44,9.99999e-01,9.99999e-01,9.38698e-43,9.99996e-01,7.32545e-02
5.882572361e+00,7.14977e-54,9.99999e-01,9.99999e-01,1.22376e-52,9.99996e-01,5.84249e-02
5.911985223e+00,1.46026e-51,9.99999e-01,9.99999e-01,3.06793e-50,9.99996e-01,4.75977e-02
5.941545149e+00,1.85124e-53,9.99999e-01,9.99999e-01,4.68175e-52,9.99996e-01,3.95417e-02
5.971252874e+00,2.10954e-46,9.99999e-01,9.99999e-01,5.97077e-45,9.99996e-01,3.53312e-02
6.001109139e+00,5.80202e-32,9.99999e-01,9.99999e-01,1.70131e-30,9.99996e-01,3.41032e-02
6.031114685e+00,3.69914e-35,9.99999e-01,9.99999e-01,1.04298e-33,9.99996e-01,3.54670e-02
6.061270258e+00,4.69380e-35,9.99999e-01,9.99999e-01,1.18862e-33,9.99996e-01,3.94896e-02
6.091576609e+00,1.14229e-29,9.99999e-01,9.99999e-01,2.50802e-28,9.99996e-01,4.55457e-02
6.122034492e+00,1.14535e-19,9.99999e-01,9.99999e-01,2.10140e-18,9.99996e-01,5.45044e-02
6.152644665e+00,3.62657e-20,9.99999e-01,9.99999e-01,5.44860e-19,9.99996e-01,6.65597e-02
6.183407888e+00,2.83879e-14,9.99999e-01,9.99999e-01,3.58573e-13,9.99996e-01,7.91691e-02
6.214324928e+00,4.76164e-10,9.99999e-01,9.99999e-01,5.42552e-09,9.99996e-01,8.77640e-02
6.245396552e+00,2.40529e-07,9.99999e-01,9.99999e-01,2.74384e-06,9.99996e-01,8.76617e-02
6.276623535e+00,9.90981e-08,9.99999e-01,9.99999e-01,1.25062e-06,9.99997e-01,7.92394e-02
6.308006653e+00,9.51511e-08,9.99999e-01,9.99999e-01,1.42603e-06,9.99997e-01,6.67247e-02
6.339546686e+00,1.02814e-14,9.99999e-01,9.99999e-01,1.90139e-13,9.99997e-01,5.40730e-02
6.371244419e+00,9.32405e-29,9.99999e-01,9.99999e-01,2.14529e-27,9.99997e-01,4.34630e-02
6.403100641e+00,1.24721e-39,9.99999e-01,9.99999e-01,3.51358e-38,9.99997e-01,3.54967e-02
6.435116145e+00,7.01829e-84,9.99999e-01,9.99999e-01,2.25356e-82,9.99997e-01,3.11432e-02
6.467291725e+00,2.53479e-84,9.99999e-01,9.99999e-01,8.64802e-83,9.99997e-01,2.93107e-02
6.499628184e+00,5.79911e-96,9.99999e-01,9.99999e-01,1.95905e-94,9.99997e-01,2.96018e-02
6.532126325e+00,9.65025e-85,9.99999e-01,9.99999e-01,3.00669e-83,9.99997e-01,3.20960e-02
6.564786956e+00,1.47426e-101,9.99999e-01,9.99999e-01,3.84464e-100,9.99997e-01,3.83459e-02
6.597610891e+00,6.44453e-136,9.99999e-01,9.99999e-01,1.35039e-134,9.99997e-01,4.77236e-02
6.630598946e+00,4.18131e-90,9.99999e-01,9.99999e-01,6.90032e-89,9.99997e-01,6.05959e-02
6.663751940e+00,5.91266e-84,9.99999e-01,9.99999e-01,7.69134e-83,9.99997e-01,7.68743e-02
6.697070700e+00,8.97047e-67,9.99999e-01,9.99999e-01,9.22516e-66,9.99997e-01,9.72392e-02
6.730556054e+00,3.54611e-46,9.99999e-01,9.99999e-01,2.91336e-45,9.99997e-01,1.21719e-01
6.764208834e+00,2.91106e-46,9.99999e-01,9.99999e-01,1.91642e-45,9.99997e-01,1.51901e-01
6.798029878e+00,4.97849e-56,9.99999e-01,9.99999e-01,2.60945e-55,9.99997e-01,1.90787e-01
6.832020027e+00,4.21389e-56,9.99999e-01,9.99999e-01,1.82615e-55,9.99997e-01,2.30752e-01
6.866180128e+00,3.89591e-64,9.99999e-01,9.99999e-01,1.42208e-63,9.99997e-01,2.73959e-01
6.900511028e+00,2.03871e-37,9.99999e-01,9.99999e-01,6.35911e-37,9.99997e-01,3.20598e-01
6.935013583e+00,4.83668e-37,9.99999e-01,9.99999e-01,1.30156e-36,9.99997e-01,3.71606e-01
6.969688651e+00,1.99574e-46,9.99999e-01,9.99999e-01,4.67633e-46,9.99997e-01,4.26775e-01
7.004537095e+00,2.13246e-45,9.99999e-01,9.99999e-01,4.39270e-45,9.99997e-01,4.85455e-01
7.039559780e+00,1.81234e-49,9.99999e-01,9.99999e-01,3.31790e-49,9.99997e-01,5.46230e-01
7.074757579e+00,5.96055e-39,9.99999e-01,9.99999e-01,9.93291e-39,9.99997e-01,6.00081e-01
7.110131367e+00,1.53467e-38,9.99999e-01,9.99999e-01,2.35022e-38,9.99997e-01,6.52991e-01
7.145682024e+00,3.73927e-43,9.99999e-01,9.99999e-01,5.31076e-43,9.99998e-01,7.04094e-01
7.181410434e+00,3.12000e-54,9.99999e-01,9.99999e-01,4.16236e-54,9.99998e-01,7.49576e-01
7.217317486e+00,2.03387e-40,9.99999e-01,9.99999e-01,2.57616e-40,9.99998e-01,7.89497e-01
7.253404073e+00,1.13102e-40,9.99999e-01,9.99999e-01,1.37017e-40,9.99998e-01,8.25464e-01
7.289671094e+00,8.64481e-36,9.99999e-01,9.99999e-01,1.01026e-35,9.99998e-01,8.55703e-01
7.326119449e+00,1.34539e-35,9.99999e-01,9.99999e-01,1.52495e-35,9.99998e-01,8.82251e-01
7.362750046e+00,2.04122e-26,9.99999e-01,9.99999e-01,2.25380e-26,9.99998e-01,9.05680e-01
7.399563797e+00,2.41437e-21,9.99999e-01,9.99999e-01,2.61253e-21,9.99998e-01,9.24151e-01
7.436561616e+00,1.39430e-23,9.99999e-01,9.99999e-01,1.48562e-23,9.99998e-01,9.38532e-01
7.473744424e+00,2.14397e-22,9.99999e-01,9.99999e-01,2.25399e-22,9.99998e-01,9.51191e-01
7.511113146e+00,5.34198e-19,9.99999e-01,9.99999e-01,5.55364e-19,9.99998e-01,9.61889e-01
7.548668712e+00,2.38034e-20,9.99999e-01,9.99999e-01,2.45609e-20,9.99998e-01,9.69157e-01
7.586412055e+00,1.34772e-35,9.99999e-01,9.99999e-01,1.38191e-35,9.99998e-01,9.75262e-01
7.624344115e+00,3.04928e-18,9.99999e-01,9.99999e-01,3.11105e-18,9.99998e-01,9.80146e-01
7.662465836e+00,2.38147e-11,9.99999e-01,9.99999e-01,2.42072e-11,9.99998e-01,9.83783e-01
7.700778165e+00,1.34806e-11,9.99999e-01,9.99999e-01,1.36607e-11,9.99998e-01,9.86819e-01
7.739282056e+00,3.23280e-18,9.99999e-01,9.99999e-01,3.26877e-18,9.99998e-01,9.88995e-01
7.777978466e+00,1.30794e-12,9.99999e-01,9.99999e-01,1.31986e-12,9.99998e-01,9.90970e-01
7.816868359e+00,1.72265e-10,9.99999e-01,9.99999e-01,1.73525e-10,9.99998e-01,9.92741e-01
7.855952700e+00,5.26565e-11,9.99999e-01,9.99999e-01,5.29807e-11,9.99998e-01,9.93882e-01
7.895232464e+00,4.56476e-11,9.99999e-01,9.99999e-01,4.58861e-11,9.99998e-01,9.94801e-01
7.934708626e+00,1.86508e-07,9.99999e-01,9.99999e-01,1.87337e-07,9.99998e-01,9.95574e-01
7.974382169e+00,3.51784e-05,9.99999e-01,9.99999e-01,3.53159e-05,9.99998e-01,9.96107e-01
8.014254080e+00,7.43841e-06,9.99999e-01,9.99999e-01,7.46358e-06,9.99998e-01,9.96628e-01
8.054325351e+00,1.08287e-05,9.99999e-01,9.99999e-01,1.08599e-05,9.99998e-01,9.97131e-01
8.094596977e+00,3.27661e-04,9.99999e-01,9.99999e-01,3.28449e-04,9.99998e-01,9.97599e-01
8.135069962e+00,2.84332e-04,9.99999e-01,9.99999e-01,2.84894e-04,9.99998e-01,9.98026e-01
8.175745312e+00,5.10096e-05,9.99999e-01,9.99999e-01,5.10954e-05,9.99998e-01,9.98320e-01
8.216624039e+00,1.35485e-03,9.99999e-01,9.99999e-01,1.35681e-03,9.99998e-01,9.98559e-01
8.257707159e+00,3.83604e-03,9.99999e-01,9.99999e-01,3.84081e-03,9.99998e-01,9.98756e-01
8.298995695e+00,2.49028e-02,9.99999e-01,9.99999e-01,2.49308e-02,9.99998e-01,9.98877e-01
8.340490673e+00,1.00639e-02,9.99999e-01,9.99999e-01,1.00740e-02,9.99998e-01,9.98993e-01
8.382193126e+00,4.06342e-02,9.99999e-01,9.99999e-01,4.06702e-02,9.99998e-01,9.99114e-01
8.424104092e+00,1.51127e-02,9.99999e-01,9.99999e-01,1.51244e-02,9.99998e-01,9.99223e-01
8.466224613e+00,3.55860e-02,9.99999e-01,9.99999e-01,3.56100e-02,9.99998e-01,9.99325e-01
8.508555736e+00,1.37663e-02,9.99999e-01,9.99999e-01,1.37747e-02,9.99998e-01,9.99392e-01
8.551098514e+00,1.24249e-01,9.99999e-01,9.99999e-01,1.24317e-01,9.99998e-01,9.99451e-01
8.593854007e+00,2.68645e-01,9.99999e-01,9.99999e-01,2.68782e-01,9.99998e-01,9.99491e-01
8.636823277e+00,3.09668e-01,9.99999e-01,9.99999e-01,3.09813e-01,9.99998e-01,9.99533e-01
8.680007393e+00,1.48429e-01,9.99999e-01,9.99999e-01,1.48492e-01,9.99998e-01,9.99576e-01
8.723407430e+00,2.23026e-01,9.99999e-01,9.99999e-01,2.23111e-01,9.99998e-01,9.99620e-01
8.767024467e+00,1.68216e-01,9.99999e-01,9.99999e-01,1.68273e-01,9.99998e-01,9.99665e-01
8.810859590e+00,1.69038e-01,9.99999e-01,9.99999e-01,1.69091e-01,9.99998e-01,9.99689e-01
8.854913888e+00,4.72535e-01,9.99999e-01,9.99999e-01,4.72671e-01,9.99998e-01,9.99711e-01
8.899188457e+00,4.19402e-01,9.99999e-01,9.99999e-01,4.19515e-01,9.99998e-01,9.99729e-01
8.943684399e+00,3.28438e-01,9.99999e-01,9.99999e-01,3.28522e-01,9.99998e-01,9.99744e-01
8.988402821e+00,3.04742e-01,9.99999e-01,9.99999e-01,3.04816e-01,9.99998e-01,9.99756e-01
9.033344836e+00,2.25317e-01,9.99999e-01,9.99999e-01,2.25369e-01,9.99998e-01,9.99769e-01
9.078511560e+00,3.32172e-01,9.99999e-01,9.99999e-01,3.32244e-01,9.99998e-01,9.99783e-01
9.123904118e+00,4.62577e-01,9.99999e-01,9.99999e-01,4.62674e-01,9.99998e-01,9.99789e-01
9.169523638e+00,3.71803e-01,9.99999e-01,9.99999e-01,3.71880e-01,9.99998e-01,9.99794e-01
9.215371256e+00,6.05007e-01,9.99999e-01,9.99999e-01,6.05128e-01,9.99998e-01,9.99799e-01
9.261448113e+00,5.78394e-01,9.99999e-01,9.99999e-01,5.78508e-01,9.99998e-01,9.99803e-01
9.307755353e+00,4.46784e-01,9.99999e-01,9.99999e-01,4.46870e-01,9.99998e-01,9.99805e-01
9.354294130e+00,3.73391e-01,9.99999e-01,9.99999e-01,3.73463e-01,9.99998e-01,9.99807e-01
9.401065601e+00,2.21010e-01,9.99999e-01,9.99999e-01,2.21052e-01,9.99999e-01,9.99806e-01
9.448070929e+00,3.01404e-01,9.99999e-01,9.99999e-01,3.01463e-01,9.99999e-01,9.99803e-01
9.495311283e+00,5.40409e-01,9.99999e-01,9.99999e-01,5.40518e-01,9.99999e-01,9.99799e-01
9.542787840e+00,6.45791e-01,9.99999e-01,9.99999e-01,6.45924e-01,9.99999e-01,9.99793e-01
9.590501779e+00,5.02786e-01,9.99999e-01,9.99999e-01,5.02893e-01,9.99999e-01,9.99787e-01
9.638454288e+00,4.94781e-01,9.99999e-01,9.99999e-01,4.94889e-01,9.99999e-01,9.99781e-01
9.686646559e+00,5.22891e-01,9.99999e-01,9.99999e-01,5.23008e-01,9.99999e-01,9.99775e-01
9.735079792e+00,6.13591e-01,9.99999e-01,9.99999e-01,6.13733e-01,9.99999e-01,9.99768e-01
9.783755191e+00,5.46368e-01,9.99999e-01,9.99999e-01,5.46499e-01,9.99999e-01,9.99759e-01
9.832673967e+00,2.64884e-01,9.99999e-01,9.99999e-01,2.64950e-01,9.99999e-01,9.99749e-01
9.881837337e+00,1.19650e-01,9.99999e-01,9.99999e-01,1.19681e-01,9.99999e-01,9.99739e-01
9.931246523e+00,3.97863e-01,9.99999e-01,9.99999e-01,3.97971e-01,9.99999e-01,9.99727e-01
9.980902756e+00,5.59538e-01,9.99999e-01,9.99999e-01,5.59697e-01,9.99999e-01,9.99714e-01
1.003080727e+01,5.61307e-01,9.99999e-01,9.99999e-01,5.61475e-01,9.99999e-01,9.99700e-01
1.008096131e+01,6.04864e-01,9.99999e-01,9.99999e-01,6.05054e-01,9.99999e-01,9.99686e-01
1.013136611e+01,6.78662e-01,9.99999e-01,9.99999e-01,6.78885e-01,9.99999e-01,9.99671e-01
1.018202294e+01,7.09686e-01,9.99999e-01,9.99999e-01,7.09930e-01,9.99999e-01,9.99656e-01
1.023293306e+01,5.44658e-01,9.99999e-01,9.99999e-01,5.44855e-01,9.99999e-01,9.99638e-01
1.028409772e+01,3.40280e-01,9.99999e-01,9.99999e-01,3.40409e-01,9.99999e-01,9.99620e-01
1.033551821e+01,3.08298e-01,9.99999e-01,9.99999e-01,3.08421e-01,9.99999e-01,9.99601e-01
1.038719580e+01,1.48902e-01,9.99999e-01,9.99999e-01,1.48965e-01,9.99999e-01,9.99581e-01
1.043913178e+01,1.58612e-01,9.99999e-01,9.99999e-01,1.58682e-01,9.99999e-01,9.99560e-01
1.049132744e+01,3.35059e-01,9.99999e-01,9.99999e-01,3.35214e-01,9.99999e-01,9.99536e-01
1.054378408e+01,4.44312e-01,9.99999e-01,9.99999e-01,4.44528e-01,9.99999e-01,9.99512e-01
1.059650300e+01,4.24863e-01,9.99999e-01,9.99999e-01,4.25081e-01,9.99999e-01,9.99487e-01
1.064948551e+01,3.88454e-01,9.99999e-01,9.99999e-01,3.88663e-01,9.99999e-01,9.99460e-01
1.070273294e+01,2.60372e-01,9.99999e-01,9.99999e-01,2.60519e-01,9.99999e-01,9.99432e-01
1.075624661e+01,2.81174e-01,9.99999e-01,9.99999e-01,2.81342e-01,9.99999e-01,9.99402e-01
1.081002784e+01,2.89004e-01,9.99999e-01,9.99999e-01,2.89186e-01,9.99999e-01,9.99372e-01
1.086407798e+01,1.26699e-01,9.99999e-01,9.99999e-01,1.26782e-01,9.99999e-01,9.99340e-01
1.091839837e+01,4.80531e-02,9.99999e-01,9.99999e-01,4.80865e-02,9.99999e-01,9.99305e-01
1.097299036e+01,9.99221e-03,9.99999e-01,9.99999e-01,9.99952e-03,9.99999e-01,9.99269e-01
1.102785531e+01,6.39581e-03,9.99999e-01,9.99999e-01,6.40073e-03,9.99999e-01,9.99230e-01
1.108299459e+01,7.40733e-02,9.99999e-01,9.99999e-01,7.41332e-02,9.99999e-01,9.99191e-01
1.113840956e+01,2.49662e-01,9.99999e-01,9.99999e-01,2.49874e-01,9.99999e-01,9.99149e-01
1.119410161e+01,3.41926e-01,9.99999e-01,9.99999e-01,3.42232e-01,9.99999e-01,9.99105e-01
1.125007212e+01,2.29423e-01,9.99999e-01,9.99999e-01,2.29639e-01,9.99999e-01,9.99059e-01
1.130632248e+01,1.90944e-01,9.99999e-01,9.99999e-01,1.91134e-01,9.99999e-01,9.99009e-01
1.136285409e+01,2.90099e-01,9.99999e-01,9.99999e-01,2.90402e-01,9.99999e-01,9.98958e-01
1.141966836e+01,3.26456e-01,9.99999e-01,9.99999e-01,3.26814e-01,9.99999e-01,9.98905e-01
1.147676670e+01,2.54914e-01,9.99999e-01,9.99999e-01,2.55207e-01,9.99999e-01,9.98851e-01
1.153415054e+01,8.55058e-02,9.99999e-01,9.99999e-01,8.56091e-02,9.99999e-01,9.98793e-01
1.159182129e+01,4.62950e-02,9.99999e-01,9.99999e-01,4.63537e-02,9.99999e-01,9.98733e-01
1.164978039e+01,7.56471e-03,9.99999e-01,9.99999e-01,7.57478e-03,9.99999e-01,9.98670e-01
1.170802930e+01,1.66421e-03,9.99999e-01,9.99999e-01,1.66654e-03,9.99999e-01,9.98603e-01
1.176656944e+01,1.94565e-02,9.99999e-01,9.99999e-01,1.94851e-02,9.99999e-01,9.98534e-01
1.182540229e+01,8.68426e-02,9.99999e-01,9.99999e-01,8.69768e-02,9.99999e-01,9.98457e-01
1.188452930e+01,8.95215e-02,9.99999e-01,9.99999e-01,8.96668e-02,9.99999e-01,9.98379e-01
1.194395195e+01,1.26898e-01,9.99999e-01,9.99999e-01,1.27115e-01,9.99999e-01,9.98292e-01
1.200367171e+01,1.95762e-01,9.99999e-01,9.99999e-01,1.96114e-01,9.99999e-01,9.98200e-01
1.206369007e+01,9.89018e-02,9.99999e-01,9.99999e-01,9.90895e-02,9.99999e-01,9.98106e-01
1.212400852e+01,1.84140e-01,9.99999e-01,9.99999e-01,1.84509e-01,9.99999e-01,9.98003e-01
1.218462856e+01,1.82055e-01,9.99999e-01,9.99999e-01,1.82438e-01,9.99999e-01,9.97901e-01
1.224555170e+01,2.87146e-02,9.99999e-01,9.99999e-01,2.87779e-02,9.99999e-01,9.97797e-01
1.230677946e+01,1.41894e-02,9.99999e-01,9.99999e-01,1.42222e-02,9.99999e-01,9.97693e-01
1.236831336e+01,1.00415e-03,9.99999e-01,9.99999e-01,1.00658e-03,9.99999e-01,9.97583e-01
1.243015492e+01,1.15518e-04,9.99999e-01,9.99999e-01,1.15811e-04,9.99999e-01,9.97469e-01
1.249230570e+01,1.58453e-04,9.99999e-01,9.99999e-01,1.58873e-04,9.99999e-01,9.97353e-01
1.255476723e+01,5.51446e-04,9.99999e-01,9.99999e-01,5.52978e-04,9.99999e-01,9.97229e-01
1.261754106e+01,1.55224e-02,9.99999e-01,9.99999e-01,1.55675e-02,9.99999e-01,9.97104e-01
1.268062877e+01,5.65821e-02,9.99999e-01,9.99999e-01,5.67541e-02,9.99999e-01,9.96969e-01
1.274403191e+01,3.78418e-02,9.99999e-01,9.99999e-01,3.79623e-02,9.99999e-01,9.96824e-01
1.280775207e+01,7.90187e-02,9.99999e-01,9.99999e-01,7.92821e-02,9.99999e-01,9.96677e-01
1.287179083e+01,3.29517e-02,9.99999e-01,9.99999e-01,3.30669e-02,9.99999e-01,9.96517e-01
1.293614979e+01,4.97598e-02,9.99999e-01,9.99999e-01,4.99417e-02,9.99999e-01,9.96355e-01
1.300083054e+01,5.82820e-03,9.99999e-01,9.99999e-01,5.85049e-03,9.99999e-01,9.96189e-01
1.306583469e+01,6.71623e-03,9.99999e-01,9.99999e-01,6.74308e-03,9.99999e-01,9.96017e-01
1.313116386e+01,5.23285e-03,9.99999e-01,9.99999e-01,5.25468e-03,9.99999e-01,9.95845e-01
1.319681968e+01,2.80831e-03,9.99999e-01,9.99999e-01,2.82055e-03,9.99999e-01,9.95657e-01
1.326280378e+01,4.31678e-05,9.99999e-01,9.99999e-01,4.33646e-05,9.99999e-01,9.95463e-01
1.332911780e+01,8.84171e-05,9.99999e-01,9.99999e-01,8.88375e-05,9.99999e-01,9.95267e-01
1.339576339e+01,2.80307e-05,9.99999e-01,9.99999e-01,2.81706e-05,9.99999e-01,9.95033e-01
1.346274221e+01,1.99053e-07,9.99999e-01,9.99999e-01,2.00094e-07,9.99999e-01,9.94798e-01
1.353005592e+01,3.81624e-04,9.99999e-01,9.99999e-01,3.83717e-04,9.99999e-01,9.94545e-01
1.359770620e+01,1.01076e-03,9.99999e-01,9.99999e-01,1.01660e-03,9.99999e-01,9.94257e-01
1.366569473e+01,7.36355e-04,9.99999e-01,9.99999e-01,7.40824e-04,9.99999e-01,9.93967e-01
1.373402320e+01,5.80120e-03,9.99999e-01,9.99999e-01,5.83816e-03,9.99999e-01,9.93669e-01
1.380269332e+01,1.06073e-02,9.99999e-01,9.99999e-01,1.06781e-02,9.99999e-01,9.93365e-01
1.387170678e+01,1.99326e-03,9.99999e-01,9.99999e-01,2.00719e-03,9.99999e-01,9.93060e-01
1.394106532e+01,8.67392e-04,9.99999e-01,9.99999e-01,8.73723e-04,9.99999e-01,9.92754e-01
1.401077064e+01,1.24302e-04,9.99999e-01,9.99999e-01,1.25248e-04,9.99999e-01,9.92446e-01
1.408082450e+01,1.72470e-04,9.99999e-01,9.99999e-01,1.73837e-04,9.99999e-01,9.92136e-01
1.415122862e+01,1.79664e-06,9.99999e-01,9.99999e-01,1.81149e-06,9.99999e-01,9.91806e-01
1.422198476e+01,2.48926e-08,9.99999e-01,9.99999e-01,2.51066e-08,9.99999e-01,9.91475e-01
1.429309469e+01,1.11860e-07,9.99999e-01,9.99999e-01,1.12861e-07,9.99999e-01,9.91132e-01
1.436456016e+01,1.71221e-09,9.99999e-01,9.99999e-01,1.72820e-09,9.99999e-01,9.90743e-01
1.443638296e+01,1.07666e-10,9.99999e-01,9.99999e-01,1.08715e-10,9.99999e-01,9.90353e-01
1.450856487e+01,2.89066e-08,9.99999e-01,9.99999e-01,2.92000e-08,9.99999e-01,9.89951e-01
1.458110770e+01,9.95920e-06,9.99999e-01,9.99999e-01,1.00646e-05,9.99999e-01,9.89525e-01
1.465401324e+01,5.56904e-05,9.99999e-01,9.99999e-01,5.63042e-05,9.99999e-01,9.89097e-01
1.472728330e+01,5.81601e-05,9.99999e-01,9.99999e-01,5.88275e-05,9.99999e-01,9.88654e-01
1.480091972e+01,4.82176e-06,9.99999e-01,9.99999e-01,4.87941e-06,9.99999e-01,9.88185e-01
1.487492432e+01,1.92932e-09,9.99999e-01,9.99999e-01,1.95332e-09,9.99999e-01,9.87714e-01
1.494929894e+01,6.98500e-08,9.99999e-01,9.99999e-01,7.07548e-08,9.99999e-01,9.87212e-01
1.502404544e+01,3.59089e-06,9.99999e-01,9.99999e-01,3.63942e-06,9.99999e-01,9.86665e-01
1.509916566e+01,7.19222e-06,9.99999e-01,9.99999e-01,7.29348e-06,9.99999e-01,9.86115e-01
1.517466149e+01,8.36056e-07,9.99999e-01,9.99999e-01,8.48318e-07,9.99999e-01,9.85545e-01
1.525053480e+01,8.89758e-06,9.99999e-01,9.99999e-01,9.03360e-06,9.99999e-01,9.84942e-01
1.532678747e+01,3.04550e-07,9.99999e-01,9.99999e-01,3.09396e-07,9.99999e-01,9.84336e-01
1.540342141e+01,1.96162e-08,9.99999e-01,9.99999e-01,2.00100e-08,9.99999e-01,9.80323e-01
1.548043852e+01,2.07918e-09,9.99999e-01,9.99999e-01,2.12286e-09,9.99999e-01,9.79422e-01
1.555784071e+01,2.69771e-12,9.99999e-01,9.99999e-01,2.75659e-12,9.99999e-01,9.78639e-01
1.563562991e+01,5.22831e-17,9.99999e-01,9.99999e-01,5.34678e-17,9.99999e-01,9.77842e-01
1.571380806e+01,1.98804e-17,9.99999e-01,9.99999e-01,2.03482e-17,9.99999e-01,9.77008e-01
1.579237710e+01,3.74396e-13,9.99999e-01,9.99999e-01,3.83536e-13,9.99999e-01,9.76168e-01
1.587133899e+01,7.46447e-11,9.99999e-01,9.99999e-01,7.65340e-11,9.99999e-01,9.75314e-01
1.595069568e+01,2.20846e-12,9.99999e-01,9.99999e-01,2.26676e-12,9.99999e-01,9.74282e-01
1.603044916e+01,4.26647e-16,9.99999e-01,9.99999e-01,4.38375e-16,9.99999e-01,9.73244e-01
1.611060141e+01,4.36342e-16,9.99999e-01,9.99999e-01,4.48819e-16,9.99999e-01,9.72200e-01
1.619115441e+01,3.26883e-15,9.99999e-01,9.99999e-01,3.36606e-15,9.99999e-01,9.71113e-01
1.627211019e+01,4.53789e-17,9.99999e-01,9.99999e-01,4.67817e-17,9.99999e-01,9.70013e-01
1.635347074e+01,1.60119e-15,9.99999e-01,9.99999e-01,1.65257e-15,9.99999e-01,9.68908e-01
1.643523809e+01,9.18750e-16,9.99999e-01,9.99999e-01,9.49350e-16,9.99999e-01,9.67766e-01
1.651741428e+01,2.58522e-17,9.99999e-01,9.99999e-01,2.67456e-17,9.99999e-01,9.66597e-01
1.660000135e+01,1.67403e-21,9.99999e-01,9.99999e-01,1.73398e-21,9.99999e-01,9.65423e-01
1.668300136e+01,3.13686e-22,9.99999e-01,9.99999e-01,3.25315e-22,9.99999e-01,9.64251e-01
1.676641637e+01,3.29789e-19,9.99999e-01,9.99999e-01,3.42424e-19,9.99999e-01,9.63101e-01
1.685024845e+01,5.90687e-20,9.99999e-01,9.99999e-01,6.14054e-20,9.99999e-01,9.61945e-01
1.693449969e+01,2.11041e-24,9.99999e-01,9.99999e-01,2.19655e-24,9.99999e-01,9.60782e-01
1.701917219e+01,2.23375e-26,9.99999e-01,9.99999e-01,2.32791e-26,9.99999e-01,9.59547e-01
1.710426805e+01,1.23286e-33,9.99999e-01,9.99999e-01,1.28651e-33,9.99999e-01,9.58297e-01
1.718978939e+01,2.34666e-36,9.99999e-01,9.99999e-01,2.45199e-36,9.99999e-01,9.57042e-01
1.727573834e+01,6.08474e-37,9.99999e-01,9.99999e-01,6.36696e-37,9.99999e-01,9.55673e-01
1.736211703e+01,4.68921e-40,9.99999e-01,9.99999e-01,4.91438e-40,9.99999e-01,9.54181e-01
1.744892761e+01,1.61300e-34,9.99999e-01,9.99999e-01,1.69312e-34,9.99999e-01,9.52680e-01
1.753617225e+01,5.99206e-28,9.99999e-01,9.99999e-01,6.29965e-28,9.99999e-01,9.51171e-01
1.762385311e+01,6.32752e-27,9.99999e-01,9.99999e-01,6.66312e-27,9.99999e-01,9.49632e-01
1.771197238e+01,2.93647e-29,9.99999e-01,9.99999e-01,3.09727e-29,9.99999e-01,9.48083e-01
1.780053224e+01,4.33063e-31,9.99999e-01,9.99999e-01,4.57526e-31,9.99999e-01,9.46530e-01
1.788953490e+01,5.32606e-34,9.99999e-01,9.99999e-01,5.63720e-34,9.99999e-01,9.44805e-01
1.797898258e+01,3.37897e-38,9.99999e-01,9.99999e-01,3.58374e-38,9.99999e-01,9.42862e-01
1.806887749e+01,3.25038e-39,9.99999e-01,9.99999e-01,3.45449e-39,9.99999e-01,9.40912e-01
1.815922188e+01,3.62693e-44,9.99999e-01,9.99999e-01,3.86273e-44,9.99999e-01,9.38954e-01
1.825001799e+01,4.21459e-41,9.99999e-01,9.99999e-01,4.49812e-41,9.99999e-01,9.36965e-01
1.834126808e+01,6.54765e-38,9.99999e-01,9.99999e-01,7.00308e-38,9.99999e-01,9.34966e-01
1.843297442e+01,4.61259e-38,9.99999e-01,9.99999e-01,4.94405e-38,9.99999e-01,9.32957e-01
1.852513929e+01,1.55818e-42,9.99999e-01,9.99999e-01,1.67378e-42,9.99999e-01,9.30932e-01
1.861776499e+01,1.92716e-61,9.99999e-01,9.99999e-01,2.07477e-61,9.99999e-01,9.28853e-01
1.871085381e+01,1.01305e-48,9.99999e-01,9.99999e-01,1.09310e-48,9.99999e-01,9.26767e-01
1.880440808e+01,3.79195e-41,9.99999e-01,9.99999e-01,4.10085e-41,9.99999e-01,9.24673e-01
1.889843012e+01,6.88587e-42,9.99999e-01,9.99999e-01,7.46372e-42,9.99999e-01,9.22578e-01
1.899292227e+01,4.87474e-58,9.99999e-01,9.99999e-01,5.29582e-58,9.99999e-01,9.20487e-01
1.908788688e+01,4.45470e-55,9.99999e-01,9.99999e-01,4.85057e-55,9.99999e-01,9.18386e-01
1.918332632e+01,1.44687e-55,9.99999e-01,9.99999e-01,1.57907e-55,9.99999e-01,9.16280e-01
1.927924295e+01,1.27285e-68,9.99999e-01,9.99999e-01,1.39258e-68,9.99999e-01,9.14026e-01
1.937563916e+01,5.46930e-106,9.99999e-01,9.99999e-01,5.99923e-106,9.99999e-01,9.11665e-01
1.947251736e+01,6.80218e-108,9.99999e-01,9.99999e-01,7.48069e-108,9.99999e-01,9.09297e-01
1.956987994e+01,2.07452e-103,9.99999e-01,9.99999e-01,2.28744e-103,9.99999e-01,9.06918e-01
1.966772934e+01,2.80456e-85,9.99999e-01,9.99999e-01,3.10139e-85,9.99999e-01,9.04289e-01
1.976606799e+01,2.97143e-83,9.99999e-01,9.99999e-01,3.29594e-83,9.99999e-01,9.01540e-01
1.986489833e+01,5.26681e-89,9.99999e-01,9.99999e-01,5.85990e-89,9.99999e-01,8.98788e-01
1.996422282e+01,2.95556e-83,9.99999e-01,9.99999e-01,3.29851e-83,9.99999e-01,8.96027e-01
