#,Wave/freq,Total,N2,CO2,Rayleigh,CIA
4.000000000e-01,7.91219e-07,9.99999e-01,9.99999e-01,7.91219e-07,9.99999e-01
4.020000000e-01,1.04459e-06,9.99999e-01,9.99999e-01,1.04459e-06,9.99999e-01
4.040100000e-01,1.37116e-06,9.99999e-01,9.99999e-01,1.37116e-06,9.99999e-01
4.060300500e-01,1.79017e-06,9.99999e-01,9.99999e-01,1.79017e-06,9.99999e-01
4.080602003e-01,2.32495e-06,9.99999e-01,9.99999e-01,2.32495e-06,9.99999e-01
4.101005013e-01,3.00394e-06,9.99999e-01,9.99999e-01,3.00394e-06,9.99999e-01
4.121510038e-01,3.86163e-06,9.99999e-01,9.99999e-01,3.86163e-06,9.99999e-01
4.142117588e-01,4.93964e-06,9.99999e-01,9.99999e-01,4.93964e-06,9.99999e-01
4.162828176e-01,6.28793e-06,9.99999e-01,9.99999e-01,6.28793e-06,9.99999e-01
4.183642317e-01,7.96618e-06,9.99999e-01,9.99999e-01,7.96618e-06,9.99999e-01
4.204560528e-01,1.00453e-05,9.99999e-01,9.99999e-01,1.00453e-05,9.99999e-01
4.225583331e-01,1.26092e-05,9.99999e-01,9.99999e-01,1.26092e-05,9.99999e-01
4.246711247e-01,1.57565e-05,9.99999e-01,9.99999e-01,1.57565e-05,9.99999e-01
4.267944804e-01,1.96030e-05,9.99999e-01,9.99999e-01,1.96030e-05,9.99999e-01
4.289284528e-01,2.42835e-05,9.99999e-01,9.99999e-01,2.42835e-05,9.99999e-01
4.310730950e-01,2.99545e-05,9.99999e-01,9.99999e-01,2.99545e-05,9.99999e-01
4.332284605e-01,3.67971e-05,9.99999e-01,9.99999e-01,3.67971e-05,9.99999e-01
4.353946028e-01,4.50194e-05,9.99999e-01,9.99999e-01,4.50194e-05,9.99999e-01
4.375715758e-01,5.48600e-05,9.99999e-01,9.99999e-01,5.48600e-05,9.99999e-01
4.397594337e-01,6.65911e-05,9.99999e-01,9.99999e-01,6.65911e-05,9.99999e-01
4.419582309e-01,8.05219e-05,9.99999e-01,9.99999e-01,8.05219e-05,9.99999e-01
4.441680220e-01,9.70023e-05,9.99999e-01,9.99999e-01,9.70023e-05,9.99999e-01
4.463888621e-01,1.16427e-04,9.99999e-01,9.99999e-01,1.16427e-04,9.99999e-01
4.486208064e-01,1.39238e-04,9.99999e-01,9.99999e-01,1.39238e-04,9.99999e-01
4.508639105e-01,1.65931e-04,9.99999e-01,9.99999e-01,1.65931e-04,9.99999e-01
4.531182300e-01,1.97058e-04,9.99999e-01,9.99999e-01,1.97058e-04,9.99999e-01
4.553838212e-01,2.33230e-04,9.99999e-01,9.99999e-01,2.33230e-04,9.99999e-01
4.576607403e-01,2.75125e-04,9.99999e-01,9.99999e-01,2.75125e-04,9.99999e-01
4.599490440e-01,3.23488e-04,9.99999e-01,9.99999e-01,3.23488e-04,9.99999e-01
4.622487892e-01,3.79138e-04,9.99999e-01,9.99999e-01,3.79138e-04,9.99999e-01
4.645600332e-01,4.42970e-04,9.99999e-01,9.99999e-01,4.42970e-04,9.99999e-01
4.668828333e-01,5.15961e-04,9.99999e-01,9.99999e-01,5.15961e-04,9.99999e-01
4.692172475e-01,5.99171e-04,9.99999e-01,9.99999e-01,5.99171e-04,9.99999e-01
4.715633337e-01,6.93749e-04,9.99999e-01,9.99999e-01,6.93749e-04,9.99999e-01
4.739211504e-01,8.00934e-04,9.99999e-01,9.99999e-01,8.00934e-04,9.99999e-01
4.762907561e-01,9.22058e-04,9.99999e-01,9.99999e-01,9.22058e-04,9.99999e-01
4.786722099e-01,1.05855e-03,9.99999e-01,9.99999e-01,1.05855e-03,9.99999e-01
4.810655710e-01,1.21194e-03,9.99999e-01,9.99999e-01,1.21194e-03,9.99999e-01
4.834708988e-01,1.38385e-03,9.99999e-01,9.99999e-01,1.38385e-03,9.99999e-01
4.858882533e-01,1.57601e-03,9.99999e-01,9.99999e-01,1.57601e-03,9.99999e-01
4.883176946e-01,1.79026e-03,9.99999e-01,9.99999e-01,1.79026e-03,9.99999e-01
4.907592831e-01,2.02851e-03,9.99999e-01,9.99999e-01,2.02851e-03,9.99999e-01
4.932130795e-01,2.29280e-03,9.99999e-01,9.99999e-01,2.29280e-03,9.99999e-01
4.956791449e-01,2.58527e-03,9.99999e-01,9.99999e-01,2.58527e-03,9.99999e-01
4.981575406e-01,2.90814e-03,9.99999e-01,9.99999e-01,2.90814e-03,9.99999e-01
5.006483283e-01,3.26374e-03,9.99999e-01,9.99999e-01,3.26374e-03,9.99999e-01
5.031515699e-01,3.65448e-03,9.99999e-01,9.99999e-01,3.65448e-03,9.99999e-01
5.056673278e-01,4.08287e-03,9.99999e-01,9.99999e-01,4.08287e-03,9.99999e-01
5.081956644e-01,4.55151e-03,9.99999e-01,9.99999e-01,4.55151e-03,9.99999e-01
5.107366428e-01,5.06305e-03,9.99999e-01,9.99999e-01,5.06305e-03,9.99999e-01
5.132903260e-01,5.62025e-03,9.99999e-01,9.99999e-01,5.62025e-03,9.99999e-01
5.158567776e-01,6.22593e-03,9.99999e-01,9.99999e-01,6.22593e-03,9.99999e-01
5.184360615e-01,6.88294e-03,9.99999e-01,9.99999e-01,6.88294e-03,9.99999e-01
5.210282418e-01,7.59422e-03,9.99999e-01,9.99999e-01,7.59422e-03,9.99999e-01
5.236333830e-01,8.36274e-03,9.99999e-01,9.99999e-01,8.36274e-03,9.99999e-01
5.262515499e-01,9.19153e-03,9.99999e-01,9.99999e-01,9.19153e-03,9.99999e-01
5.288828077e-01,1.00836e-02,9.99999e-01,9.99999e-01,1.00836e-02,9.99999e-01
5.315272217e-01,1.10420e-02,9.99999e-01,9.99999e-01,1.10420e-02,9.99999e-01
5.341848578e-01,1.20699e-02,9.99999e-01,9.99999e-01,1.20699e-02,9.99999e-01
5.368557821e-01,1.31703e-02,9.99999e-01,9.99999e-01,1.31703e-02,9.99999e-01
5.395400610e-01,1.43462e-02,9.99999e-01,9.99999e-01,1.43462e-02,9.99999e-01
5.422377613e-01,1.56008e-02,9.99999e-01,9.99999e-01,1.56008e-02,9.99999e-01
5.449489501e-01,1.69370e-02,9.99999e-01,9.99999e-01,1.69370e-02,9.99999e-01
5.476736949e-01,1.83578e-02,9.99999e-01,9.99999e-01,1.83578e-02,9.99999e-01
5.504120634e-01,1.98662e-02,9.99999e-01,9.99999e-01,1.98662e-02,9.99999e-01
5.531641237e-01,2.14650e-02,9.99999e-01,9.99999e-01,2.14650e-02,9.99999e-01
5.559299443e-01,2.31571e-02,9.99999e-01,9.99999e-01,2.31571e-02,9.99999e-01
5.587095940e-01,2.49451e-02,9.99999e-01,9.99999e-01,2.49451e-02,9.99999e-01
5.615031420e-01,2.68318e-02,9.99999e-01,9.99999e-01,2.68318e-02,9.99999e-01
5.643106577e-01,2.88195e-02,9.99999e-01,9.99999e-01,2.88195e-02,9.99999e-01
5.671322110e-01,3.09109e-02,9.99999e-01,9.99999e-01,3.09109e-02,9.99999e-01
5.699678720e-01,3.31082e-02,9.99999e-01,9.99999e-01,3.31082e-02,9.99999e-01
5.728177114e-01,3.54137e-02,9.99999e-01,9.99999e-01,3.54137e-02,9.99999e-01
5.756818000e-01,3.78293e-02,9.99999e-01,9.99999e-01,3.78293e-02,9.99999e-01
5.785602090e-01,4.03571e-02,9.99999e-01,9.99999e-01,4.03571e-02,9.99999e-01
5.814530100e-01,4.29988e-02,9.99999e-01,9.99999e-01,4.29988e-02,9.99999e-01
5.843602750e-01,4.57561e-02,9.99999e-01,9.99999e-01,4.57561e-02,9.99999e-01
5.872820764e-01,4.86305e-02,9.99999e-01,9.99999e-01,4.86305e-02,9.99999e-01
5.902184868e-01,5.16232e-02,9.99999e-01,9.99999e-01,5.16232e-02,9.99999e-01
5.931695792e-01,5.47356e-02,9.99999e-01,9.99999e-01,5.47356e-02,9.99999e-01
5.961354271e-01,5.79685e-02,9.99999e-01,9.99999e-01,5.79685e-02,9.99999e-01
5.991161043e-01,6.13228e-02,9.99999e-01,9.99999e-01,6.13228e-02,9.99999e-01
6.021116848e-01,6.47992e-02,9.99999e-01,9.99999e-01,6.47992e-02,9.99999e-01
6.051222432e-01,6.83981e-02,9.99999e-01,9.99999e-01,6.83981e-02,9.99999e-01
6.081478544e-01,7.21198e-02,9.99999e-01,9.99999e-01,7.21198e-02,9.99999e-01
6.111885937e-01,7.59645e-02,9.99999e-01,9.99999e-01,7.59645e-02,9.99999e-01
6.142445367e-01,7.99322e-02,9.99999e-01,9.99999e-01,7.99322e-02,9.99999e-01
6.173157594e-01,8.40225e-02,9.99999e-01,9.99999e-01,8.40225e-02,9.99999e-01
6.204023382e-01,8.82351e-02,9.99999e-01,9.99999e-01,8.82351e-02,9.99999e-01
6.235043498e-01,9.25694e-02,9.99999e-01,9.99999e-01,9.25694e-02,9.99999e-01
6.266218716e-01,9.70247e-02,9.99999e-01,9.99999e-01,9.70247e-02,9.99999e-01
6.297549810e-01,1.01600e-01,9.99999e-01,9.99999e-01,1.01600e-01,9.99999e-01
6.329037559e-01,1.06294e-01,9.99999e-01,9.99999e-01,1.06294e-01,9.99999e-01
6.360682746e-01,1.11106e-01,9.99999e-01,9.99999e-01,1.11106e-01,9.99999e-01
6.392486160e-01,1.16035e-01,9.99999e-01,9.99999e-01,1.16035e-01,9.99999e-01
6.424448591e-01,1.21078e-01,9.99999e-01,9.99999e-01,1.21078e-01,9.99999e-01
6.456570834e-01,1.26234e-01,9.99999e-01,9.99999e-01,1.26234e-01,9.99999e-01
6.488853688e-01,1.31501e-01,9.99999e-01,9.99999e-01,1.31501e-01,9.99999e-01
6.521297956e-01,1.36878e-01,9.99999e-01,9.99999e-01,1.36878e-01,9.99999e-01
6.553904446e-01,1.42362e-01,9.99999e-01,9.99999e-01,1.42362e-01,9.99999e-01
6.586673968e-01,1.47950e-01,9.99999e-01,9.99999e-01,1.47950e-01,9.99999e-01
6.619607338e-01,1.53641e-01,9.99999e-01,9.99999e-01,1.53641e-01,9.99999e-01
6.652705375e-01,1.59432e-01,9.99999e-01,9.99999e-01,1.59432e-01,9.99999e-01
6.685968902e-01,1.65321e-01,9.99999e-01,9.99999e-01,1.65321e-01,9.99999e-01
6.719398746e-01,1.71304e-01,9.99999e-01,9.99999e-01,1.71304e-01,9.99999e-01
6.752995740e-01,1.77379e-01,9.99999e-01,9.99999e-01,1.77379e-01,9.99999e-01
6.786760719e-01,1.83543e-01,9.99999e-01,9.99999e-01,1.83543e-01,9.99999e-01
6.820694522e-01,1.89794e-01,9.99999e-01,9.99999e-01,1.89794e-01,9.99999e-01
6.854797995e-01,1.96127e-01,9.99999e-01,9.99999e-01,1.96127e-01,9.99999e-01
6.889071985e-01,2.02540e-01,9.99999e-01,9.99999e-01,2.02540e-01,9.99999e-01
6.923517345e-01,2.09031e-01,9.99999e-01,9.99999e-01,2.09031e-01,9.99999e-01
6.958134932e-01,2.15594e-01,9.99999e-01,9.99999e-01,2.15594e-01,9.99999e-01
6.992925606e-01,2.22228e-01,9.99999e-01,9.99999e-01,2.22228e-01,9.99999e-01
7.027890234e-01,2.28930e-01,9.99999e-01,9.99999e-01,2.28930e-01,9.99999e-01
7.063029686e-01,2.35694e-01,9.99999e-01,9.99999e-01,2.35694e-01,9.99999e-01
7.098344834e-01,2.42520e-01,9.99999e-01,9.99999e-01,2.42520e-01,9.99999e-01
7.133836558e-01,2.49402e-01,9.99999e-01,9.99999e-01,2.49402e-01,9.99999e-01
7.169505741e-01,2.56338e-01,9.99999e-01,9.99999e-01,2.56338e-01,9.99999e-01
7.205353270e-01,2.63324e-01,9.99999e-01,9.99999e-01,2.63324e-01,9.99999e-01
7.241380036e-01,2.70356e-01,9.99999e-01,9.99999e-01,2.70356e-01,9.99999e-01
7.277586936e-01,2.77432e-01,9.99999e-01,9.99999e-01,2.77432e-01,9.99999e-01
7.313974871e-01,2.84548e-01,9.99999e-01,9.99999e-01,2.84548e-01,9.99999e-01
7.350544745e-01,2.91701e-01,9.99999e-01,9.99999e-01,2.91701e-01,9.99999e-01
7.387297469e-01,2.98887e-01,9.99999e-01,9.99999e-01,2.98887e-01,9.99999e-01
7.424233956e-01,3.06102e-01,9.99999e-01,9.99999e-01,3.06102e-01,9.99999e-01
7.461355126e-01,3.13345e-01,9.99999e-01,9.99999e-01,3.13345e-01,9.99999e-01
7.498661902e-01,3.20610e-01,9.99999e-01,9.99999e-01,3.20610e-01,9.99999e-01
7.536155211e-01,3.27895e-01,9.99999e-01,9.99999e-01,3.27895e-01,9.99999e-01
7.573835987e-01,3.35197e-01,9.99999e-01,9.99999e-01,3.35197e-01,9.99999e-01
7.611705167e-01,3.42513e-01,9.99999e-01,9.99999e-01,3.42513e-01,9.99999e-01
7.649763693e-01,3.49839e-01,9.99999e-01,9.99999e-01,3.49839e-01,9.99999e-01
7.688012511e-01,3.57173e-01,9.99999e-01,9.99999e-01,3.57173e-01,9.99999e-01
7.726452574e-01,3.64510e-01,9.99999e-01,9.99999e-01,3.64510e-01,9.99999e-01
7.765084837e-01,3.71849e-01,9.99999e-01,9.99999e-01,3.71849e-01,9.99999e-01
7.803910261e-01,3.63293e-01,9.99999e-01,9.58084e-01,3.79187e-01,9.99999e-01
7.842929812e-01,3.16355e-01,9.99999e-01,8.18468e-01,3.86520e-01,9.99999e-01
7.882144461e-01,3.18341e-01,9.99999e-01,8.08287e-01,3.93846e-01,9.99999e-01
7.921555184e-01,3.53943e-01,9.99999e-01,8.82293e-01,4.01162e-01,9.99999e-01
7.961162960e-01,3.75360e-01,9.99999e-01,9.18952e-01,4.08465e-01,9.99999e-01
8.000968774e-01,3.97158e-01,9.99999e-01,9.55272e-01,4.15753e-01,9.99999e-01
8.040973618e-01,4.13078e-01,9.99999e-01,9.76488e-01,4.23024e-01,9.99999e-01
8.081178486e-01,4.25618e-01,9.99999e-01,9.89177e-01,4.30274e-01,9.99999e-01
8.121584379e-01,4.36023e-01,9.99999e-01,9.96621e-01,4.37501e-01,9.99999e-01
8.162192301e-01,4.44372e-01,9.99999e-01,9.99252e-01,4.44704e-01,9.99999e-01
8.203003262e-01,4.51874e-01,9.99999e-01,9.99987e-01,4.51879e-01,9.99999e-01
8.244018279e-01,4.59025e-01,9.99999e-01,9.99999e-01,4.59025e-01,9.99999e-01
8.285238370e-01,4.66140e-01,9.99999e-01,9.99999e-01,4.66140e-01,9.99999e-01
8.326664562e-01,4.73221e-01,9.99999e-01,9.99999e-01,4.73221e-01,9.99999e-01
8.368297885e-01,4.80266e-01,9.99999e-01,9.99999e-01,4.80266e-01,9.99999e-01
8.410139374e-01,4.87274e-01,9.99999e-01,9.99999e-01,4.87274e-01,9.99999e-01
8.452190071e-01,4.94243e-01,9.99999e-01,9.99999e-01,4.94243e-01,9.99999e-01
8.494451021e-01,5.01171e-01,9.99999e-01,9.99999e-01,5.01171e-01,9.99999e-01
8.536923276e-01,5.08057e-01,9.99999e-01,9.99999e-01,5.08057e-01,9.99999e-01
8.579607893e-01,5.14898e-01,9.99999e-01,9.99999e-01,5.14898e-01,9.99999e-01
8.622505932e-01,5.21693e-01,9.99999e-01,9.99999e-01,5.21693e-01,9.99999e-01
8.665618462e-01,4.83389e-01,9.99999e-01,9.14743e-01,5.28442e-01,9.99999e-01
8.708946554e-01,3.23671e-01,9.99999e-01,6.04832e-01,5.35141e-01,9.99999e-01
8.752491287e-01,3.59845e-01,9.99999e-01,6.64175e-01,5.41791e-01,9.99999e-01
8.796253743e-01,4.37325e-01,9.99999e-01,7.97469e-01,5.48390e-01,9.99999e-01
8.840235012e-01,4.93337e-01,9.99999e-01,8.88996e-01,5.54936e-01,9.99999e-01
8.884436187e-01,5.35879e-01,9.99999e-01,9.54491e-01,5.61429e-01,9.99999e-01
8.928858368e-01,5.57277e-01,9.99999e-01,9.81350e-01,5.67867e-01,9.99999e-01
8.973502660e-01,5.71617e-01,9.99999e-01,9.95413e-01,5.74250e-01,9.99999e-01
9.018370173e-01,5.80282e-01,9.99999e-01,9.99492e-01,5.80577e-01,9.99999e-01
9.063462024e-01,5.79483e-01,9.99999e-01,9.87452e-01,5.86846e-01,9.99999e-01
9.108779334e-01,5.75726e-01,9.99999e-01,9.70777e-01,5.93057e-01,9.99999e-01
9.154323231e-01,5.95019e-01,9.99999e-01,9.93008e-01,5.99209e-01,9.99999e-01
9.200094847e-01,5.49015e-01,9.99999e-01,9.07010e-01,6.05301e-01,9.99999e-01
9.246095321e-01,5.28877e-01,9.99999e-01,8.65120e-01,6.11333e-01,9.99999e-01
9.292325798e-01,5.51785e-01,9.99999e-01,8.93861e-01,6.17305e-01,9.99999e-01
9.338787427e-01,5.58523e-01,9.99999e-01,8.96196e-01,6.23215e-01,9.99999e-01
9.385481364e-01,5.80335e-01,9.99999e-01,9.22538e-01,6.29063e-01,9.99999e-01
9.432408771e-01,6.04166e-01,9.99999e-01,9.51667e-01,6.34849e-01,9.99999e-01
9.479570815e-01,6.24536e-01,9.99999e-01,9.74965e-01,6.40572e-01,9.99999e-01
9.526968669e-01,6.38371e-01,9.99999e-01,9.87834e-01,6.46233e-01,9.99999e-01
9.574603512e-01,6.48426e-01,9.99999e-01,9.94777e-01,6.51830e-01,9.99999e-01
9.622476530e-01,6.56290e-01,9.99999e-01,9.98366e-01,6.57363e-01,9.99999e-01
9.670588912e-01,6.62508e-01,9.99999e-01,9.99509e-01,6.62833e-01,9.99999e-01
9.718941857e-01,6.68216e-01,9.99999e-01,9.99964e-01,6.68239e-01,9.99999e-01
9.767536566e-01,6.73581e-01,9.99999e-01,9.99999e-01,6.73581e-01,9.99999e-01
9.816374249e-01,6.78859e-01,9.99999e-01,9.99999e-01,6.78859e-01,9.99999e-01
9.865456120e-01,6.84073e-01,9.99999e-01,9.99999e-01,6.84073e-01,9.99999e-01
9.914783401e-01,6.89223e-01,9.99999e-01,9.99999e-01,6.89223e-01,9.99999e-01
9.964357318e-01,6.94308e-01,9.99999e-01,9.99999e-01,6.94308e-01,9.99999e-01
1.001417910e+00,6.99330e-01,9.99999e-01,9.99999e-01,6.99330e-01,9.99999e-01
1.006425000e+00,7.04287e-01,9.99999e-01,9.99999e-01,7.04287e-01,9.99999e-01
1.011457125e+00,7.09181e-01,9.99999e-01,9.99999e-01,7.09181e-01,9.99999e-01
1.016514411e+00,7.14011e-01,9.99999e-01,9.99999e-01,7.14011e-01,9.99999e-01
1.021596983e+00,7.18734e-01,9.99999e-01,9.99938e-01,7.18778e-01,9.99999e-01
1.026704968e+00,7.19934e-01,9.99999e-01,9.95096e-01,7.23482e-01,9.99999e-01
1.031838492e+00,6.91164e-01,9.99999e-01,9.49241e-01,7.28122e-01,9.99999e-01
1.036997685e+00,8.71429e-02,9.99999e-01,1.18934e-01,7.32700e-01,9.99999e-01
1.042182673e+00,4.67297e-02,9.99999e-01,6.33868e-02,7.37215e-01,9.99999e-01
1.047393587e+00,6.62855e-02,9.99999e-01,8.93735e-02,7.41668e-01,9.99999e-01
1.052630555e+00,6.93366e-04,9.99999e-01,9.29371e-04,7.46059e-01,9.99999e-01
1.057893707e+00,1.99833e-03,9.99999e-01,2.66306e-03,7.50388e-01,9.99999e-01
1.063183176e+00,9.28681e-03,9.99999e-01,1.23060e-02,7.54657e-01,9.99999e-01
1.068499092e+00,3.38418e-02,9.99999e-01,4.45953e-02,7.58864e-01,9.99999e-01
1.073841587e+00,1.05851e-01,9.99999e-01,1.38728e-01,7.63012e-01,9.99999e-01
1.079210795e+00,2.19571e-01,9.99999e-01,2.86235e-01,7.67099e-01,9.99999e-01
1.084606849e+00,3.85460e-01,9.99999e-01,4.99866e-01,7.71127e-01,9.99999e-01
1.090029883e+00,5.40591e-01,9.99999e-01,6.97449e-01,7.75096e-01,9.99999e-01
1.095480033e+00,6.52070e-01,9.99999e-01,8.37053e-01,7.79006e-01,9.99999e-01
1.100957433e+00,7.18526e-01,9.99999e-01,9.17823e-01,7.82859e-01,9.99999e-01
1.106462220e+00,7.59215e-01,9.99999e-01,9.65119e-01,7.86653e-01,9.99999e-01
1.111994531e+00,7.80058e-01,9.99999e-01,9.86926e-01,7.90391e-01,9.99999e-01
1.117554504e+00,7.91515e-01,9.99999e-01,9.96780e-01,7.94072e-01,9.99999e-01
1.123142276e+00,7.97527e-01,9.99999e-01,9.99786e-01,7.97697e-01,9.99999e-01
1.128757988e+00,8.01266e-01,9.99999e-01,9.99999e-01,8.01266e-01,9.99999e-01
1.134401778e+00,8.04780e-01,9.99999e-01,9.99999e-01,8.04780e-01,9.99999e-01
1.140073787e+00,8.08240e-01,9.99999e-01,9.99999e-01,8.08240e-01,9.99999e-01
1.145774156e+00,8.11646e-01,9.99999e-01,9.99999e-01,8.11646e-01,9.99999e-01
1.151503026e+00,8.14999e-01,9.99999e-01,9.99999e-01,8.14999e-01,9.99999e-01
1.157260541e+00,8.18299e-01,9.99999e-01,9.99999e-01,8.18299e-01,9.99999e-01
1.163046844e+00,8.21546e-01,9.99999e-01,9.99999e-01,8.21546e-01,9.99999e-01
1.168862078e+00,8.24742e-01,9.99999e-01,9.99999e-01,8.24742e-01,9.99999e-01
1.174706389e+00,8.27887e-01,9.99999e-01,9.99999e-01,8.27887e-01,9.99999e-01
1.180579921e+00,8.30982e-01,9.99999e-01,9.99999e-01,8.30982e-01,9.99999e-01
1.186482820e+00,8.34021e-01,9.99999e-01,9.99992e-01,8.34026e-01,9.99999e-01
1.192415234e+00,8.22608e-01,9.99999e-01,9.82779e-01,8.37021e-01,9.99999e-01
1.198377311e+00,4.65654e-01,9.99999e-01,5.54370e-01,8.39968e-01,9.99999e-01
1.204369197e+00,3.19373e-14,9.99999e-01,3.78912e-14,8.42866e-01,9.99999e-01
1.210391043e+00,1.10072e-53,9.99999e-01,1.30152e-53,8.45717e-01,9.99999e-01
1.216442998e+00,1.25390e-46,9.99999e-01,1.47775e-46,8.48521e-01,9.99999e-01
1.222525213e+00,6.01224e-46,9.99999e-01,7.06259e-46,8.51278e-01,9.99999e-01
1.228637839e+00,1.38597e-35,9.99999e-01,1.62294e-35,8.53990e-01,9.99999e-01
1.234781029e+00,1.02390e-22,9.99999e-01,1.19522e-22,8.56657e-01,9.99999e-01
1.240954934e+00,2.71685e-15,9.99999e-01,3.16177e-15,8.59279e-01,9.99999e-01
1.247159708e+00,4.00471e-08,9.99999e-01,4.64661e-08,8.61857e-01,9.99999e-01
1.253395507e+00,2.34371e-05,9.99999e-01,2.71139e-05,8.64391e-01,9.99999e-01
1.259662485e+00,1.35899e-03,9.99999e-01,1.56768e-03,8.66883e-01,9.99999e-01
1.265960797e+00,2.67134e-02,9.99999e-01,3.07286e-02,8.69333e-01,9.99999e-01
1.272290601e+00,1.73124e-01,9.99999e-01,1.98596e-01,8.71740e-01,9.99999e-01
1.278652054e+00,1.68006e-01,9.99999e-01,1.92203e-01,8.74107e-01,9.99999e-01
1.285045314e+00,2.66520e-03,9.99999e-01,3.04096e-03,8.76433e-01,9.99999e-01
1.291470541e+00,6.21416e-07,9.99999e-01,7.07183e-07,8.78720e-01,9.99999e-01
1.297927893e+00,1.19761e-03,9.99999e-01,1.35943e-03,8.80967e-01,9.99999e-01
1.304417533e+00,5.71547e-02,9.99999e-01,6.47150e-02,8.83175e-01,9.99999e-01
1.310939621e+00,1.39508e-02,9.99999e-01,1.57575e-02,8.85345e-01,9.99999e-01
1.317494319e+00,7.45487e-19,9.99999e-01,8.40007e-19,8.87477e-01,9.99999e-01
1.324081790e+00,7.94632e-13,9.99999e-01,8.93273e-13,8.89572e-01,9.99999e-01
1.330702199e+00,1.35647e-07,9.99999e-01,1.52134e-07,8.91630e-01,9.99999e-01
1.337355710e+00,2.71985e-07,9.99999e-01,3.04352e-07,8.93653e-01,9.99999e-01
1.344042489e+00,9.35726e-08,9.99999e-01,1.04476e-07,8.95640e-01,9.99999e-01
1.350762701e+00,7.72336e-08,9.99999e-01,8.60452e-08,8.97592e-01,9.99999e-01
1.357516515e+00,3.17510e-05,9.99999e-01,3.52981e-05,8.99509e-01,9.99999e-01
1.364304097e+00,9.62680e-04,9.99999e-01,1.06799e-03,9.01393e-01,9.99999e-01
1.371125618e+00,2.60550e-02,9.99999e-01,2.88461e-02,9.03243e-01,9.99999e-01
1.377981246e+00,4.74917e-02,9.99999e-01,5.24734e-02,9.05060e-01,9.99999e-01
1.384871152e+00,1.63121e-01,9.99999e-01,1.79877e-01,9.06845e-01,9.99999e-01
1.391795508e+00,1.85878e-01,9.99999e-01,2.04577e-01,9.08599e-01,9.99999e-01
1.398754485e+00,3.40856e-01,9.99999e-01,3.74435e-01,9.10321e-01,9.99999e-01
1.405748258e+00,4.42859e-01,9.99999e-01,4.85584e-01,9.12012e-01,9.99999e-01
1.412776999e+00,5.78335e-01,9.99999e-01,6.32978e-01,9.13672e-01,9.99999e-01
1.419840884e+00,5.22775e-01,9.99999e-01,5.71149e-01,9.15303e-01,9.99999e-01
1.426940089e+00,3.93547e-02,9.99999e-01,4.29212e-02,9.16904e-01,9.99999e-01
1.434074789e+00,0.00000e+00,9.99999e-01,0.00000e+00,9.18477e-01,9.99999e-01
1.441245163e+00,0.00000e+00,9.99999e-01,0.00000e+00,9.20021e-01,9.99999e-01
1.448451389e+00,0.00000e+00,9.99999e-01,0.00000e+00,9.21537e-01,9.99999e-01
1.455693646e+00,0.00000e+00,9.99999e-01,0.00000e+00,9.23026e-01,9.99999e-01
1.462972114e+00,5.24123e-211,9.99999e-01,5.66933e-211,9.24487e-01,9.99999e-01
1.470286975e+00,3.78438e-88,9.99999e-01,4.08715e-88,9.25922e-01,9.99999e-01
1.477638409e+00,9.13904e-56,9.99999e-01,9.85520e-56,9.27331e-01,9.99999e-01
1.485026601e+00,1.76259e-31,9.99999e-01,1.89788e-31,9.28714e-01,9.99999e-01
1.492451734e+00,7.83359e-27,9.99999e-01,8.42256e-27,9.30071e-01,9.99999e-01
1.499913993e+00,3.07734e-12,9.99999e-01,3.30398e-12,9.31404e-01,9.99999e-01
1.507413563e+00,5.29529e-11,9.99999e-01,5.67730e-11,9.32712e-01,9.99999e-01
1.514950631e+00,2.05742e-12,9.99999e-01,2.20281e-12,9.33997e-01,9.99999e-01
1.522525384e+00,6.34210e-40,9.99999e-01,6.78113e-40,9.35257e-01,9.99999e-01
1.530138011e+00,5.26862e-94,9.99999e-01,5.62589e-94,9.36494e-01,9.99999e-01
1.537788701e+00,8.65851e-70,9.99999e-01,9.23368e-70,9.37709e-01,9.99999e-01
1.545477645e+00,1.68618e-15,9.99999e-01,1.79590e-15,9.38901e-01,9.99999e-01
1.553205033e+00,4.37458e-11,9.99999e-01,4.65346e-11,9.40071e-01,9.99999e-01
1.560971058e+00,1.50679e-11,9.99999e-01,1.60089e-11,9.41219e-01,9.99999e-01
1.568775913e+00,8.84757e-237,9.99999e-01,9.38887e-237,9.42346e-01,9.99999e-01
1.576619793e+00,0.00000e+00,9.99999e-01,0.00000e+00,9.43452e-01,9.99999e-01
1.584502892e+00,9.48568e-303,9.99999e-01,1.00427e-302,9.44537e-01,9.99999e-01
1.592425406e+00,4.29508e-211,9.99999e-01,4.54216e-211,9.45602e-01,9.99999e-01
1.600387533e+00,0.00000e+00,9.99999e-01,0.00000e+00,9.46648e-01,9.99999e-01
1.608389471e+00,0.00000e+00,9.99999e-01,0.00000e+00,9.47673e-01,9.99999e-01
1.616431418e+00,0.00000e+00,9.99999e-01,0.00000e+00,9.48680e-01,9.99999e-01
1.624513575e+00,4.74982e-268,9.99999e-01,5.00156e-268,9.49668e-01,9.99999e-01
1.632636143e+00,3.50089e-199,9.99999e-01,3.68268e-199,9.50637e-01,9.99999e-01
1.640799324e+00,9.75490e-82,9.99999e-01,1.02512e-81,9.51588e-01,9.99999e-01
1.649003321e+00,9.79055e-82,9.99999e-01,1.02785e-81,9.52521e-01,9.99999e-01
1.657248337e+00,2.23716e-63,9.99999e-01,2.34641e-63,9.53437e-01,9.99999e-01
1.665534579e+00,8.56274e-64,9.99999e-01,8.97246e-64,9.54335e-01,9.99999e-01
1.673862252e+00,5.17150e-41,9.99999e-01,5.41395e-41,9.55217e-01,9.99999e-01
1.682231563e+00,1.10817e-28,9.99999e-01,1.15907e-28,9.56081e-01,9.99999e-01
1.690642721e+00,2.29321e-16,9.99999e-01,2.39642e-16,9.56930e-01,9.99999e-01
1.699095934e+00,1.34193e-10,9.99999e-01,1.40111e-10,9.57762e-01,9.99999e-01
1.707591414e+00,6.72576e-06,9.99999e-01,7.01638e-06,9.58579e-01,9.99999e-01
1.716129371e+00,1.14003e-03,9.99999e-01,1.18830e-03,9.59381e-01,9.99999e-01
1.724710018e+00,2.23056e-02,9.99999e-01,2.32309e-02,9.60167e-01,9.99999e-01
1.733333568e+00,8.27560e-02,9.99999e-01,8.61199e-02,9.60938e-01,9.99999e-01
1.742000236e+00,2.25627e-01,9.99999e-01,2.34613e-01,9.61694e-01,9.99999e-01
1.750710237e+00,3.75707e-03,9.99999e-01,3.90370e-03,9.62437e-01,9.99999e-01
1.759463788e+00,3.80483e-39,9.99999e-01,3.95034e-39,9.63165e-01,9.99999e-01
1.768261107e+00,5.33775e-41,9.99999e-01,5.53778e-41,9.63879e-01,9.99999e-01
1.777102413e+00,1.04129e-39,9.99999e-01,1.07953e-39,9.64580e-01,9.99999e-01
1.785987925e+00,1.78369e-37,9.99999e-01,1.84787e-37,9.65267e-01,9.99999e-01
1.794917864e+00,8.91732e-36,9.99999e-01,9.23173e-36,9.65941e-01,9.99999e-01
1.803892454e+00,1.73592e-34,9.99999e-01,1.79589e-34,9.66603e-01,9.99999e-01
1.812911916e+00,4.19963e-33,9.99999e-01,4.34182e-33,9.67251e-01,9.99999e-01
1.821976476e+00,3.30300e-33,9.99999e-01,3.41258e-33,9.67888e-01,9.99999e-01
1.831086358e+00,7.52846e-27,9.99999e-01,7.77322e-27,9.68512e-01,9.99999e-01
1.840241790e+00,6.90211e-23,9.99999e-01,7.12200e-23,9.69124e-01,9.99999e-01
1.849442999e+00,5.49287e-16,9.99999e-01,5.66435e-16,9.69725e-01,9.99999e-01
1.858690214e+00,6.48935e-15,9.99999e-01,6.68788e-15,9.70314e-01,9.99999e-01
1.867983665e+00,1.28145e-15,9.99999e-01,1.31987e-15,9.70891e-01,9.99999e-01
1.877323583e+00,4.21060e-74,9.99999e-01,4.33431e-74,9.71458e-01,9.99999e-01
1.886710201e+00,4.31678e-97,9.99999e-01,4.44107e-97,9.72014e-01,9.99999e-01
1.896143752e+00,9.79882e-111,9.99999e-01,1.00753e-110,9.72559e-01,9.99999e-01
1.905624471e+00,2.43729e-128,9.99999e-01,2.50468e-128,9.73094e-01,9.99999e-01
1.915152593e+00,1.45688e-99,9.99999e-01,1.49636e-99,9.73618e-01,9.99999e-01
1.924728356e+00,4.37071e-119,9.99999e-01,4.48677e-119,9.74132e-01,9.99999e-01
1.934351998e+00,0.00000e+00,9.99999e-01,0.00000e+00,9.74637e-01,9.99999e-01
1.944023758e+00,0.00000e+00,9.99999e-01,0.00000e+00,9.75131e-01,9.99999e-01
1.953743877e+00,0.00000e+00,9.99999e-01,0.00000e+00,9.75617e-01,9.99999e-01
1.963512596e+00,0.00000e+00,9.99999e-01,0.00000e+00,9.76092e-01,9.99999e-01
1.973330159e+00,0.00000e+00,9.99999e-01,0.00000e+00,9.76559e-01,9.99999e-01
1.983196810e+00,0.00000e+00,9.99999e-01,0.00000e+00,9.77017e-01,9.99999e-01
1.993112794e+00,0.00000e+00,9.99999e-01,0.00000e+00,9.77465e-01,9.99999e-01
2.003078358e+00,0.00000e+00,9.99999e-01,0.00000e+00,9.77906e-01,9.99988e-01
2.013093750e+00,0.00000e+00,9.99999e-01,0.00000e+00,9.78337e-01,9.99979e-01
2.023159218e+00,0.00000e+00,9.99999e-01,0.00000e+00,9.78761e-01,9.99966e-01
2.033275015e+00,0.00000e+00,9.99999e-01,0.00000e+00,9.79176e-01,9.99950e-01
2.043441390e+00,0.00000e+00,9.99999e-01,0.00000e+00,9.79583e-01,9.99917e-01
2.053658597e+00,0.00000e+00,9.99998e-01,0.00000e+00,9.79982e-01,9.99857e-01
2.063926890e+00,0.00000e+00,9.99998e-01,0.00000e+00,9.80373e-01,9.99756e-01
2.074246524e+00,0.00000e+00,9.99996e-01,0.00000e+00,9.80757e-01,9.99578e-01
2.084617757e+00,0.00000e+00,9.99995e-01,0.00000e+00,9.81134e-01,9.99297e-01
2.095040845e+00,0.00000e+00,9.99993e-01,0.00000e+00,9.81503e-01,9.98909e-01
2.105516050e+00,0.00000e+00,9.99991e-01,0.00000e+00,9.81865e-01,9.98436e-01
2.116043630e+00,0.00000e+00,9.99992e-01,0.00000e+00,9.82220e-01,9.98059e-01
2.126623848e+00,0.00000e+00,9.99993e-01,0.00000e+00,9.82568e-01,9.97802e-01
2.137256967e+00,0.00000e+00,9.99994e-01,0.00000e+00,9.82909e-01,9.97538e-01
2.147943252e+00,7.12472e-272,9.99997e-01,7.26764e-272,9.83244e-01,9.97040e-01
2.158682968e+00,1.63409e-163,9.99981e-01,1.66710e-163,9.83572e-01,9.96570e-01
2.169476383e+00,1.09277e-79,9.99993e-01,1.11355e-79,9.83894e-01,9.97396e-01
2.180323765e+00,5.79366e-50,9.99996e-01,5.89766e-50,9.84210e-01,9.98126e-01
2.191225384e+00,1.08698e-25,9.99995e-01,1.10579e-25,9.84519e-01,9.98449e-01
2.202181511e+00,6.87088e-17,9.99996e-01,6.98517e-17,9.84823e-01,9.98797e-01
2.213192418e+00,2.85267e-09,9.99997e-01,2.89820e-09,9.85120e-01,9.99157e-01
2.224258381e+00,4.04254e-06,9.99997e-01,4.10458e-06,9.85412e-01,9.99466e-01
2.235379672e+00,2.38636e-04,9.99998e-01,2.42172e-04,9.85698e-01,9.99694e-01
2.246556571e+00,3.35619e-03,9.99998e-01,3.40450e-03,9.85978e-01,9.99828e-01
2.257789354e+00,2.89336e-02,9.99998e-01,2.93396e-02,9.86253e-01,9.99904e-01
2.269078300e+00,4.25365e-02,9.99999e-01,4.31197e-02,9.86523e-01,9.99949e-01
2.280423692e+00,4.80704e-02,9.99999e-01,4.87154e-02,9.86788e-01,9.99970e-01
2.291825810e+00,1.34558e-01,9.99999e-01,1.36326e-01,9.87047e-01,9.99982e-01
2.303284939e+00,2.04968e-01,9.99999e-01,2.07606e-01,9.87301e-01,9.99989e-01
2.314801364e+00,2.43146e-01,9.99999e-01,2.46213e-01,9.87550e-01,9.99993e-01
2.326375371e+00,3.89014e-01,9.99999e-01,3.93821e-01,9.87795e-01,9.99999e-01
2.338007248e+00,3.58921e-01,9.99999e-01,3.63267e-01,9.88034e-01,9.99999e-01
2.349697284e+00,4.09399e-01,9.99999e-01,4.14258e-01,9.88269e-01,9.99999e-01
2.361445770e+00,4.89036e-01,9.99999e-01,4.94725e-01,9.88500e-01,9.99999e-01
2.373252999e+00,5.21921e-01,9.99999e-01,5.27872e-01,9.88725e-01,9.99999e-01
2.385119264e+00,7.46474e-01,9.99999e-01,7.54816e-01,9.88947e-01,9.99999e-01
2.397044861e+00,8.81641e-01,9.99999e-01,8.91298e-01,9.89164e-01,9.99999e-01
2.409030085e+00,8.09710e-01,9.99999e-01,8.18403e-01,9.89377e-01,9.99999e-01
2.421075235e+00,6.99378e-01,9.99999e-01,7.06738e-01,9.89586e-01,9.99999e-01
2.433180612e+00,1.61424e-01,9.99999e-01,1.63089e-01,9.89790e-01,9.99999e-01
2.445346515e+00,4.15746e-01,9.99999e-01,4.19949e-01,9.89991e-01,9.99999e-01
2.457573247e+00,1.30509e-02,9.99999e-01,1.31802e-02,9.90188e-01,9.99999e-01
2.469861113e+00,5.01670e-11,9.99999e-01,5.06543e-11,9.90380e-01,9.99999e-01
2.482210419e+00,1.24493e-35,9.99999e-01,1.25678e-35,9.90570e-01,9.99999e-01
2.494621471e+00,1.85463e-73,9.99999e-01,1.87193e-73,9.90755e-01,9.99999e-01
2.507094578e+00,3.88013e-71,9.99999e-01,3.91561e-71,9.90937e-01,9.99999e-01
2.519630051e+00,2.50751e-94,9.99999e-01,2.52999e-94,9.91115e-01,9.99999e-01
2.532228202e+00,1.18956e-120,9.99999e-01,1.20001e-120,9.91290e-01,9.99999e-01
2.544889343e+00,4.44067e-125,9.99999e-01,4.47891e-125,9.91461e-01,9.99999e-01
2.557613789e+00,2.86549e-148,9.99999e-01,2.88968e-148,9.91629e-01,9.99999e-01
2.570401858e+00,2.67658e-299,9.99999e-01,2.69873e-299,9.91793e-01,9.99999e-01
2.583253867e+00,0.00000e+00,9.99999e-01,0.00000e+00,9.91955e-01,9.99999e-01
2.596170137e+00,0.00000e+00,9.99999e-01,0.00000e+00,9.92113e-01,9.99999e-01
2.609150988e+00,0.00000e+00,9.99999e-01,0.00000e+00,9.92268e-01,9.99999e-01
2.622196742e+00,0.00000e+00,9.99999e-01,0.00000e+00,9.92420e-01,9.99999e-01
2.635307726e+00,0.00000e+00,9.99999e-01,0.00000e+00,9.92570e-01,9.99999e-01
2.648484265e+00,0.00000e+00,9.99999e-01,0.00000e+00,9.92716e-01,9.99999e-01
2.661726686e+00,0.00000e+00,9.99999e-01,0.00000e+00,9.92859e-01,9.99999e-01
2.675035320e+00,0.00000e+00,9.99999e-01,0.00000e+00,9.93000e-01,9.99999e-01
2.688410496e+00,0.00000e+00,9.99999e-01,0.00000e+00,9.93137e-01,9.99999e-01
2.701852549e+00,0.00000e+00,9.99999e-01,0.00000e+00,9.93273e-01,9.99999e-01
2.715361811e+00,0.00000e+00,9.99999e-01,0.00000e+00,9.93405e-01,9.99999e-01
2.728938620e+00,0.00000e+00,9.99999e-01,0.00000e+00,9.93535e-01,9.99999e-01
2.742583314e+00,0.00000e+00,9.99999e-01,0.00000e+00,9.93662e-01,9.99999e-01
2.756296230e+00,0.00000e+00,9.99999e-01,0.00000e+00,9.93787e-01,9.99999e-01
2.770077711e+00,0.00000e+00,9.99999e-01,0.00000e+00,9.93909e-01,9.99999e-01
2.783928100e+00,0.00000e+00,9.99999e-01,0.00000e+00,9.94029e-01,9.99999e-01
2.797847740e+00,0.00000e+00,9.99999e-01,0.00000e+00,9.94147e-01,9.99999e-01
2.811836979e+00,0.00000e+00,9.99999e-01,0.00000e+00,9.94262e-01,9.99999e-01
2.825896164e+00,0.00000e+00,9.99999e-01,0.00000e+00,9.94375e-01,9.99999e-01
2.840025645e+00,0.00000e+00,9.99999e-01,0.00000e+00,9.94486e-01,9.99999e-01
2.854225773e+00,0.00000e+00,9.99999e-01,0.00000e+00,9.94594e-01,9.99999e-01
2.868496902e+00,0.00000e+00,9.99999e-01,0.00000e+00,9.94701e-01,9.99999e-01
2.882839386e+00,0.00000e+00,9.99999e-01,0.00000e+00,9.94805e-01,9.99999e-01
2.897253583e+00,0.00000e+00,9.99999e-01,0.00000e+00,9.94908e-01,9.99999e-01
2.911739851e+00,0.00000e+00,9.99999e-01,0.00000e+00,9.95008e-01,9.99999e-01
2.926298550e+00,0.00000e+00,9.99999e-01,0.00000e+00,9.95106e-01,9.99999e-01
2.940930043e+00,0.00000e+00,9.99999e-01,0.00000e+00,9.95203e-01,9.99999e-01
2.955634693e+00,0.00000e+00,9.99999e-01,0.00000e+00,9.95297e-01,9.99999e-01
2.970412867e+00,0.00000e+00,9.99999e-01,0.00000e+00,9.95390e-01,9.99999e-01
2.985264931e+00,0.00000e+00,9.99999e-01,0.00000e+00,9.95481e-01,9.99999e-01
3.000191256e+00,0.00000e+00,9.99999e-01,0.00000e+00,9.95570e-01,9.99999e-01
3.015192212e+00,0.00000e+00,9.99999e-01,0.00000e+00,9.95657e-01,9.99999e-01
3.030268173e+00,6.92265e-305,9.99999e-01,6.95224e-305,9.95743e-01,9.99999e-01
3.045419514e+00,9.28995e-186,9.99999e-01,9.32887e-186,9.95826e-01,9.99999e-01
3.060646612e+00,2.23311e-85,9.99999e-01,2.24228e-85,9.95909e-01,9.99999e-01
3.075949845e+00,1.49965e-68,9.99999e-01,7.98528e-68,9.95989e-01,1.88558e-01
3.091329594e+00,4.31314e-66,9.99999e-01,2.18585e-64,9.96068e-01,1.98099e-02
3.106786242e+00,1.19980e-68,9.99999e-01,6.09362e-64,9.96146e-01,1.97657e-05
3.122320173e+00,1.12386e-57,9.99999e-01,1.24350e-44,9.96222e-01,9.07214e-14
3.137931774e+00,5.51063e-50,9.99999e-01,1.10616e-43,9.96296e-01,5.00027e-07
3.153621433e+00,7.12326e-47,9.99999e-01,2.79421e-45,9.96369e-01,2.55858e-02
3.169389540e+00,5.97639e-67,9.99999e-01,1.62402e-60,9.96441e-01,3.69313e-07
3.185236488e+00,2.72515e-59,9.99999e-01,9.47469e-49,9.96511e-01,2.88630e-11
3.201162670e+00,1.67295e-57,9.99999e-01,5.78127e-39,9.96580e-01,2.90367e-19
3.217168483e+00,5.31367e-64,9.99999e-01,3.25855e-37,9.96647e-01,1.63617e-27
3.233254326e+00,2.38046e-72,9.99999e-01,8.56697e-32,9.96713e-01,2.78781e-41
3.249420598e+00,3.22037e-85,9.99999e-01,1.56648e-18,9.96778e-01,2.06245e-67
3.265667701e+00,2.75313e-123,9.99999e-01,7.93470e-16,9.96842e-01,3.48072e-108
3.281996039e+00,8.22335e-181,9.99999e-01,3.79083e-12,9.96904e-01,2.17601e-169
3.298406019e+00,1.49405e-253,9.99999e-01,3.10641e-10,9.96965e-01,4.82419e-244
3.314898049e+00,0.00000e+00,9.99999e-01,6.73314e-10,9.97025e-01,0.00000e+00
3.331472540e+00,3.93234e-291,9.99999e-01,1.53392e-09,9.97083e-01,2.57108e-282
3.348129902e+00,3.05989e-211,9.99999e-01,1.11783e-07,9.97141e-01,2.74518e-204
3.364870552e+00,6.29318e-146,9.99999e-01,2.78597e-07,9.97197e-01,2.26523e-139
3.381694905e+00,8.03616e-92,9.99999e-01,1.67727e-06,9.97253e-01,4.80441e-86
3.398603379e+00,6.01018e-56,9.99999e-01,5.47697e-05,9.97307e-01,1.10032e-51
3.415596396e+00,3.06604e-34,9.99999e-01,1.10410e-04,9.97360e-01,2.78431e-30
3.432674378e+00,2.49030e-23,9.99999e-01,1.71740e-05,9.97412e-01,1.45380e-18
3.449837750e+00,1.32382e-15,9.99999e-01,1.47836e-07,9.97463e-01,8.97746e-09
3.467086939e+00,3.74827e-14,9.99999e-01,1.05581e-12,9.97513e-01,3.55900e-02
3.484422373e+00,2.88745e-17,9.99999e-01,4.83052e-17,9.97562e-01,5.99210e-01
3.501844485e+00,1.05323e-24,9.99999e-01,4.23393e-24,9.97610e-01,2.49354e-01
3.519353708e+00,4.90159e-29,9.99999e-01,4.91928e-29,9.97657e-01,9.98742e-01
3.536950476e+00,1.45650e-35,9.99999e-01,1.46338e-35,9.97703e-01,9.97589e-01
3.554635228e+00,3.23484e-35,9.99999e-01,3.25997e-35,9.97749e-01,9.94531e-01
3.572408405e+00,6.45184e-29,9.99999e-01,6.52624e-29,9.97793e-01,9.90785e-01
3.590270447e+00,2.40626e-27,9.99999e-01,2.42483e-27,9.97837e-01,9.94490e-01
3.608221799e+00,1.31554e-19,9.99999e-01,1.32263e-19,9.97879e-01,9.96752e-01
3.626262908e+00,2.00867e-11,9.99999e-01,2.01572e-11,9.97921e-01,9.98573e-01
3.644394222e+00,4.90830e-09,9.99999e-01,4.92605e-09,9.97962e-01,9.98430e-01
3.662616193e+00,5.60586e-05,9.99999e-01,5.63395e-05,9.98002e-01,9.97004e-01
3.680929274e+00,1.01149e-02,9.99999e-01,1.02194e-02,9.98042e-01,9.91718e-01
3.699333921e+00,1.16825e-01,9.99999e-01,1.18972e-01,9.98080e-01,9.83841e-01
3.717830590e+00,6.76184e-02,9.99999e-01,6.98362e-02,9.98118e-01,9.70065e-01
3.736419743e+00,1.42409e-03,9.99999e-01,1.49411e-03,9.98155e-01,9.54895e-01
3.755101842e+00,5.57859e-10,9.99998e-01,5.83615e-10,9.98192e-01,9.57599e-01
3.773877351e+00,4.16322e-22,9.99998e-01,4.29801e-22,9.98227e-01,9.70359e-01
3.792746738e+00,7.05144e-55,9.99997e-01,7.21030e-55,9.98262e-01,9.79669e-01
3.811710472e+00,5.37609e-36,9.99994e-01,5.49109e-36,9.98297e-01,9.80727e-01
3.830769024e+00,1.01922e-35,9.99991e-01,1.04304e-35,9.98330e-01,9.78796e-01
3.849922869e+00,3.15268e-49,9.99985e-01,3.24033e-49,9.98363e-01,9.74551e-01
3.869172484e+00,8.25582e-31,9.99979e-01,8.56566e-31,9.98395e-01,9.65383e-01
3.888518346e+00,1.32062e-13,9.99964e-01,1.38862e-13,9.98427e-01,9.52541e-01
3.907960938e+00,1.79314e-10,9.99956e-01,1.91873e-10,9.98458e-01,9.36008e-01
3.927500742e+00,1.02643e-10,9.99925e-01,1.11875e-10,9.98489e-01,9.18897e-01
3.947138246e+00,1.21072e-15,9.99896e-01,1.33738e-15,9.98518e-01,9.06673e-01
3.966873937e+00,1.49311e-23,9.99881e-01,1.68211e-23,9.98548e-01,8.88973e-01
3.986708307e+00,2.96034e-36,9.99807e-01,3.44115e-36,9.98576e-01,8.61561e-01
4.006641849e+00,1.54345e-65,9.99748e-01,1.86805e-65,9.98604e-01,8.27451e-01
4.026675058e+00,0.00000e+00,9.99794e-01,0.00000e+00,9.98632e-01,7.89572e-01
4.046808433e+00,0.00000e+00,9.99782e-01,0.00000e+00,9.98659e-01,7.50574e-01
4.067042475e+00,0.00000e+00,9.99687e-01,0.00000e+00,9.98685e-01,7.13263e-01
4.087377688e+00,0.00000e+00,9.99635e-01,0.00000e+00,9.98711e-01,6.79864e-01
4.107814576e+00,0.00000e+00,9.99574e-01,0.00000e+00,9.98737e-01,6.53624e-01
4.128353649e+00,0.00000e+00,9.99571e-01,0.00000e+00,9.98762e-01,6.36864e-01
4.148995417e+00,0.00000e+00,9.99706e-01,0.00000e+00,9.98786e-01,6.29061e-01
4.169740394e+00,0.00000e+00,9.99725e-01,0.00000e+00,9.98810e-01,6.30438e-01
4.190589096e+00,0.00000e+00,9.99744e-01,0.00000e+00,9.98833e-01,6.37462e-01
4.211542042e+00,0.00000e+00,9.99763e-01,0.00000e+00,9.98856e-01,6.39502e-01
4.232599752e+00,0.00000e+00,9.99856e-01,0.00000e+00,9.98879e-01,6.28155e-01
4.253762751e+00,0.00000e+00,9.99898e-01,0.00000e+00,9.98901e-01,5.93898e-01
4.275031564e+00,0.00000e+00,9.99836e-01,0.00000e+00,9.98923e-01,5.33937e-01
4.296406722e+00,0.00000e+00,9.98389e-01,0.00000e+00,9.98944e-01,5.15045e-01
4.317888756e+00,0.00000e+00,9.99682e-01,0.00000e+00,9.98965e-01,5.64361e-01
4.339478200e+00,0.00000e+00,9.99813e-01,0.00000e+00,9.98985e-01,6.39288e-01
4.361175591e+00,0.00000e+00,9.99850e-01,0.00000e+00,9.99005e-01,6.87974e-01
4.382981469e+00,0.00000e+00,9.99838e-01,0.00000e+00,9.99025e-01,7.13755e-01
4.404896376e+00,0.00000e+00,9.99775e-01,0.00000e+00,9.99044e-01,7.28842e-01
4.426920858e+00,0.00000e+00,9.99773e-01,0.00000e+00,9.99063e-01,7.41874e-01
4.449055462e+00,0.00000e+00,9.99842e-01,0.00000e+00,9.99081e-01,7.56703e-01
4.471300739e+00,0.00000e+00,9.99835e-01,0.00000e+00,9.99100e-01,7.74879e-01
4.493657243e+00,0.00000e+00,9.99858e-01,0.00000e+00,9.99117e-01,7.96454e-01
4.516125529e+00,0.00000e+00,9.99864e-01,0.00000e+00,9.99135e-01,8.19762e-01
4.538706157e+00,0.00000e+00,9.99839e-01,0.00000e+00,9.99152e-01,8.44242e-01
4.561399688e+00,0.00000e+00,9.99887e-01,0.00000e+00,9.99169e-01,8.68356e-01
4.584206686e+00,0.00000e+00,9.99910e-01,0.00000e+00,9.99185e-01,8.90844e-01
4.607127720e+00,0.00000e+00,9.99912e-01,0.00000e+00,9.99201e-01,9.11225e-01
4.630163358e+00,0.00000e+00,9.99945e-01,0.00000e+00,9.99217e-01,9.29102e-01
4.653314175e+00,0.00000e+00,9.99947e-01,0.00000e+00,9.99232e-01,9.43861e-01
4.676580746e+00,0.00000e+00,9.99949e-01,0.00000e+00,9.99247e-01,9.55893e-01
4.699963650e+00,0.00000e+00,9.99972e-01,0.00000e+00,9.99262e-01,9.65647e-01
4.723463468e+00,0.00000e+00,9.99967e-01,0.00000e+00,9.99277e-01,9.73364e-01
4.747080785e+00,0.00000e+00,9.99982e-01,0.00000e+00,9.99291e-01,9.79256e-01
4.770816189e+00,0.00000e+00,9.99984e-01,0.00000e+00,9.99305e-01,9.83931e-01
4.794670270e+00,0.00000e+00,9.99986e-01,0.00000e+00,9.99319e-01,9.87602e-01
4.818643622e+00,0.00000e+00,9.99991e-01,0.00000e+00,9.99332e-01,9.90505e-01
4.842736840e+00,0.00000e+00,9.99990e-01,0.00000e+00,9.99345e-01,9.92694e-01
4.866950524e+00,0.00000e+00,9.99995e-01,0.00000e+00,9.99358e-01,9.94319e-01
4.891285276e+00,0.00000e+00,9.99995e-01,0.00000e+00,9.99371e-01,9.95648e-01
4.915741703e+00,0.00000e+00,9.99997e-01,0.00000e+00,9.99383e-01,9.96667e-01
4.940320411e+00,0.00000e+00,9.99997e-01,0.00000e+00,9.99395e-01,9.97425e-01
4.965022013e+00,0.00000e+00,9.99997e-01,0.00000e+00,9.99407e-01,9.98020e-01
4.989847123e+00,0.00000e+00,9.99998e-01,0.00000e+00,9.99419e-01,9.98529e-01
5.014796359e+00,0.00000e+00,9.99998e-01,0.00000e+00,9.99430e-01,9.98944e-01
5.039870341e+00,0.00000e+00,9.99999e-01,0.00000e+00,9.99442e-01,9.99274e-01
5.065069693e+00,0.00000e+00,9.99999e-01,0.00000e+00,9.99453e-01,9.99514e-01
5.090395041e+00,0.00000e+00,9.99999e-01,0.00000e+00,9.99463e-01,9.99724e-01
5.115847016e+00,0.00000e+00,9.99999e-01,0.00000e+00,9.99474e-01,9.99846e-01
5.141426251e+00,0.00000e+00,9.99999e-01,0.00000e+00,9.99484e-01,9.99832e-01
5.167133383e+00,0.00000e+00,9.99999e-01,0.00000e+00,9.99495e-01,9.99936e-01
5.192969049e+00,0.00000e+00,9.99999e-01,0.00000e+00,9.99505e-01,9.99949e-01
5.218933895e+00,0.00000e+00,9.99999e-01,0.00000e+00,9.99514e-01,9.99878e-01
5.245028564e+00,0.00000e+00,9.99999e-01,0.00000e+00,9.99524e-01,9.99890e-01
5.271253707e+00,0.00000e+00,9.99999e-01,0.00000e+00,9.99533e-01,9.99921e-01
5.297609976e+00,0.00000e+00,9.99999e-01,0.00000e+00,9.99542e-01,9.99912e-01
5.324098025e+00,0.00000e+00,9.99999e-01,0.00000e+00,9.99551e-01,9.99958e-01
5.350718516e+00,0.00000e+00,9.99999e-01,0.00000e+00,9.99560e-01,9.99461e-01
5.377472108e+00,0.00000e+00,9.99999e-01,0.00000e+00,9.99569e-01,9.99527e-01
5.404359469e+00,0.00000e+00,9.99999e-01,0.00000e+00,9.99577e-01,9.99999e-01
5.431381266e+00,0.00000e+00,9.99999e-01,0.00000e+00,9.99586e-01,9.99999e-01
5.458538172e+00,0.00000e+00,9.99999e-01,0.00000e+00,9.99594e-01,9.99999e-01
5.485830863e+00,1.01387e-238,9.99999e-01,1.01427e-238,9.99602e-01,9.99999e-01
5.513260018e+00,7.72863e-176,9.99999e-01,7.73163e-176,9.99610e-01,9.99999e-01
5.540826318e+00,7.01521e-117,9.99999e-01,7.01789e-117,9.99617e-01,9.99999e-01
5.568530449e+00,1.56116e-88,9.99999e-01,1.60162e-88,9.99625e-01,9.75102e-01
5.596373101e+00,1.34684e-65,9.99999e-01,1.39884e-65,9.99632e-01,9.63181e-01
5.624354967e+00,6.28466e-58,9.99999e-01,6.61189e-58,9.99640e-01,9.50850e-01
5.652476742e+00,2.63691e-49,9.99999e-01,2.81937e-49,9.99647e-01,9.35614e-01
5.680739126e+00,2.37567e-44,9.99999e-01,2.59514e-44,9.99654e-01,9.15745e-01
5.709142821e+00,7.06142e-42,9.99999e-01,7.95046e-42,9.99661e-01,8.88478e-01
5.737688535e+00,4.18287e-43,9.99999e-01,4.90461e-43,9.99667e-01,8.53127e-01
5.766376978e+00,2.69433e-38,9.99999e-01,3.32412e-38,9.99674e-01,8.10800e-01
5.795208863e+00,4.31671e-28,9.99999e-01,5.69869e-28,9.99680e-01,7.57731e-01
5.824184907e+00,2.13020e-20,9.99999e-01,3.07358e-20,9.99686e-01,6.93286e-01
5.853305832e+00,7.97765e-21,9.99999e-01,1.29546e-20,9.99693e-01,6.16005e-01
5.882572361e+00,2.07832e-24,9.99999e-01,3.94188e-24,9.99699e-01,5.27398e-01
5.911985223e+00,2.66116e-21,9.99999e-01,6.20412e-21,9.99705e-01,4.29060e-01
5.941545149e+00,5.74246e-12,9.99999e-01,1.75593e-11,9.99710e-01,3.27126e-01
5.971252874e+00,6.77348e-08,9.99999e-01,2.96984e-07,9.99716e-01,2.28140e-01
6.001109139e+00,1.45037e-06,9.99999e-01,1.02118e-05,9.99722e-01,1.42067e-01
6.031114685e+00,1.68042e-07,9.99999e-01,2.12454e-06,9.99727e-01,7.91170e-02
6.061270258e+00,6.06481e-10,9.99999e-01,1.64191e-08,9.99733e-01,3.69473e-02
6.091576609e+00,1.47076e-13,9.99999e-01,1.15390e-11,9.99738e-01,1.27493e-02
6.122034492e+00,1.42268e-17,9.99999e-01,4.51506e-15,9.99743e-01,3.15177e-03
6.152644665e+00,2.47004e-23,9.99999e-01,4.40937e-20,9.99748e-01,5.60320e-04
6.183407888e+00,2.12226e-27,9.99999e-01,3.57250e-23,9.99753e-01,5.94202e-05
6.214324928e+00,6.01782e-30,9.99999e-01,1.86300e-24,9.99758e-01,3.23096e-06
6.245396552e+00,3.36435e-26,9.99999e-01,4.53410e-19,9.99763e-01,7.42184e-08
6.276623535e+00,2.67424e-26,9.99999e-01,4.72664e-17,9.99767e-01,5.65910e-10
6.308006653e+00,4.26438e-30,9.99999e-01,4.00900e-18,9.99772e-01,1.06394e-12
6.339546686e+00,1.48046e-39,9.99999e-01,4.23734e-24,9.99776e-01,3.49462e-16
6.371244419e+00,7.23204e-47,9.99999e-01,2.55312e-27,9.99781e-01,2.83324e-20
6.403100641e+00,1.14263e-44,9.99999e-01,4.65198e-20,9.99785e-01,2.45674e-25
6.435116145e+00,5.16573e-41,9.99999e-01,8.53786e-10,9.99789e-01,6.05164e-32
6.467291725e+00,5.55262e-48,9.99999e-01,2.21349e-05,9.99793e-01,2.50905e-43
6.499628184e+00,5.70362e-57,9.99999e-01,7.65392e-03,9.99797e-01,7.45338e-55
6.532126325e+00,5.20085e-69,9.99999e-01,5.98953e-02,9.99801e-01,8.68495e-68
6.564786956e+00,1.30202e-87,9.99999e-01,1.38950e-01,9.99805e-01,9.37226e-87
6.597610891e+00,1.29322e-106,9.99999e-01,1.97920e-01,9.99809e-01,6.53528e-106
6.630598946e+00,1.25511e-133,9.99999e-01,2.43788e-01,9.99813e-01,5.14934e-133
6.663751940e+00,2.69252e-162,9.99999e-01,2.43908e-01,9.99817e-01,1.10411e-161
6.697070700e+00,2.33662e-199,9.99999e-01,1.65613e-01,9.99820e-01,1.41114e-198
6.730556054e+00,2.53890e-238,9.99999e-01,8.00625e-02,9.99824e-01,3.17170e-237
6.764208834e+00,1.45435e-285,9.99999e-01,2.11605e-02,9.99827e-01,6.87414e-284
6.798029878e+00,0.00000e+00,9.99999e-01,2.99060e-03,9.99831e-01,0.00000e+00
6.832020027e+00,0.00000e+00,9.99999e-01,1.31011e-04,9.99834e-01,0.00000e+00
6.866180128e+00,0.00000e+00,9.99999e-01,1.12544e-06,9.99837e-01,0.00000e+00
6.900511028e+00,0.00000e+00,9.99999e-01,1.81661e-09,9.99840e-01,0.00000e+00
6.935013583e+00,0.00000e+00,9.99999e-01,4.85401e-15,9.99844e-01,0.00000e+00
6.969688651e+00,0.00000e+00,9.99999e-01,3.58354e-21,9.99847e-01,0.00000e+00
7.004537095e+00,0.00000e+00,9.99999e-01,6.77752e-33,9.99850e-01,0.00000e+00
7.039559780e+00,0.00000e+00,9.99999e-01,2.79932e-42,9.99853e-01,0.00000e+00
7.074757579e+00,0.00000e+00,9.99999e-01,8.56360e-58,9.99855e-01,0.00000e+00
7.110131367e+00,0.00000e+00,9.99999e-01,3.10001e-67,9.99858e-01,0.00000e+00
7.145682024e+00,0.00000e+00,9.99999e-01,4.39282e-80,9.99861e-01,0.00000e+00
7.181410434e+00,0.00000e+00,9.99999e-01,2.12122e-87,9.99864e-01,0.00000e+00
7.217317486e+00,0.00000e+00,9.99999e-01,1.12395e-91,9.99866e-01,0.00000e+00
7.253404073e+00,0.00000e+00,9.99999e-01,1.53658e-90,9.99869e-01,0.00000e+00
7.289671094e+00,0.00000e+00,9.99999e-01,5.71668e-72,9.99872e-01,0.00000e+00
7.326119449e+00,0.00000e+00,9.99999e-01,8.94662e-68,9.99874e-01,0.00000e+00
7.362750046e+00,0.00000e+00,9.99999e-01,8.35224e-74,9.99877e-01,0.00000e+00
7.399563797e+00,0.00000e+00,9.99999e-01,2.60275e-73,9.99879e-01,0.00000e+00
7.436561616e+00,0.00000e+00,9.99999e-01,3.36927e-61,9.99881e-01,0.00000e+00
7.473744424e+00,0.00000e+00,9.99999e-01,1.37496e-40,9.99884e-01,0.00000e+00
7.511113146e+00,0.00000e+00,9.99999e-01,9.55633e-29,9.99886e-01,0.00000e+00
7.548668712e+00,0.00000e+00,9.99999e-01,6.64943e-18,9.99888e-01,0.00000e+00
7.586412055e+00,0.00000e+00,9.99999e-01,8.39154e-15,9.99890e-01,0.00000e+00
7.624344115e+00,0.00000e+00,9.99999e-01,2.38980e-14,9.99893e-01,0.00000e+00
7.662465836e+00,0.00000e+00,9.99999e-01,1.18454e-16,9.99895e-01,0.00000e+00
7.700778165e+00,0.00000e+00,9.99999e-01,2.78326e-22,9.99897e-01,0.00000e+00
7.739282056e+00,0.00000e+00,9.99999e-01,3.35133e-36,9.99899e-01,0.00000e+00
7.777978466e+00,0.00000e+00,9.99999e-01,3.39206e-48,9.99901e-01,0.00000e+00
7.816868359e+00,0.00000e+00,9.99999e-01,1.00498e-64,9.99903e-01,0.00000e+00
7.855952700e+00,0.00000e+00,9.99999e-01,3.04181e-66,9.99905e-01,0.00000e+00
7.895232464e+00,0.00000e+00,9.99999e-01,7.95376e-56,9.99906e-01,0.00000e+00
7.934708626e+00,0.00000e+00,9.99999e-01,2.96355e-51,9.99908e-01,0.00000e+00
7.974382169e+00,0.00000e+00,9.99999e-01,1.50774e-56,9.99910e-01,0.00000e+00
8.014254080e+00,0.00000e+00,9.99999e-01,3.91421e-68,9.99912e-01,0.00000e+00
8.054325351e+00,0.00000e+00,9.99999e-01,1.56760e-69,9.99914e-01,0.00000e+00
8.094596977e+00,0.00000e+00,9.99999e-01,9.86549e-67,9.99915e-01,0.00000e+00
8.135069962e+00,0.00000e+00,9.99999e-01,1.89638e-60,9.99917e-01,0.00000e+00
8.175745312e+00,0.00000e+00,9.99999e-01,2.97293e-50,9.99919e-01,1.87034e-292
8.216624039e+00,1.06526e-270,9.99999e-01,1.71565e-43,9.99920e-01,6.20955e-228
8.257707159e+00,8.54052e-212,9.99999e-01,1.10806e-34,9.99922e-01,7.70822e-178
8.298995695e+00,9.84406e-167,9.99999e-01,2.83634e-31,9.99923e-01,3.47095e-136
8.340490673e+00,3.20327e-131,9.99999e-01,7.08067e-29,9.99925e-01,4.52430e-103
8.382193126e+00,3.95835e-104,9.99999e-01,6.09128e-27,9.99926e-01,6.49885e-78
8.424104092e+00,1.63344e-80,9.99999e-01,4.73544e-22,9.99928e-01,3.44964e-59
8.466224613e+00,9.43954e-62,9.99999e-01,2.32776e-17,9.99929e-01,4.05547e-45
8.508555736e+00,2.14236e-42,9.99999e-01,1.24111e-10,9.99930e-01,1.72628e-32
8.551098514e+00,3.00294e-31,9.99999e-01,1.15019e-07,9.99932e-01,2.61098e-24
8.593854007e+00,9.57812e-26,9.99999e-01,3.03083e-07,9.99933e-01,3.16044e-19
8.636823277e+00,1.54763e-22,9.99999e-01,1.97154e-08,9.99934e-01,7.85035e-15
8.680007393e+00,2.84704e-20,9.99999e-01,1.44938e-09,9.99936e-01,1.96444e-11
8.723407430e+00,1.83933e-18,9.99999e-01,3.48894e-10,9.99937e-01,5.27220e-09
8.767024467e+00,2.26369e-18,9.99999e-01,5.68206e-12,9.99938e-01,3.98416e-07
8.810859590e+00,2.93969e-42,9.99999e-01,1.93081e-37,9.99939e-01,1.52261e-05
8.854913888e+00,1.12506e-130,9.99999e-01,5.69380e-127,9.99941e-01,1.97606e-04
8.899188457e+00,0.00000e+00,9.99999e-01,0.00000e+00,9.99942e-01,1.40739e-03
8.943684399e+00,0.00000e+00,9.99999e-01,0.00000e+00,9.99943e-01,7.24986e-03
8.988402821e+00,0.00000e+00,9.99999e-01,0.00000e+00,9.99944e-01,2.28224e-02
9.033344836e+00,0.00000e+00,9.99999e-01,0.00000e+00,9.99945e-01,5.46961e-02
9.078511560e+00,0.00000e+00,9.99999e-01,0.00000e+00,9.99946e-01,1.07640e-01
9.123904118e+00,0.00000e+00,9.99999e-01,0.00000e+00,9.99947e-01,1.80363e-01
9.169523638e+00,0.00000e+00,9.99999e-01,0.00000e+00,9.99948e-01,2.68915e-01
9.215371256e+00,0.00000e+00,9.99999e-01,0.00000e+00,9.99949e-01,3.56070e-01
9.261448113e+00,0.00000e+00,9.99999e-01,0.00000e+00,9.99950e-01,4.52270e-01
9.307755353e+00,0.00000e+00,9.99999e-01,0.00000e+00,9.99951e-01,5.44235e-01
9.354294130e+00,0.00000e+00,9.99999e-01,0.00000e+00,9.99952e-01,6.26588e-01
9.401065601e+00,0.00000e+00,9.99999e-01,0.00000e+00,9.99953e-01,6.98766e-01
9.448070929e+00,0.00000e+00,9.99999e-01,0.00000e+00,9.99954e-01,7.54383e-01
9.495311283e+00,0.00000e+00,9.99999e-01,0.00000e+00,9.99955e-01,8.01221e-01
9.542787840e+00,0.00000e+00,9.99999e-01,0.00000e+00,9.99956e-01,8.43449e-01
9.590501779e+00,0.00000e+00,9.99999e-01,0.00000e+00,9.99956e-01,8.77626e-01
9.638454288e+00,0.00000e+00,9.99999e-01,0.00000e+00,9.99957e-01,9.02459e-01
9.686646559e+00,0.00000e+00,9.99999e-01,0.00000e+00,9.99958e-01,9.22482e-01
9.735079792e+00,0.00000e+00,9.99999e-01,0.00000e+00,9.99959e-01,9.38529e-01
9.783755191e+00,0.00000e+00,9.99999e-01,0.00000e+00,9.99960e-01,9.51340e-01
9.832673967e+00,0.00000e+00,9.99999e-01,0.00000e+00,9.99961e-01,9.61540e-01
9.881837337e+00,0.00000e+00,9.99999e-01,0.00000e+00,9.99961e-01,9.69631e-01
9.931246523e+00,0.00000e+00,9.99999e-01,0.00000e+00,9.99962e-01,9.76049e-01
9.980902756e+00,0.00000e+00,9.99999e-01,0.00000e+00,9.99963e-01,9.99999e-01
1.003080727e+01,0.00000e+00,9.99999e-01,0.00000e+00,9.99963e-01,9.99999e-01
1.008096131e+01,0.00000e+00,9.99999e-01,0.00000e+00,9.99964e-01,9.99999e-01
1.013136611e+01,0.00000e+00,9.99999e-01,0.00000e+00,9.99965e-01,9.99999e-01
1.018202294e+01,0.00000e+00,9.99999e-01,0.00000e+00,9.99966e-01,9.99999e-01
1.023293306e+01,0.00000e+00,9.99999e-01,0.00000e+00,9.99966e-01,9.99999e-01
1.028409772e+01,0.00000e+00,9.99999e-01,0.00000e+00,9.99967e-01,9.99999e-01
1.033551821e+01,0.00000e+00,9.99999e-01,0.00000e+00,9.99967e-01,9.99999e-01
1.038719580e+01,0.00000e+00,9.99999e-01,0.00000e+00,9.99968e-01,9.99999e-01
1.043913178e+01,0.00000e+00,9.99999e-01,0.00000e+00,9.99969e-01,9.99999e-01
1.049132744e+01,0.00000e+00,9.99999e-01,0.00000e+00,9.99969e-01,9.99999e-01
1.054378408e+01,0.00000e+00,9.99999e-01,0.00000e+00,9.99970e-01,9.99999e-01
1.059650300e+01,0.00000e+00,9.99999e-01,0.00000e+00,9.99970e-01,9.99999e-01
1.064948551e+01,0.00000e+00,9.99999e-01,0.00000e+00,9.99971e-01,9.99999e-01
1.070273294e+01,0.00000e+00,9.99999e-01,0.00000e+00,9.99972e-01,9.99999e-01
1.075624661e+01,0.00000e+00,9.99999e-01,0.00000e+00,9.99972e-01,9.99999e-01
1.081002784e+01,0.00000e+00,9.99999e-01,0.00000e+00,9.99973e-01,9.99999e-01
1.086407798e+01,0.00000e+00,9.99999e-01,0.00000e+00,9.99973e-01,9.99999e-01
1.091839837e+01,0.00000e+00,9.99999e-01,0.00000e+00,9.99974e-01,9.99999e-01
1.097299036e+01,0.00000e+00,9.99999e-01,0.00000e+00,9.99974e-01,9.99999e-01
1.102785531e+01,0.00000e+00,9.99999e-01,0.00000e+00,9.99975e-01,9.99999e-01
1.108299459e+01,0.00000e+00,9.99999e-01,0.00000e+00,9.99975e-01,9.99999e-01
1.113840956e+01,0.00000e+00,9.99999e-01,0.00000e+00,9.99976e-01,9.99999e-01
1.119410161e+01,0.00000e+00,9.99999e-01,0.00000e+00,9.99976e-01,9.99999e-01
1.125007212e+01,0.00000e+00,9.99999e-01,0.00000e+00,9.99977e-01,9.99999e-01
1.130632248e+01,0.00000e+00,9.99999e-01,0.00000e+00,9.99977e-01,9.99999e-01
1.136285409e+01,0.00000e+00,9.99999e-01,0.00000e+00,9.99977e-01,9.99999e-01
1.141966836e+01,0.00000e+00,9.99999e-01,0.00000e+00,9.99978e-01,9.99999e-01
1.147676670e+01,0.00000e+00,9.99999e-01,0.00000e+00,9.99978e-01,9.99999e-01
1.153415054e+01,0.00000e+00,9.99999e-01,0.00000e+00,9.99979e-01,9.99999e-01
1.159182129e+01,0.00000e+00,9.99999e-01,0.00000e+00,9.99979e-01,9.99999e-01
1.164978039e+01,0.00000e+00,9.99999e-01,0.00000e+00,9.99979e-01,9.99999e-01
1.170802930e+01,0.00000e+00,9.99999e-01,0.00000e+00,9.99980e-01,9.99999e-01
1.176656944e+01,0.00000e+00,9.99999e-01,0.00000e+00,9.99980e-01,9.99999e-01
1.182540229e+01,0.00000e+00,9.99999e-01,0.00000e+00,9.99981e-01,9.99999e-01
1.188452930e+01,0.00000e+00,9.99999e-01,0.00000e+00,9.99981e-01,9.99999e-01
1.194395195e+01,0.00000e+00,9.99999e-01,0.00000e+00,9.99981e-01,9.99999e-01
1.200367171e+01,0.00000e+00,9.99999e-01,0.00000e+00,9.99982e-01,9.99999e-01
1.206369007e+01,0.00000e+00,9.99999e-01,0.00000e+00,9.99982e-01,9.99999e-01
1.212400852e+01,0.00000e+00,9.99999e-01,0.00000e+00,9.99982e-01,9.99999e-01
1.218462856e+01,0.00000e+00,9.99999e-01,0.00000e+00,9.99983e-01,9.99999e-01
1.224555170e+01,0.00000e+00,9.99999e-01,0.00000e+00,9.99983e-01,9.99999e-01
1.230677946e+01,0.00000e+00,9.99999e-01,0.00000e+00,9.99983e-01,9.99999e-01
1.236831336e+01,0.00000e+00,9.99999e-01,0.00000e+00,9.99984e-01,9.99999e-01
1.243015492e+01,0.00000e+00,9.99999e-01,0.00000e+00,9.99984e-01,9.99999e-01
1.249230570e+01,0.00000e+00,9.99999e-01,0.00000e+00,9.99984e-01,9.99999e-01
1.255476723e+01,0.00000e+00,9.99999e-01,0.00000e+00,9.99985e-01,9.99999e-01
1.261754106e+01,0.00000e+00,9.99999e-01,0.00000e+00,9.99985e-01,9.99999e-01
1.268062877e+01,0.00000e+00,9.99999e-01,0.00000e+00,9.99985e-01,9.99999e-01
1.274403191e+01,0.00000e+00,9.99999e-01,0.00000e+00,9.99985e-01,9.99999e-01
1.280775207e+01,0.00000e+00,9.99999e-01,0.00000e+00,9.99986e-01,9.99999e-01
1.287179083e+01,0.00000e+00,9.99999e-01,0.00000e+00,9.99986e-01,9.99999e-01
1.293614979e+01,0.00000e+00,9.99999e-01,0.00000e+00,9.99986e-01,9.99999e-01
1.300083054e+01,0.00000e+00,9.99999e-01,0.00000e+00,9.99986e-01,9.99999e-01
1.306583469e+01,0.00000e+00,9.99999e-01,0.00000e+00,9.99987e-01,9.99999e-01
1.313116386e+01,0.00000e+00,9.99999e-01,0.00000e+00,9.99987e-01,9.99999e-01
1.319681968e+01,0.00000e+00,9.99999e-01,0.00000e+00,9.99987e-01,9.99999e-01
1.326280378e+01,0.00000e+00,9.99999e-01,0.00000e+00,9.99987e-01,9.99999e-01
1.332911780e+01,0.00000e+00,9.99999e-01,0.00000e+00,9.99988e-01,9.99999e-01
1.339576339e+01,0.00000e+00,9.99999e-01,0.00000e+00,9.99988e-01,9.93765e-01
1.346274221e+01,0.00000e+00,9.99999e-01,0.00000e+00,9.99988e-01,9.93125e-01
1.353005592e+01,0.00000e+00,9.99999e-01,0.00000e+00,9.99988e-01,9.92421e-01
1.359770620e+01,0.00000e+00,9.99999e-01,0.00000e+00,9.99988e-01,9.91747e-01
1.366569473e+01,0.00000e+00,9.99999e-01,0.00000e+00,9.99989e-01,9.91011e-01
1.373402320e+01,0.00000e+00,9.99999e-01,0.00000e+00,9.99989e-01,9.90212e-01
1.380269332e+01,0.00000e+00,9.99999e-01,0.00000e+00,9.99989e-01,9.89339e-01
1.387170678e+01,0.00000e+00,9.99999e-01,0.00000e+00,9.99989e-01,9.88250e-01
1.394106532e+01,0.00000e+00,9.99999e-01,0.00000e+00,9.99989e-01,9.87208e-01
1.401077064e+01,0.00000e+00,9.99999e-01,0.00000e+00,9.99990e-01,9.86070e-01
1.408082450e+01,0.00000e+00,9.99999e-01,0.00000e+00,9.99990e-01,9.84837e-01
1.415122862e+01,0.00000e+00,9.99999e-01,0.00000e+00,9.99990e-01,9.83490e-01
1.422198476e+01,0.00000e+00,9.99999e-01,0.00000e+00,9.99990e-01,9.82033e-01
1.429309469e+01,0.00000e+00,9.99999e-01,0.00000e+00,9.99990e-01,9.80439e-01
1.436456016e+01,0.00000e+00,9.99999e-01,0.00000e+00,9.99991e-01,9.78714e-01
1.443638296e+01,0.00000e+00,9.99999e-01,0.00000e+00,9.99991e-01,9.76832e-01
1.450856487e+01,0.00000e+00,9.99999e-01,0.00000e+00,9.99991e-01,9.74790e-01
1.458110770e+01,0.00000e+00,9.99999e-01,0.00000e+00,9.99991e-01,9.72566e-01
1.465401324e+01,0.00000e+00,9.99999e-01,0.00000e+00,9.99991e-01,9.70158e-01
1.472728330e+01,0.00000e+00,9.99999e-01,0.00000e+00,9.99991e-01,9.67924e-01
1.480091972e+01,0.00000e+00,9.99999e-01,0.00000e+00,9.99992e-01,9.65107e-01
1.487492432e+01,0.00000e+00,9.99999e-01,0.00000e+00,9.99992e-01,9.62058e-01
1.494929894e+01,0.00000e+00,9.99999e-01,0.00000e+00,9.99992e-01,9.59238e-01
1.502404544e+01,0.00000e+00,9.99999e-01,0.00000e+00,9.99992e-01,9.55675e-01
1.509916566e+01,0.00000e+00,9.99999e-01,0.00000e+00,9.99992e-01,9.51825e-01
1.517466149e+01,0.00000e+00,9.99999e-01,0.00000e+00,9.99992e-01,9.48264e-01
1.525053480e+01,0.00000e+00,9.99999e-01,0.00000e+00,9.99992e-01,9.43770e-01
1.532678747e+01,0.00000e+00,9.99999e-01,0.00000e+00,9.99992e-01,9.38927e-01
1.540342141e+01,0.00000e+00,9.99999e-01,0.00000e+00,9.99993e-01,9.29352e-01
1.548043852e+01,0.00000e+00,9.99999e-01,0.00000e+00,9.99993e-01,9.24226e-01
1.555784071e+01,0.00000e+00,9.99999e-01,0.00000e+00,9.99993e-01,9.18053e-01
1.563562991e+01,0.00000e+00,9.99999e-01,0.00000e+00,9.99993e-01,9.11414e-01
1.571380806e+01,0.00000e+00,9.99999e-01,0.00000e+00,9.99993e-01,9.05274e-01
1.579237710e+01,0.00000e+00,9.99999e-01,0.00000e+00,9.99993e-01,8.98713e-01
1.587133899e+01,0.00000e+00,9.99999e-01,0.00000e+00,9.99993e-01,8.91727e-01
1.595069568e+01,0.00000e+00,9.99999e-01,0.00000e+00,9.99993e-01,8.84287e-01
1.603044916e+01,0.00000e+00,9.99999e-01,0.00000e+00,9.99994e-01,8.76363e-01
1.611060141e+01,0.00000e+00,9.99999e-01,0.00000e+00,9.99994e-01,8.66483e-01
1.619115441e+01,0.00000e+00,9.99999e-01,0.00000e+00,9.99994e-01,8.55901e-01
1.627211019e+01,0.00000e+00,9.99999e-01,0.00000e+00,9.99994e-01,8.46172e-01
1.635347074e+01,0.00000e+00,9.99999e-01,0.00000e+00,9.99994e-01,8.35845e-01
1.643523809e+01,0.00000e+00,9.99999e-01,0.00000e+00,9.99994e-01,8.24884e-01
1.651741428e+01,0.00000e+00,9.99999e-01,0.00000e+00,9.99994e-01,8.13259e-01
1.660000135e+01,0.00000e+00,9.99999e-01,0.00000e+00,9.99994e-01,8.01007e-01
1.668300136e+01,0.00000e+00,9.99999e-01,0.00000e+00,9.99994e-01,7.87987e-01
1.676641637e+01,0.00000e+00,9.99999e-01,0.00000e+00,9.99994e-01,7.74248e-01
1.685024845e+01,0.00000e+00,9.99999e-01,0.00000e+00,9.99995e-01,7.59742e-01
1.693449969e+01,0.00000e+00,9.99999e-01,0.00000e+00,9.99995e-01,7.44468e-01
1.701917219e+01,0.00000e+00,9.99999e-01,0.00000e+00,9.99995e-01,7.28396e-01
1.710426805e+01,0.00000e+00,9.99999e-01,0.00000e+00,9.99995e-01,7.11519e-01
1.718978939e+01,0.00000e+00,9.99999e-01,0.00000e+00,9.99995e-01,6.96806e-01
1.727573834e+01,0.00000e+00,9.99999e-01,0.00000e+00,9.99995e-01,6.81491e-01
1.736211703e+01,0.00000e+00,9.99999e-01,0.00000e+00,9.99995e-01,6.62424e-01
1.744892761e+01,0.00000e+00,9.99999e-01,0.00000e+00,9.99995e-01,6.42486e-01
1.753617225e+01,0.00000e+00,9.99999e-01,0.00000e+00,9.99995e-01,6.21759e-01
1.762385311e+01,0.00000e+00,9.99999e-01,0.00000e+00,9.99995e-01,6.00239e-01
1.771197238e+01,0.00000e+00,9.99999e-01,0.00000e+00,9.99995e-01,5.77933e-01
1.780053224e+01,0.00000e+00,9.99999e-01,0.00000e+00,9.99995e-01,5.58777e-01
1.788953490e+01,0.00000e+00,9.99999e-01,0.00000e+00,9.99995e-01,5.39106e-01
1.797898258e+01,0.00000e+00,9.99999e-01,0.00000e+00,9.99996e-01,5.14922e-01
1.806887749e+01,0.00000e+00,9.99999e-01,0.00000e+00,9.99996e-01,4.90156e-01
1.815922188e+01,0.00000e+00,9.99999e-01,0.00000e+00,9.99996e-01,4.69118e-01
1.825001799e+01,0.00000e+00,9.99999e-01,0.00000e+00,9.99996e-01,4.47730e-01
1.834126808e+01,0.00000e+00,9.99999e-01,0.00000e+00,9.99996e-01,4.21792e-01
1.843297442e+01,0.00000e+00,9.99999e-01,0.00000e+00,9.99996e-01,3.95607e-01
1.852513929e+01,0.00000e+00,9.99999e-01,0.00000e+00,9.99996e-01,3.73685e-01
1.861776499e+01,0.00000e+00,9.99999e-01,0.00000e+00,9.99996e-01,3.51659e-01
1.871085381e+01,0.00000e+00,9.99999e-01,0.00000e+00,9.99996e-01,3.25382e-01
1.880440808e+01,0.00000e+00,9.99999e-01,0.00000e+00,9.99996e-01,3.03680e-01
1.889843012e+01,0.00000e+00,9.99999e-01,0.00000e+00,9.99996e-01,2.82150e-01
1.899292227e+01,0.00000e+00,9.99999e-01,0.00000e+00,9.99996e-01,2.61048e-01
1.908788688e+01,0.00000e+00,9.99999e-01,0.00000e+00,9.99996e-01,2.40292e-01
1.918332632e+01,0.00000e+00,9.99999e-01,0.00000e+00,9.99996e-01,2.16142e-01
1.927924295e+01,0.00000e+00,9.99999e-01,0.00000e+00,9.99996e-01,1.96736e-01
1.937563916e+01,0.00000e+00,9.99999e-01,0.00000e+00,9.99996e-01,1.77952e-01
1.947251736e+01,0.00000e+00,9.99999e-01,0.00000e+00,9.99996e-01,1.60055e-01
1.956987994e+01,0.00000e+00,9.99999e-01,0.00000e+00,9.99997e-01,1.42973e-01
1.966772934e+01,0.00000e+00,9.99999e-01,0.00000e+00,9.99997e-01,1.23731e-01
1.976606799e+01,0.00000e+00,9.99999e-01,0.00000e+00,9.99997e-01,1.08840e-01
1.986489833e+01,0.00000e+00,9.99999e-01,0.00000e+00,9.99997e-01,9.49496e-02
1.996422282e+01,0.00000e+00,9.99999e-01,0.00000e+00,9.99997e-01,8.22143e-02
