#,Wave/freq,Total,N2,O2,CO2,H2O,Rayleigh,CIA
4.000000000e-01,2.17567e-13,9.99999e-01,9.99999e-01,9.99999e-01,9.99943e-01,2.17580e-13,9.99999e-01
4.020000000e-01,3.87234e-13,9.99999e-01,9.99999e-01,9.99999e-01,9.99964e-01,3.87247e-13,9.99999e-01
4.040100000e-01,6.81004e-13,9.99999e-01,9.99999e-01,9.99999e-01,9.99984e-01,6.81014e-13,9.99999e-01
4.060300500e-01,1.18435e-12,9.99999e-01,9.99999e-01,9.99999e-01,9.99996e-01,1.18435e-12,9.99999e-01
4.080602003e-01,2.03732e-12,9.99999e-01,9.99999e-01,9.99999e-01,9.99998e-01,2.03732e-12,9.99999e-01
4.101005013e-01,3.46725e-12,9.99999e-01,9.99999e-01,9.99999e-01,9.99999e-01,3.46725e-12,9.99999e-01
4.121510038e-01,5.83912e-12,9.99999e-01,9.99999e-01,9.99999e-01,9.99997e-01,5.83913e-12,9.99999e-01
4.142117588e-01,9.73272e-12,9.99999e-01,9.99999e-01,9.99999e-01,9.99984e-01,9.73287e-12,9.99999e-01
4.162828176e-01,1.60591e-11,9.99999e-01,9.99999e-01,9.99999e-01,9.99930e-01,1.60602e-11,9.99999e-01
4.183642317e-01,2.62389e-11,9.99999e-01,9.99999e-01,9.99999e-01,9.99958e-01,2.62400e-11,9.99999e-01
4.204560528e-01,4.24575e-11,9.99999e-01,9.99999e-01,9.99999e-01,9.99974e-01,4.24586e-11,9.99999e-01
4.225583331e-01,6.80510e-11,9.99999e-01,9.99999e-01,9.99999e-01,9.99990e-01,6.80517e-11,9.99999e-01
4.246711247e-01,1.08059e-10,9.99999e-01,9.99999e-01,9.99999e-01,9.99991e-01,1.08060e-10,9.99999e-01
4.267944804e-01,1.70028e-10,9.99999e-01,9.99999e-01,9.99999e-01,9.99988e-01,1.70030e-10,9.99999e-01
4.289284528e-01,2.65151e-10,9.99999e-01,9.99999e-01,9.99999e-01,9.99990e-01,2.65153e-10,9.99999e-01
4.310730950e-01,4.09878e-10,9.99999e-01,9.99999e-01,9.99999e-01,9.99995e-01,4.09879e-10,9.99999e-01
4.332284605e-01,6.28173e-10,9.99999e-01,9.99999e-01,9.99999e-01,9.99998e-01,6.28173e-10,9.99999e-01
4.353946028e-01,9.54641e-10,9.99999e-01,9.99999e-01,9.99999e-01,9.99999e-01,9.54641e-10,9.99999e-01
4.375715758e-01,1.43882e-09,9.99999e-01,9.99999e-01,9.99999e-01,9.99992e-01,1.43883e-09,9.99999e-01
4.397594337e-01,2.15098e-09,9.99999e-01,9.99999e-01,9.99999e-01,9.99938e-01,2.15111e-09,9.99999e-01
4.419582309e-01,3.18954e-09,9.99999e-01,9.99999e-01,9.99999e-01,9.99689e-01,3.19053e-09,9.99999e-01
4.441680220e-01,4.69438e-09,9.99999e-01,9.99999e-01,9.99999e-01,9.99757e-01,4.69551e-09,9.99999e-01
4.463888621e-01,6.85612e-09,9.99999e-01,9.99999e-01,9.99999e-01,9.99747e-01,6.85785e-09,9.99999e-01
4.486208064e-01,9.93975e-09,9.99999e-01,9.99999e-01,9.99999e-01,9.99843e-01,9.94131e-09,9.99999e-01
4.508639105e-01,1.43048e-08,9.99999e-01,9.99999e-01,9.99999e-01,9.99926e-01,1.43059e-08,9.99999e-01
4.531182300e-01,2.04385e-08,9.99999e-01,9.99999e-01,9.99999e-01,9.99970e-01,2.04391e-08,9.99999e-01
4.553838212e-01,2.89962e-08,9.99999e-01,9.99999e-01,9.99999e-01,9.99979e-01,2.89967e-08,9.99999e-01
4.576607403e-01,4.08538e-08,9.99999e-01,9.99999e-01,9.99999e-01,9.99990e-01,4.08542e-08,9.99999e-01
4.599490440e-01,5.71716e-08,9.99999e-01,9.99999e-01,9.99999e-01,9.99993e-01,5.71719e-08,9.99999e-01
4.622487892e-01,7.94778e-08,9.99999e-01,9.99999e-01,9.99999e-01,9.99998e-01,7.94779e-08,9.99999e-01
4.645600332e-01,1.09770e-07,9.99999e-01,9.99999e-01,9.99999e-01,9.99995e-01,1.09770e-07,9.99999e-01
4.668828333e-01,1.50633e-07,9.99999e-01,9.99999e-01,9.99999e-01,9.99925e-01,1.50644e-07,9.99999e-01
4.692172475e-01,2.05417e-07,9.99999e-01,9.99999e-01,9.99999e-01,9.99841e-01,2.05449e-07,9.99999e-01
4.715633337e-01,2.78452e-07,9.99999e-01,9.99999e-01,9.99999e-01,9.99896e-01,2.78481e-07,9.99999e-01
4.739211504e-01,3.75175e-07,9.99999e-01,9.99999e-01,9.99999e-01,9.99900e-01,3.75212e-07,9.99999e-01
4.762907561e-01,5.02549e-07,9.99999e-01,9.99999e-01,9.99999e-01,9.99948e-01,5.02574e-07,9.99999e-01
4.786722099e-01,6.69280e-07,9.99999e-01,9.99999e-01,9.99999e-01,9.99978e-01,6.69294e-07,9.99999e-01
4.810655710e-01,8.86286e-07,9.99999e-01,9.99999e-01,9.99999e-01,9.99993e-01,8.86292e-07,9.99999e-01
4.834708988e-01,1.16708e-06,9.99999e-01,9.99999e-01,9.99999e-01,9.99938e-01,1.16715e-06,9.99999e-01
4.858882533e-01,1.52851e-06,9.99999e-01,9.99999e-01,9.99999e-01,9.99887e-01,1.52868e-06,9.99999e-01
4.883176946e-01,1.99136e-06,9.99999e-01,9.99999e-01,9.99999e-01,9.99906e-01,1.99154e-06,9.99999e-01
4.907592831e-01,2.58082e-06,9.99999e-01,9.99999e-01,9.99999e-01,9.99915e-01,2.58104e-06,9.99999e-01
4.932130795e-01,3.32774e-06,9.99999e-01,9.99999e-01,9.99999e-01,9.99939e-01,3.32794e-06,9.99999e-01
4.956791449e-01,4.26936e-06,9.99999e-01,9.99999e-01,9.99999e-01,9.99967e-01,4.26950e-06,9.99999e-01
4.981575406e-01,5.44968e-06,9.99999e-01,9.99999e-01,9.99999e-01,9.99840e-01,5.45055e-06,9.99999e-01
5.006483283e-01,6.92195e-06,9.99999e-01,9.99999e-01,9.99999e-01,9.99587e-01,6.92482e-06,9.99996e-01
5.031515699e-01,8.73791e-06,9.99999e-01,9.99999e-01,9.99999e-01,9.97915e-01,8.75635e-06,9.99977e-01
5.056673278e-01,1.10087e-05,9.99999e-01,9.99999e-01,9.99999e-01,9.98899e-01,1.10211e-05,9.99974e-01
5.081956644e-01,1.37893e-05,9.99999e-01,9.99999e-01,9.99999e-01,9.98612e-01,1.38087e-05,9.99983e-01
5.107366428e-01,1.72083e-05,9.99999e-01,9.99999e-01,9.99999e-01,9.99062e-01,1.72245e-05,9.99996e-01
5.132903260e-01,2.13802e-05,9.99999e-01,9.99999e-01,9.99999e-01,9.99464e-01,2.13917e-05,9.99999e-01
5.158567776e-01,2.64476e-05,9.99999e-01,9.99999e-01,9.99999e-01,9.99773e-01,2.64536e-05,9.99999e-01
5.184360615e-01,3.25733e-05,9.99999e-01,9.99999e-01,9.99999e-01,9.99909e-01,3.25763e-05,9.99999e-01
5.210282418e-01,3.99501e-05,9.99999e-01,9.99999e-01,9.99999e-01,9.99965e-01,3.99515e-05,9.99999e-01
5.236333830e-01,4.87926e-05,9.99999e-01,9.99999e-01,9.99999e-01,9.99863e-01,4.87993e-05,9.99998e-01
5.262515499e-01,5.93664e-05,9.99999e-01,9.99999e-01,9.99999e-01,9.99914e-01,5.93715e-05,9.99998e-01
5.288828077e-01,7.19492e-05,9.99999e-01,9.99999e-01,9.99999e-01,9.99921e-01,7.19549e-05,9.99998e-01
5.315272217e-01,8.68688e-05,9.99999e-01,9.99999e-01,9.99999e-01,9.99931e-01,8.68747e-05,9.99999e-01
5.341848578e-01,1.04494e-04,9.99999e-01,9.99999e-01,9.99999e-01,9.99954e-01,1.04499e-04,9.99999e-01
5.368557821e-01,1.25220e-04,9.99999e-01,9.99999e-01,9.99999e-01,9.99841e-01,1.25240e-04,9.99999e-01
5.395400610e-01,1.49476e-04,9.99999e-01,9.99999e-01,9.99999e-01,9.99428e-01,1.49562e-04,9.99994e-01
5.422377613e-01,1.77849e-04,9.99999e-01,9.99999e-01,9.99999e-01,9.99261e-01,1.77983e-04,9.99986e-01
5.449489501e-01,2.10930e-04,9.99999e-01,9.99999e-01,9.99999e-01,9.99312e-01,2.11078e-04,9.99985e-01
5.476736949e-01,2.49332e-04,9.99999e-01,9.99999e-01,9.99999e-01,9.99391e-01,2.49485e-04,9.99992e-01
5.504120634e-01,2.93778e-04,9.99999e-01,9.99999e-01,9.99999e-01,9.99558e-01,2.93908e-04,9.99997e-01
5.531641237e-01,3.45046e-04,9.99999e-01,9.99999e-01,9.99999e-01,9.99777e-01,3.45123e-04,9.99999e-01
5.559299443e-01,4.03934e-04,9.99999e-01,9.99999e-01,9.99999e-01,9.99892e-01,4.03977e-04,9.99999e-01
5.587095940e-01,4.71369e-04,9.99999e-01,9.99999e-01,9.99999e-01,9.99932e-01,4.71400e-04,9.99999e-01
5.615031420e-01,5.48360e-04,9.99999e-01,9.99999e-01,9.99999e-01,9.99924e-01,5.48401e-04,9.99999e-01
5.643106577e-01,6.36022e-04,9.99999e-01,9.99999e-01,9.99999e-01,9.99914e-01,6.36077e-04,9.99998e-01
5.671322110e-01,7.34844e-04,9.99999e-01,9.99999e-01,9.99999e-01,9.98966e-01,7.35611e-04,9.99990e-01
5.699678720e-01,8.47328e-04,9.99999e-01,9.99999e-01,9.99999e-01,9.98904e-01,8.48281e-04,9.99971e-01
5.728177114e-01,9.74321e-04,9.99999e-01,9.99999e-01,9.99999e-01,9.98857e-01,9.75458e-04,9.99976e-01
5.756818000e-01,1.11742e-03,9.99999e-01,9.99999e-01,9.99999e-01,9.98951e-01,1.11861e-03,9.99985e-01
5.785602090e-01,1.27813e-03,9.99999e-01,9.99999e-01,9.99999e-01,9.99086e-01,1.27931e-03,9.99995e-01
5.814530100e-01,1.45787e-03,9.99999e-01,9.99999e-01,9.99999e-01,9.99082e-01,1.45922e-03,9.99997e-01
5.843602750e-01,1.65828e-03,9.99999e-01,9.99999e-01,9.99999e-01,9.98905e-01,1.66010e-03,9.99993e-01
5.872820764e-01,1.86603e-03,9.99999e-01,9.99999e-01,9.99999e-01,9.90608e-01,1.88384e-03,9.99933e-01
5.902184868e-01,2.10778e-03,9.99999e-01,9.99999e-01,9.99999e-01,9.88630e-01,2.13240e-03,9.99819e-01
5.931695792e-01,2.38808e-03,9.99999e-01,9.99999e-01,9.99999e-01,9.91958e-01,2.40785e-03,9.99826e-01
5.961354271e-01,2.68820e-03,9.99999e-01,9.99999e-01,9.99999e-01,9.91186e-01,2.71237e-03,9.99899e-01
5.991161043e-01,3.02852e-03,9.99999e-01,9.99999e-01,9.99999e-01,9.93564e-01,3.04823e-03,9.99968e-01
6.021116848e-01,3.40527e-03,9.99999e-01,9.99999e-01,9.99999e-01,9.96344e-01,3.41778e-03,9.99996e-01
6.051222432e-01,3.81640e-03,9.99999e-01,9.99999e-01,9.99999e-01,9.98148e-01,3.82347e-03,9.99999e-01
6.081478544e-01,4.26446e-03,9.99999e-01,9.99999e-01,9.99999e-01,9.99200e-01,4.26786e-03,9.99999e-01
6.111885937e-01,4.75196e-03,9.99999e-01,9.99999e-01,9.99999e-01,9.99661e-01,4.75357e-03,9.99999e-01
6.142445367e-01,5.28249e-03,9.99999e-01,9.99999e-01,9.99999e-01,9.99848e-01,5.28329e-03,9.99999e-01
6.173157594e-01,5.85931e-03,9.99999e-01,9.99999e-01,9.99999e-01,9.99916e-01,5.85980e-03,9.99999e-01
6.204023382e-01,6.48548e-03,9.99999e-01,9.99999e-01,9.99999e-01,9.99929e-01,6.48593e-03,9.99999e-01
6.235043498e-01,7.16236e-03,9.99999e-01,9.99999e-01,9.99999e-01,9.99688e-01,7.16459e-03,9.99998e-01
6.266218716e-01,7.88566e-03,9.99999e-01,9.99999e-01,9.99999e-01,9.98357e-01,7.89872e-03,9.99987e-01
6.297549810e-01,8.68587e-03,9.99999e-01,9.99999e-01,9.99999e-01,9.99397e-01,8.69131e-03,9.99976e-01
6.329037559e-01,9.53385e-03,9.99999e-01,9.99999e-01,9.99999e-01,9.98809e-01,9.54538e-03,9.99981e-01
6.360682746e-01,1.04533e-02,9.99999e-01,9.99999e-01,9.99999e-01,9.98985e-01,1.04640e-02,9.99988e-01
6.392486160e-01,1.14351e-02,9.99999e-01,9.99999e-01,9.99999e-01,9.98685e-01,1.14502e-02,9.99994e-01
6.424448591e-01,1.24850e-02,9.99999e-01,9.99999e-01,9.99999e-01,9.98240e-01,1.25071e-02,9.99991e-01
6.456570834e-01,1.35260e-02,9.99999e-01,9.99999e-01,9.99999e-01,9.91853e-01,1.36377e-02,9.99954e-01
6.488853688e-01,1.47548e-02,9.99999e-01,9.99999e-01,9.99999e-01,9.94037e-01,1.48452e-02,9.99872e-01
6.521297956e-01,1.60328e-02,9.99999e-01,9.99999e-01,9.99999e-01,9.93923e-01,1.61325e-02,9.99895e-01
6.553904446e-01,1.73953e-02,9.99999e-01,9.99999e-01,9.99999e-01,9.93945e-01,1.75027e-02,9.99921e-01
6.586673968e-01,1.88599e-02,9.99999e-01,9.99999e-01,9.99999e-01,9.94815e-01,1.89586e-02,9.99973e-01
6.619607338e-01,2.04439e-02,9.99999e-01,9.99999e-01,9.99999e-01,9.97107e-01,2.05033e-02,9.99993e-01
6.652705375e-01,2.21011e-02,9.99999e-01,9.99999e-01,9.99999e-01,9.98263e-01,2.21396e-02,9.99996e-01
6.685968902e-01,2.38510e-02,9.99999e-01,9.99999e-01,9.99999e-01,9.99192e-01,2.38703e-02,9.99999e-01
6.719398746e-01,2.56884e-02,9.99999e-01,9.99999e-01,9.99999e-01,9.99625e-01,2.56980e-02,9.99999e-01
6.752995740e-01,2.76197e-02,9.99999e-01,9.99999e-01,9.99999e-01,9.99796e-01,2.76253e-02,9.99999e-01
6.786760719e-01,2.96461e-02,9.99999e-01,9.99999e-01,9.99999e-01,9.99706e-01,2.96548e-02,9.99999e-01
6.820694522e-01,3.17728e-02,9.99999e-01,9.99999e-01,9.99999e-01,9.99498e-01,3.17889e-02,9.99996e-01
6.854797995e-01,3.40076e-02,9.99999e-01,9.99999e-01,9.99999e-01,9.99353e-01,3.40297e-02,9.99993e-01
6.889071985e-01,3.63221e-02,9.99999e-01,9.99999e-01,9.99999e-01,9.98433e-01,3.63796e-02,9.99985e-01
6.923517345e-01,3.78548e-02,9.99999e-01,9.99999e-01,9.99999e-01,9.74741e-01,3.88405e-02,9.99877e-01
6.958134932e-01,4.08574e-02,9.99999e-01,9.99999e-01,9.99999e-01,9.86821e-01,4.14143e-02,9.99728e-01
6.992925606e-01,4.35379e-02,9.99999e-01,9.99999e-01,9.99999e-01,9.87436e-01,4.41026e-02,9.99755e-01
7.027890234e-01,4.61725e-02,9.99999e-01,9.99999e-01,9.99999e-01,9.84518e-01,4.69072e-02,9.99813e-01
7.063029686e-01,4.91753e-02,9.99999e-01,9.99999e-01,9.99999e-01,9.86963e-01,4.98294e-02,9.99906e-01
7.098344834e-01,5.22062e-02,9.99999e-01,9.99999e-01,9.99999e-01,9.87487e-01,5.28706e-02,9.99944e-01
7.133836558e-01,5.50932e-02,9.99999e-01,9.99999e-01,9.99999e-01,9.83357e-01,5.60317e-02,9.99890e-01
7.169505741e-01,5.18377e-02,9.99999e-01,9.99999e-01,9.99999e-01,8.74707e-01,5.93137e-02,9.99141e-01
7.205353270e-01,5.86481e-02,9.99999e-01,9.99999e-01,9.99999e-01,9.36533e-01,6.27174e-02,9.98485e-01
7.241380036e-01,6.08553e-02,9.99999e-01,9.99999e-01,9.99999e-01,9.19864e-01,6.62434e-02,9.98692e-01
7.277586936e-01,6.47500e-02,9.99999e-01,9.99999e-01,9.99999e-01,9.27418e-01,6.98921e-02,9.98930e-01
7.313974871e-01,6.79480e-02,9.99999e-01,9.99999e-01,9.99999e-01,9.22869e-01,7.36637e-02,9.99498e-01
7.350544745e-01,7.42144e-02,9.99999e-01,9.99999e-01,9.99999e-01,9.57051e-01,7.75583e-02,9.99825e-01
7.387297469e-01,7.89740e-02,9.99999e-01,9.99999e-01,9.99999e-01,9.68183e-01,8.15757e-02,9.99919e-01
7.424233956e-01,8.43689e-02,9.99999e-01,9.99999e-01,9.99999e-01,9.84303e-01,8.57156e-02,9.99984e-01
7.461355126e-01,8.91188e-02,9.99999e-01,9.99999e-01,9.99999e-01,9.90457e-01,8.99777e-02,9.99996e-01
7.498661902e-01,9.39410e-02,9.99999e-01,9.99999e-01,9.99999e-01,9.95547e-01,9.43611e-02,9.99998e-01
7.536155211e-01,9.86490e-02,9.99999e-01,9.99999e-01,9.99999e-01,9.97813e-01,9.88652e-02,9.99998e-01
7.573835987e-01,1.03372e-01,9.99999e-01,9.99999e-01,9.99999e-01,9.98873e-01,1.03489e-01,9.99999e-01
7.611705167e-01,1.08155e-01,9.99999e-01,9.99999e-01,9.99999e-01,9.99300e-01,1.08231e-01,9.99999e-01
7.649763693e-01,1.13041e-01,9.99999e-01,9.99999e-01,9.99999e-01,9.99561e-01,1.13091e-01,9.99999e-01
7.688012511e-01,1.18030e-01,9.99999e-01,9.99999e-01,9.99999e-01,9.99694e-01,1.18066e-01,9.99999e-01
7.726452574e-01,1.23124e-01,9.99999e-01,9.99999e-01,9.99999e-01,9.99748e-01,1.23155e-01,9.99999e-01
7.765084837e-01,1.28310e-01,9.99999e-01,9.99999e-01,9.99999e-01,9.99642e-01,1.28356e-01,9.99999e-01
7.803910261e-01,1.22895e-01,9.99999e-01,9.99999e-01,9.20721e-01,9.98455e-01,1.33668e-01,9.99998e-01
7.842929812e-01,9.29580e-02,9.99999e-01,9.99999e-01,6.71558e-01,9.94617e-01,1.39088e-01,9.99989e-01
7.882144461e-01,9.39096e-02,9.99999e-01,9.99999e-01,6.56011e-01,9.88947e-01,1.44615e-01,9.99923e-01
7.921555184e-01,1.15486e-01,9.99999e-01,9.99999e-01,7.73169e-01,9.93929e-01,1.50245e-01,9.99867e-01
7.961162960e-01,1.29714e-01,9.99999e-01,9.99999e-01,8.40517e-01,9.89284e-01,1.55977e-01,9.99873e-01
8.000968774e-01,1.45418e-01,9.99999e-01,9.99999e-01,9.09993e-01,9.87630e-01,1.61808e-01,9.99865e-01
8.040973618e-01,1.57747e-01,9.99999e-01,9.99999e-01,9.52268e-01,9.87627e-01,1.67735e-01,9.99893e-01
8.081178486e-01,1.65196e-01,9.99999e-01,9.99999e-01,9.77770e-01,9.72341e-01,1.73756e-01,9.99899e-01
8.121584379e-01,1.58960e-01,9.99999e-01,9.99999e-01,9.93090e-01,8.90095e-01,1.79868e-01,9.99607e-01
8.162192301e-01,1.61627e-01,9.99999e-01,9.99999e-01,9.98470e-01,8.71196e-01,1.86067e-01,9.98526e-01
8.203003262e-01,1.79411e-01,9.99999e-01,9.99999e-01,9.99977e-01,9.34349e-01,1.92351e-01,9.98275e-01
8.244018279e-01,1.80617e-01,9.99999e-01,9.99999e-01,9.99999e-01,9.10163e-01,1.98718e-01,9.98626e-01
8.285238370e-01,1.88695e-01,9.99999e-01,9.99999e-01,9.99999e-01,9.20726e-01,2.05162e-01,9.98921e-01
8.326664562e-01,1.94664e-01,9.99999e-01,9.99999e-01,9.99999e-01,9.20014e-01,2.11683e-01,9.99553e-01
8.368297885e-01,2.05598e-01,9.99999e-01,9.99999e-01,9.99999e-01,9.42013e-01,2.18276e-01,9.99897e-01
8.410139374e-01,2.17076e-01,9.99999e-01,9.99999e-01,9.99999e-01,9.65110e-01,2.24937e-01,9.99939e-01
8.452190071e-01,2.27656e-01,9.99999e-01,9.99999e-01,9.99999e-01,9.82732e-01,2.31665e-01,9.99963e-01
8.494451021e-01,2.36049e-01,9.99999e-01,9.99999e-01,9.99999e-01,9.89941e-01,2.38454e-01,9.99970e-01
8.536923276e-01,2.43838e-01,9.99999e-01,9.99999e-01,9.99999e-01,9.94042e-01,2.45303e-01,9.99982e-01
8.579607893e-01,2.51280e-01,9.99999e-01,9.99999e-01,9.99999e-01,9.96326e-01,2.52207e-01,9.99995e-01
8.622505932e-01,2.58559e-01,9.99999e-01,9.99999e-01,9.99999e-01,9.97665e-01,2.59164e-01,9.99998e-01
8.665618462e-01,2.32558e-01,9.99999e-01,9.99999e-01,8.74908e-01,9.98555e-01,2.66169e-01,9.99999e-01
8.708946554e-01,1.02072e-01,9.99999e-01,9.99999e-01,3.74159e-01,9.98345e-01,2.73220e-01,9.99998e-01
8.752491287e-01,1.23798e-01,9.99999e-01,9.99999e-01,4.42558e-01,9.97787e-01,2.80313e-01,9.99997e-01
8.796253743e-01,1.81352e-01,9.99999e-01,9.99999e-01,6.32716e-01,9.96935e-01,2.87444e-01,9.99992e-01
8.840235012e-01,2.30711e-01,9.99999e-01,9.99999e-01,7.85762e-01,9.96500e-01,2.94610e-01,9.99978e-01
8.884436187e-01,2.70905e-01,9.99999e-01,9.99999e-01,9.08902e-01,9.87303e-01,3.01809e-01,9.99938e-01
8.928858368e-01,2.60234e-01,9.99999e-01,9.99999e-01,9.61958e-01,8.74893e-01,3.09036e-01,9.99649e-01
8.973502660e-01,2.47274e-01,9.99999e-01,9.99999e-01,9.90631e-01,7.90211e-01,3.16287e-01,9.98208e-01
9.018370173e-01,2.85874e-01,9.99999e-01,9.99999e-01,9.98963e-01,8.86864e-01,3.23561e-01,9.97184e-01
9.063462024e-01,2.89727e-01,9.99999e-01,9.99999e-01,9.74015e-01,8.99322e-01,3.30854e-01,9.97526e-01
9.108779334e-01,2.69479e-01,9.99999e-01,9.99999e-01,9.40725e-01,8.47640e-01,3.38162e-01,9.97429e-01
9.154323231e-01,2.81761e-01,9.99999e-01,9.99999e-01,9.85769e-01,8.28429e-01,3.45482e-01,9.97874e-01
9.200094847e-01,2.56871e-01,9.99999e-01,9.99999e-01,8.29657e-01,8.63272e-01,3.52811e-01,9.98809e-01
9.246095321e-01,2.15930e-01,9.99999e-01,9.99999e-01,7.42619e-01,7.99151e-01,3.60147e-01,9.98628e-01
9.292325798e-01,7.30165e-02,9.99999e-01,9.99999e-01,7.94587e-01,2.39966e-01,3.67486e-01,9.94664e-01
9.338787427e-01,4.86892e-02,9.99999e-01,9.99999e-01,7.99089e-01,1.59127e-01,3.74825e-01,9.78127e-01
9.385481364e-01,1.52329e-01,9.99999e-01,9.99999e-01,8.47076e-01,4.73201e-01,3.82161e-01,9.74040e-01
9.432408771e-01,1.27072e-01,9.99999e-01,9.99999e-01,9.02995e-01,3.65232e-01,3.89491e-01,9.77563e-01
9.479570815e-01,9.28751e-02,9.99999e-01,9.99999e-01,9.48943e-01,2.49768e-01,3.96813e-01,9.81701e-01
9.526968669e-01,1.34127e-01,9.99999e-01,9.99999e-01,9.75075e-01,3.42730e-01,4.04125e-01,9.88798e-01
9.574603512e-01,1.46491e-01,9.99999e-01,9.99999e-01,9.89258e-01,3.61382e-01,4.11422e-01,9.94294e-01
9.622476530e-01,1.79490e-01,9.99999e-01,9.99999e-01,9.96637e-01,4.31620e-01,4.18703e-01,9.96050e-01
9.670588912e-01,2.60478e-01,9.99999e-01,9.99999e-01,9.98991e-01,6.13694e-01,4.25966e-01,9.97297e-01
9.718941857e-01,3.16574e-01,9.99999e-01,9.99999e-01,9.99928e-01,7.32268e-01,4.33207e-01,9.98009e-01
9.767536566e-01,3.39405e-01,9.99999e-01,9.99999e-01,9.99999e-01,7.71806e-01,4.40425e-01,9.98478e-01
9.816374249e-01,3.68986e-01,9.99999e-01,9.99999e-01,9.99999e-01,8.24770e-01,4.47616e-01,9.99472e-01
9.865456120e-01,4.03051e-01,9.99999e-01,9.99999e-01,9.99999e-01,8.86351e-01,4.54780e-01,9.99889e-01
9.914783401e-01,4.28654e-01,9.99999e-01,9.99999e-01,9.99999e-01,9.28023e-01,4.61913e-01,9.99969e-01
9.964357318e-01,4.50310e-01,9.99999e-01,9.99999e-01,9.99999e-01,9.60134e-01,4.69015e-01,9.99981e-01
1.001417910e+00,4.64599e-01,9.99999e-01,9.99999e-01,9.99999e-01,9.75906e-01,4.76081e-01,9.99972e-01
1.006425000e+00,4.76422e-01,9.99999e-01,9.99999e-01,9.99999e-01,9.86189e-01,4.83112e-01,9.99960e-01
1.011457125e+00,4.85877e-01,9.99999e-01,9.99999e-01,9.99999e-01,9.91409e-01,4.90104e-01,9.99963e-01
1.016514411e+00,4.94142e-01,9.99999e-01,9.99999e-01,9.99999e-01,9.94159e-01,4.97057e-01,9.99974e-01
1.021596983e+00,5.01538e-01,9.99999e-01,9.99999e-01,9.99857e-01,9.95343e-01,5.03968e-01,9.99974e-01
1.026704968e+00,5.03723e-01,9.99999e-01,9.99999e-01,9.89676e-01,9.96366e-01,5.10836e-01,9.99982e-01
1.031838492e+00,4.70926e-01,9.99999e-01,9.99999e-01,9.12011e-01,9.97358e-01,5.17659e-01,9.99994e-01
1.036997685e+00,3.04736e-02,9.99999e-01,9.99999e-01,5.81767e-02,9.98430e-01,5.24435e-01,9.99998e-01
1.042182673e+00,3.12646e-03,9.99999e-01,9.99999e-01,5.89467e-03,9.98127e-01,5.31164e-01,9.99999e-01
1.047393587e+00,7.44361e-03,9.99999e-01,9.99999e-01,1.38686e-02,9.97518e-01,5.37843e-01,9.99999e-01
1.052630555e+00,2.06535e-06,9.99999e-01,9.99999e-01,3.80157e-06,9.96595e-01,5.44473e-01,9.99998e-01
1.057893707e+00,7.72742e-06,9.99999e-01,9.99999e-01,1.40657e-05,9.94321e-01,5.51050e-01,9.99997e-01
1.063183176e+00,1.38205e-04,9.99999e-01,9.99999e-01,2.49243e-04,9.90673e-01,5.57575e-01,9.99994e-01
1.068499092e+00,1.15286e-03,9.99999e-01,9.99999e-01,2.06610e-03,9.84433e-01,5.64046e-01,9.99988e-01
1.073841587e+00,1.06283e-02,9.99999e-01,9.99999e-01,1.88849e-02,9.81815e-01,5.70462e-01,9.99976e-01
1.079210795e+00,4.65891e-02,9.99999e-01,9.99999e-01,8.23116e-02,9.76750e-01,5.76822e-01,9.99936e-01
1.084606849e+00,1.37705e-01,9.99999e-01,9.99999e-01,2.43789e-01,9.65029e-01,5.83125e-01,9.99848e-01
1.090029883e+00,2.68436e-01,9.99999e-01,9.99999e-01,4.77750e-01,9.50192e-01,5.89371e-01,9.99687e-01
1.095480033e+00,3.60924e-01,9.99999e-01,9.99999e-01,6.94080e-01,8.70149e-01,5.95558e-01,9.99434e-01
1.100957433e+00,3.56482e-01,9.99999e-01,9.99999e-01,8.37998e-01,7.04275e-01,6.01686e-01,9.98960e-01
1.106462220e+00,2.38944e-01,9.99999e-01,9.99999e-01,9.29433e-01,4.21085e-01,6.07754e-01,9.98237e-01
1.111994531e+00,1.00767e-01,9.99999e-01,9.99999e-01,9.73212e-01,1.68751e-01,6.13761e-01,9.95327e-01
1.117554504e+00,3.68620e-02,9.99999e-01,9.99999e-01,9.93398e-01,6.07481e-02,6.19708e-01,9.83233e-01
1.123142276e+00,8.65085e-02,9.99999e-01,9.99999e-01,9.99565e-01,1.43950e-01,6.25593e-01,9.60695e-01
1.128757988e+00,1.59532e-01,9.99999e-01,9.99999e-01,9.99999e-01,2.64653e-01,6.31416e-01,9.54673e-01
1.134401778e+00,7.28272e-02,9.99999e-01,9.99999e-01,9.99999e-01,1.18895e-01,6.37177e-01,9.61325e-01
1.140073787e+00,2.73283e-01,9.99999e-01,9.99999e-01,9.99999e-01,4.38704e-01,6.42875e-01,9.68977e-01
1.145774156e+00,1.23527e-01,9.99999e-01,9.99999e-01,9.99999e-01,1.96052e-01,6.48509e-01,9.71565e-01
1.151503026e+00,1.06593e-01,9.99999e-01,9.99999e-01,9.99999e-01,1.65605e-01,6.54081e-01,9.84058e-01
1.157260541e+00,1.33684e-01,9.99999e-01,9.99999e-01,9.99999e-01,2.03654e-01,6.59589e-01,9.95206e-01
1.163046844e+00,2.02796e-01,9.99999e-01,9.99999e-01,9.99999e-01,3.05357e-01,6.65033e-01,9.98638e-01
1.168862078e+00,2.88026e-01,9.99999e-01,9.99999e-01,9.99999e-01,4.29926e-01,6.70413e-01,9.99298e-01
1.174706389e+00,4.00483e-01,9.99999e-01,9.99999e-01,9.99999e-01,5.93220e-01,6.75729e-01,9.99070e-01
1.180579921e+00,4.94069e-01,9.99999e-01,9.99999e-01,9.99999e-01,7.26546e-01,6.80981e-01,9.98594e-01
1.186482820e+00,5.71425e-01,9.99999e-01,9.99999e-01,9.99980e-01,8.33992e-01,6.86168e-01,9.98557e-01
1.192415234e+00,5.99663e-01,9.99999e-01,9.99999e-01,9.64603e-01,8.99274e-01,6.91292e-01,9.98919e-01
1.198377311e+00,3.38335e-01,9.99999e-01,9.99999e-01,5.23972e-01,9.14426e-01,6.96352e-01,9.98979e-01
1.204369197e+00,4.04592e-27,9.99999e-01,9.99999e-01,6.06373e-27,9.19022e-01,7.01347e-01,9.99076e-01
1.210391043e+00,5.07332e-109,9.99999e-01,9.99999e-01,7.51795e-109,9.22312e-01,7.06279e-01,9.99437e-01
1.216442998e+00,2.25151e-94,9.99999e-01,9.99999e-01,3.30506e-94,9.33532e-01,7.11147e-01,9.99655e-01
1.222525213e+00,5.91109e-93,9.99999e-01,9.99999e-01,8.48930e-93,9.47796e-01,7.15952e-01,9.99785e-01
1.228637839e+00,9.43801e-72,9.99999e-01,9.99999e-01,1.34298e-71,9.63444e-01,7.20693e-01,9.99900e-01
1.234781029e+00,9.86479e-45,9.99999e-01,9.99999e-01,1.37634e-44,9.72732e-01,7.25370e-01,9.99971e-01
1.240954934e+00,1.00553e-29,9.99999e-01,9.99999e-01,1.39237e-29,9.82670e-01,7.29985e-01,9.99991e-01
1.247159708e+00,1.85108e-14,9.99999e-01,9.99999e-01,2.54037e-14,9.86478e-01,7.34538e-01,9.99994e-01
1.253395507e+00,8.22066e-10,9.99999e-01,9.99999e-01,1.12183e-09,9.87985e-01,7.39027e-01,9.99992e-01
1.259662485e+00,6.26297e-06,9.99999e-01,9.99999e-01,8.49423e-06,9.88582e-01,7.43455e-01,9.99988e-01
1.265960797e+00,1.14485e-03,9.99999e-01,9.99999e-01,1.54919e-03,9.81821e-01,7.47821e-01,9.99981e-01
1.272290601e+00,3.66029e-02,9.99999e-01,9.99999e-01,4.98214e-02,9.71591e-01,7.52126e-01,9.99968e-01
1.278652054e+00,3.24517e-02,9.99999e-01,9.99999e-01,4.45690e-02,9.44384e-01,7.56370e-01,9.99944e-01
1.285045314e+00,5.31849e-05,9.99999e-01,9.99999e-01,7.29253e-05,9.01593e-01,7.60553e-01,9.99895e-01
1.291470541e+00,4.76513e-13,9.99999e-01,9.99999e-01,6.89645e-13,8.34980e-01,7.64676e-01,9.99817e-01
1.297927893e+00,7.78858e-06,9.99999e-01,9.99999e-01,1.12760e-05,7.91153e-01,7.68739e-01,9.99660e-01
1.304417533e+00,2.44834e-03,9.99999e-01,9.99999e-01,4.01074e-03,7.40620e-01,7.72743e-01,9.99281e-01
1.310939621e+00,6.35799e-04,9.99999e-01,9.99999e-01,9.96095e-04,7.08988e-01,7.76688e-01,9.98524e-01
1.317494319e+00,2.71959e-37,9.99999e-01,9.99999e-01,4.27975e-37,6.89355e-01,7.80575e-01,9.97273e-01
1.324081790e+00,1.32849e-24,9.99999e-01,9.99999e-01,2.18902e-24,5.76976e-01,7.84404e-01,9.95552e-01
1.330702199e+00,6.75675e-15,9.99999e-01,9.99999e-01,1.81908e-14,1.78410e-01,7.88175e-01,9.92343e-01
1.337355710e+00,6.03129e-15,9.99999e-01,9.99999e-01,2.64396e-13,6.92878e-03,7.91890e-01,9.85306e-01
1.344042489e+00,5.23465e-16,9.99999e-01,9.99999e-01,1.31549e-13,1.58361e-04,7.95548e-01,9.56395e-01
1.350762701e+00,1.25262e-24,9.99999e-01,9.99999e-01,9.16286e-15,2.10428e-11,7.99150e-01,8.58436e-01
1.357516515e+00,5.49602e-24,9.99999e-01,9.99999e-01,4.24997e-09,1.24882e-16,8.02697e-01,6.38922e-01
1.364304097e+00,4.74000e-16,9.99999e-01,9.99999e-01,1.17541e-06,1.83544e-10,8.06189e-01,4.56071e-01
1.371125618e+00,8.63568e-10,9.99999e-01,9.99999e-01,9.49715e-04,7.92349e-07,8.09627e-01,4.77019e-01
1.377981246e+00,7.24203e-09,9.99999e-01,9.99999e-01,2.48334e-03,2.62270e-06,8.13012e-01,5.30204e-01
1.384871152e+00,1.26046e-10,9.99999e-01,9.99999e-01,3.02332e-02,5.04936e-09,8.16343e-01,5.53644e-01
1.391795508e+00,6.90678e-12,9.99999e-01,9.99999e-01,3.97668e-02,1.67386e-10,8.19621e-01,5.69171e-01
1.398754485e+00,1.88666e-09,9.99999e-01,9.99999e-01,1.31606e-01,2.12501e-08,8.22848e-01,6.27799e-01
1.405748258e+00,4.37462e-09,9.99999e-01,9.99999e-01,2.28047e-01,2.32573e-08,8.26023e-01,7.61740e-01
1.412776999e+00,9.92239e-09,9.99999e-01,9.99999e-01,3.90401e-01,2.60471e-08,8.29148e-01,8.83154e-01
1.419840884e+00,2.13869e-08,9.99999e-01,9.99999e-01,3.61264e-01,5.21505e-08,8.32222e-01,9.46975e-01
1.426940089e+00,1.67684e-06,9.99999e-01,9.99999e-01,1.43355e-02,6.31718e-06,8.35246e-01,9.59453e-01
1.434074789e+00,0.00000e+00,9.99999e-01,9.99999e-01,0.00000e+00,5.52293e-05,8.38222e-01,9.52330e-01
1.441245163e+00,0.00000e+00,9.99999e-01,9.99999e-01,0.00000e+00,3.30820e-04,8.41149e-01,9.48470e-01
1.448451389e+00,0.00000e+00,9.99998e-01,9.99999e-01,0.00000e+00,4.04095e-03,8.44028e-01,9.54733e-01
1.455693646e+00,0.00000e+00,9.99999e-01,9.99999e-01,0.00000e+00,2.30860e-02,8.46859e-01,9.64597e-01
1.462972114e+00,0.00000e+00,9.99999e-01,9.99999e-01,0.00000e+00,3.35171e-02,8.49644e-01,9.66207e-01
1.470286975e+00,1.37544e-181,9.99999e-01,9.99999e-01,1.86929e-180,1.98482e-02,8.52383e-01,9.66773e-01
1.477638409e+00,2.23635e-114,9.99999e-01,9.99999e-01,2.99666e-113,2.82433e-02,8.55077e-01,9.77446e-01
1.485026601e+00,7.19368e-64,9.99999e-01,9.99999e-01,7.14663e-63,4.93936e-02,8.57725e-01,9.89555e-01
1.492451734e+00,2.79114e-54,9.99999e-01,9.99999e-01,1.55762e-53,1.09988e-01,8.60329e-01,9.95421e-01
1.499913993e+00,1.91522e-23,9.99999e-01,9.99999e-01,5.39557e-23,2.17164e-01,8.62890e-01,9.98022e-01
1.507413563e+00,3.50218e-22,9.99999e-01,9.99999e-01,9.45265e-22,3.29424e-01,8.65407e-01,9.99071e-01
1.514950631e+00,1.52285e-23,9.99999e-01,9.99999e-01,2.78300e-23,4.94964e-01,8.67881e-01,9.99565e-01
1.522525384e+00,1.41356e-80,9.99999e-01,9.99999e-01,2.21663e-80,6.33203e-01,8.70314e-01,9.99839e-01
1.530138011e+00,8.90353e-193,9.99999e-01,9.99999e-01,1.22760e-192,7.13804e-01,8.72705e-01,9.99944e-01
1.537788701e+00,1.73063e-142,9.99999e-01,9.99999e-01,2.24836e-142,8.26200e-01,8.75055e-01,9.99974e-01
1.545477645e+00,8.73467e-30,9.99999e-01,9.99999e-01,1.08091e-29,8.85284e-01,8.77365e-01,9.99986e-01
1.553205033e+00,9.19777e-22,9.99999e-01,9.99999e-01,1.11949e-21,9.05304e-01,8.79635e-01,9.99991e-01
1.560971058e+00,5.22996e-22,9.99999e-01,9.99999e-01,6.14595e-22,9.40196e-01,8.81866e-01,9.99994e-01
1.568775913e+00,0.00000e+00,9.99999e-01,9.99999e-01,0.00000e+00,9.60120e-01,8.84059e-01,9.99995e-01
1.576619793e+00,0.00000e+00,9.99999e-01,9.99999e-01,0.00000e+00,9.68884e-01,8.86213e-01,9.99995e-01
1.584502892e+00,0.00000e+00,9.99999e-01,9.99999e-01,0.00000e+00,9.80971e-01,8.88331e-01,9.99993e-01
1.592425406e+00,0.00000e+00,9.99999e-01,9.99999e-01,0.00000e+00,9.82364e-01,8.90411e-01,9.99990e-01
1.600387533e+00,0.00000e+00,9.99999e-01,9.99999e-01,0.00000e+00,9.87804e-01,8.92454e-01,9.99990e-01
1.608389471e+00,0.00000e+00,9.99999e-01,9.99999e-01,0.00000e+00,9.87385e-01,8.94462e-01,9.99991e-01
1.616431418e+00,0.00000e+00,9.99999e-01,9.99999e-01,0.00000e+00,9.87099e-01,8.96435e-01,9.99991e-01
1.624513575e+00,0.00000e+00,9.99999e-01,9.99999e-01,0.00000e+00,9.86214e-01,8.98373e-01,9.99991e-01
1.632636143e+00,0.00000e+00,9.99999e-01,9.99999e-01,0.00000e+00,9.78461e-01,9.00277e-01,9.99987e-01
1.640799324e+00,3.16089e-167,9.99999e-01,9.99999e-01,3.55771e-167,9.71399e-01,9.02147e-01,9.99980e-01
1.649003321e+00,3.13465e-167,9.99999e-01,9.99999e-01,3.55581e-167,9.63599e-01,9.03984e-01,9.99974e-01
1.657248337e+00,3.83978e-129,9.99999e-01,9.99999e-01,4.35014e-129,9.52233e-01,9.05788e-01,9.99971e-01
1.665534579e+00,5.12602e-130,9.99999e-01,9.99999e-01,5.90500e-130,9.35582e-01,9.07560e-01,9.99970e-01
1.673862252e+00,9.52289e-83,9.99999e-01,9.99999e-01,1.08419e-82,9.12973e-01,9.09300e-01,9.99963e-01
1.682231563e+00,3.61927e-57,9.99999e-01,9.99999e-01,4.11258e-57,9.23904e-01,9.11010e-01,9.99946e-01
1.690642721e+00,1.37770e-31,9.99999e-01,9.99999e-01,1.60788e-31,8.70304e-01,9.12688e-01,9.99916e-01
1.699095934e+00,4.01860e-20,9.99999e-01,9.99999e-01,4.75896e-20,8.52239e-01,9.14337e-01,9.99871e-01
1.707591414e+00,2.71322e-10,9.99999e-01,9.99999e-01,3.20996e-10,8.42522e-01,9.15956e-01,9.99802e-01
1.716129371e+00,2.20596e-06,9.99999e-01,9.99999e-01,2.75715e-06,8.08382e-01,9.17545e-01,9.99713e-01
1.724710018e+00,4.51372e-04,9.99999e-01,9.99999e-01,6.08351e-04,7.28606e-01,9.19106e-01,9.99582e-01
1.733333568e+00,4.69618e-03,9.99999e-01,9.99999e-01,7.01799e-03,6.62752e-01,9.20639e-01,9.99343e-01
1.742000236e+00,2.95325e-02,9.99999e-01,9.99999e-01,5.57907e-02,5.33452e-01,9.22144e-01,9.98960e-01
1.750710237e+00,7.42305e-05,9.99999e-01,9.99999e-01,1.70246e-04,3.17678e-01,9.23621e-01,9.98332e-01
1.759463788e+00,1.92327e-79,9.99999e-01,9.99999e-01,5.98219e-79,1.19585e-01,9.25072e-01,9.97180e-01
1.768261107e+00,1.19747e-83,9.99999e-01,9.99999e-01,1.22573e-82,2.27351e-02,9.26496e-01,9.95143e-01
1.777102413e+00,3.17751e-82,9.99999e-01,9.99999e-01,1.54117e-80,2.06642e-03,9.27894e-01,9.92402e-01
1.785987925e+00,1.64332e-78,9.99999e-01,9.99999e-01,2.32783e-75,6.49805e-05,9.29267e-01,9.87791e-01
1.794917864e+00,7.75057e-76,9.99999e-01,9.99999e-01,5.98591e-72,4.47372e-06,9.30615e-01,9.76132e-01
1.803892454e+00,6.36760e-77,9.99999e-01,9.99999e-01,4.00142e-69,5.40438e-10,9.31937e-01,9.50553e-01
1.812911916e+00,2.98669e-77,9.99999e-01,9.99999e-01,2.04316e-66,7.16977e-13,9.33236e-01,8.83473e-01
1.821976476e+00,2.14160e-77,9.99999e-01,9.99999e-01,1.77669e-66,1.32449e-12,9.34510e-01,7.69138e-01
1.831086358e+00,2.79695e-65,9.99999e-01,9.99999e-01,2.78967e-53,5.52413e-14,9.35761e-01,5.87529e-01
1.840241790e+00,3.60266e-55,9.99999e-01,9.99999e-01,2.36042e-45,1.54719e-11,9.36989e-01,4.07623e-01
1.849442999e+00,5.16176e-41,9.99999e-01,9.99999e-01,1.77793e-31,9.27552e-11,9.38195e-01,3.39848e-01
1.858690214e+00,6.25871e-45,9.99999e-01,9.99999e-01,1.22786e-29,1.54152e-16,9.39378e-01,3.40190e-01
1.867983665e+00,1.26005e-45,9.99999e-01,9.99999e-01,3.32468e-30,3.33122e-17,9.40539e-01,3.70776e-01
1.877323583e+00,3.77895e-157,9.99999e-01,9.99999e-01,2.32112e-151,2.95626e-07,9.41678e-01,4.16406e-01
1.886710201e+00,1.01771e-203,9.99999e-01,9.99999e-01,4.57855e-199,1.75907e-06,9.42797e-01,4.65164e-01
1.896143752e+00,7.94967e-232,9.99999e-01,9.99999e-01,1.89557e-227,1.03166e-05,9.43894e-01,4.72540e-01
1.905624471e+00,6.88452e-273,9.99999e-01,9.99999e-01,6.42126e-264,2.58739e-10,9.44971e-01,5.05291e-01
1.915152593e+00,6.07940e-215,9.99999e-01,9.99999e-01,1.98088e-204,2.00517e-12,9.46029e-01,6.13979e-01
1.924728356e+00,2.17367e-256,9.99999e-01,9.99999e-01,1.03692e-244,8.86849e-14,9.47066e-01,7.58938e-01
1.934351998e+00,0.00000e+00,9.99999e-01,9.99999e-01,0.00000e+00,2.48962e-15,9.48084e-01,8.76337e-01
1.944023758e+00,0.00000e+00,9.99999e-01,9.99999e-01,0.00000e+00,6.95110e-09,9.49083e-01,9.54825e-01
1.953743877e+00,0.00000e+00,9.99999e-01,9.99999e-01,0.00000e+00,2.55310e-08,9.50063e-01,9.80848e-01
1.963512596e+00,0.00000e+00,9.99999e-01,9.99999e-01,0.00000e+00,6.68975e-06,9.51025e-01,9.90274e-01
1.973330159e+00,0.00000e+00,9.99999e-01,9.99999e-01,0.00000e+00,1.61234e-04,9.51968e-01,9.94901e-01
1.983196810e+00,0.00000e+00,9.99999e-01,9.99999e-01,0.00000e+00,9.89944e-03,9.52894e-01,9.97201e-01
1.993112794e+00,0.00000e+00,9.99999e-01,9.99999e-01,0.00000e+00,2.57964e-02,9.53803e-01,9.98473e-01
2.003078358e+00,0.00000e+00,9.99999e-01,9.99999e-01,0.00000e+00,9.43247e-02,9.54695e-01,9.99141e-01
2.013093750e+00,0.00000e+00,9.99999e-01,9.99999e-01,0.00000e+00,2.14620e-01,9.55569e-01,9.99487e-01
2.023159218e+00,0.00000e+00,9.99999e-01,9.99999e-01,0.00000e+00,4.05760e-01,9.56427e-01,9.99639e-01
2.033275015e+00,0.00000e+00,9.99999e-01,9.99999e-01,0.00000e+00,5.03589e-01,9.57269e-01,9.99708e-01
2.043441390e+00,0.00000e+00,9.99999e-01,9.99999e-01,0.00000e+00,6.51703e-01,9.58095e-01,9.99691e-01
2.053658597e+00,0.00000e+00,9.99998e-01,9.99999e-01,0.00000e+00,7.02241e-01,9.58906e-01,9.99577e-01
2.063926890e+00,0.00000e+00,9.99996e-01,9.99999e-01,0.00000e+00,7.87277e-01,9.59701e-01,9.99356e-01
2.074246524e+00,0.00000e+00,9.99993e-01,9.99999e-01,0.00000e+00,8.13053e-01,9.60481e-01,9.98968e-01
2.084617757e+00,0.00000e+00,9.99990e-01,9.99999e-01,0.00000e+00,8.73295e-01,9.61246e-01,9.98370e-01
2.095040845e+00,0.00000e+00,9.99986e-01,9.99999e-01,0.00000e+00,8.98717e-01,9.61997e-01,9.97566e-01
2.105516050e+00,0.00000e+00,9.99983e-01,9.99999e-01,0.00000e+00,9.12468e-01,9.62734e-01,9.96575e-01
2.116043630e+00,0.00000e+00,9.99984e-01,9.99999e-01,0.00000e+00,9.16104e-01,9.63456e-01,9.95793e-01
2.126623848e+00,0.00000e+00,9.99986e-01,9.99999e-01,0.00000e+00,9.48081e-01,9.64165e-01,9.95276e-01
2.137256967e+00,0.00000e+00,9.99988e-01,9.99999e-01,0.00000e+00,9.50590e-01,9.64860e-01,9.94734e-01
2.147943252e+00,0.00000e+00,9.99994e-01,9.99999e-01,0.00000e+00,9.52381e-01,9.65542e-01,9.93675e-01
2.158682968e+00,0.00000e+00,9.99963e-01,9.99999e-01,0.00000e+00,9.56387e-01,9.66211e-01,9.92658e-01
2.169476383e+00,5.56695e-163,9.99987e-01,9.99999e-01,5.99559e-163,9.53616e-01,9.66867e-01,9.94400e-01
2.180323765e+00,2.72048e-101,9.99992e-01,9.99999e-01,2.92662e-101,9.47179e-01,9.67511e-01,9.95825e-01
2.191225384e+00,6.49013e-51,9.99991e-01,9.99999e-01,6.96822e-51,9.35970e-01,9.68142e-01,9.96503e-01
2.202181511e+00,9.33962e-33,9.99993e-01,9.99999e-01,1.01508e-32,9.20845e-01,9.68762e-01,9.97308e-01
2.213192418e+00,7.11739e-17,9.99994e-01,9.99999e-01,7.68159e-17,9.20531e-01,9.69369e-01,9.98130e-01
2.224258381e+00,4.13219e-11,9.99995e-01,9.99999e-01,4.49983e-11,9.06184e-01,9.69965e-01,9.98804e-01
2.235379672e+00,7.27195e-08,9.99996e-01,9.99999e-01,7.93329e-08,9.20290e-01,9.70549e-01,9.99284e-01
2.246556571e+00,1.46013e-05,9.99997e-01,9.99999e-01,1.65296e-05,8.62403e-01,9.71122e-01,9.99546e-01
2.257789354e+00,6.76348e-04,9.99998e-01,9.99999e-01,7.68538e-04,8.92823e-01,9.71685e-01,9.99672e-01
2.269078300e+00,1.12815e-03,9.99998e-01,9.99999e-01,1.50250e-03,7.55139e-01,9.72236e-01,9.99726e-01
2.280423692e+00,1.87959e-03,9.99999e-01,9.99999e-01,2.35620e-03,7.92818e-01,9.72777e-01,9.99717e-01
2.291825810e+00,1.06274e-02,9.99999e-01,9.99999e-01,1.65823e-02,6.34553e-01,9.73307e-01,9.99669e-01
2.303284939e+00,2.57384e-02,9.99999e-01,9.99999e-01,3.88593e-02,6.65962e-01,9.73828e-01,9.99550e-01
2.314801364e+00,2.82390e-02,9.99999e-01,9.99999e-01,5.57144e-02,5.01119e-01,9.74338e-01,9.99367e-01
2.326375371e+00,7.19112e-02,9.99999e-01,9.99999e-01,1.46564e-01,4.86454e-01,9.74838e-01,9.99156e-01
2.338007248e+00,5.72445e-02,9.99999e-01,9.99999e-01,1.22597e-01,4.57112e-01,9.75329e-01,9.98848e-01
2.349697284e+00,4.56747e-02,9.99999e-01,9.99999e-01,1.63244e-01,2.62479e-01,9.75811e-01,9.98440e-01
2.361445770e+00,7.54508e-02,9.99999e-01,9.99999e-01,2.32345e-01,3.23681e-01,9.76283e-01,9.97846e-01
2.373252999e+00,6.54886e-02,9.99999e-01,9.99999e-01,2.69599e-01,2.26131e-01,9.76746e-01,9.97034e-01
2.385119264e+00,4.69379e-02,9.99999e-01,9.99999e-01,5.64539e-01,7.74214e-02,9.77200e-01,9.96017e-01
2.397044861e+00,1.56466e-01,9.99999e-01,9.99999e-01,7.87756e-01,2.00827e-01,9.77645e-01,9.94034e-01
2.409030085e+00,3.53026e-02,9.99999e-01,9.99999e-01,6.61191e-01,5.27990e-02,9.78082e-01,9.91334e-01
2.421075235e+00,4.07439e-02,9.99999e-01,9.99999e-01,4.98615e-01,6.97821e-02,9.78510e-01,9.87852e-01
2.433180612e+00,1.76870e-03,9.99999e-01,9.99999e-01,3.30649e-02,2.49361e-02,9.78930e-01,9.83224e-01
2.445346515e+00,1.03021e-03,9.99999e-01,9.99999e-01,1.86605e-01,3.56655e-03,9.79342e-01,9.76692e-01
2.457573247e+00,2.23346e-06,9.99999e-01,9.99999e-01,8.99079e-04,5.86306e-04,9.79745e-01,9.66008e-01
2.469861113e+00,1.56988e-24,9.99999e-01,9.99999e-01,1.86668e-20,3.67256e-06,9.80142e-01,9.50718e-01
2.482210419e+00,4.11532e-106,9.99999e-01,9.99999e-01,2.14616e-95,1.88303e-12,9.80530e-01,9.29322e-01
2.494621471e+00,8.46157e-165,9.99999e-01,9.99999e-01,1.63591e-149,1.76704e-17,9.80911e-01,8.98269e-01
2.507094578e+00,3.75371e-176,9.99999e-01,9.99999e-01,1.54893e-145,9.66401e-33,9.81284e-01,8.44714e-01
2.519630051e+00,9.26694e-242,9.99999e-01,9.99999e-01,2.73490e-193,1.38388e-50,9.81651e-01,7.48320e-01
2.532228202e+00,0.00000e+00,9.99999e-01,9.99999e-01,2.65913e-261,1.06123e-68,9.82010e-01,5.88877e-01
2.544889343e+00,0.00000e+00,9.99999e-01,9.99999e-01,2.64357e-257,1.70669e-92,9.82362e-01,3.47027e-01
2.557613789e+00,0.00000e+00,9.99999e-01,9.99999e-01,2.73058e-305,1.26827e-90,9.82707e-01,1.26731e-01
2.570401858e+00,0.00000e+00,9.99999e-01,9.99999e-01,0.00000e+00,7.51665e-151,9.83046e-01,2.08933e-02
2.583253867e+00,0.00000e+00,9.99999e-01,9.99999e-01,0.00000e+00,1.16416e-127,9.83378e-01,2.17773e-03
2.596170137e+00,0.00000e+00,9.99999e-01,9.99999e-01,0.00000e+00,2.51676e-108,9.83704e-01,4.47026e-04
2.609150988e+00,0.00000e+00,9.99999e-01,9.99999e-01,0.00000e+00,5.56789e-76,9.84023e-01,1.43261e-04
2.622196742e+00,0.00000e+00,9.99999e-01,9.99999e-01,0.00000e+00,7.97478e-64,9.84336e-01,1.18741e-04
2.635307726e+00,0.00000e+00,9.99999e-01,9.99999e-01,0.00000e+00,6.90634e-29,9.84643e-01,2.14227e-04
2.648484265e+00,0.00000e+00,9.99999e-01,9.99999e-01,0.00000e+00,7.69159e-35,9.84944e-01,2.58031e-04
2.661726686e+00,0.00000e+00,9.99999e-01,9.99999e-01,0.00000e+00,1.51863e-61,9.85239e-01,2.27064e-04
2.675035320e+00,0.00000e+00,9.99999e-01,9.99999e-01,0.00000e+00,1.98237e-226,9.85529e-01,2.44331e-04
2.688410496e+00,0.00000e+00,9.99999e-01,9.99999e-01,0.00000e+00,1.58916e-109,9.85812e-01,3.79846e-04
2.701852549e+00,0.00000e+00,9.99999e-01,9.99999e-01,0.00000e+00,1.24240e-95,9.86091e-01,4.85981e-04
2.715361811e+00,0.00000e+00,9.99999e-01,9.99999e-01,0.00000e+00,8.45883e-95,9.86363e-01,6.29795e-04
2.728938620e+00,0.00000e+00,9.99999e-01,9.99999e-01,0.00000e+00,1.48781e-67,9.86631e-01,1.30061e-03
2.742583314e+00,0.00000e+00,9.99999e-01,9.99999e-01,0.00000e+00,3.18475e-72,9.86893e-01,4.95902e-03
2.756296230e+00,0.00000e+00,9.99999e-01,9.99999e-01,0.00000e+00,1.02631e-74,9.87150e-01,2.39967e-02
2.770077711e+00,0.00000e+00,9.99999e-01,9.99999e-01,0.00000e+00,8.13874e-103,9.87403e-01,9.01208e-02
2.783928100e+00,0.00000e+00,9.99999e-01,9.99999e-01,0.00000e+00,1.12847e-102,9.87650e-01,1.85835e-01
2.797847740e+00,0.00000e+00,9.99999e-01,9.99999e-01,0.00000e+00,5.55807e-78,9.87892e-01,3.24509e-01
2.811836979e+00,0.00000e+00,9.99999e-01,9.99999e-01,0.00000e+00,3.01816e-83,9.88130e-01,5.01039e-01
2.825896164e+00,0.00000e+00,9.99999e-01,9.99999e-01,0.00000e+00,5.92410e-72,9.88363e-01,6.40261e-01
2.840025645e+00,0.00000e+00,9.99999e-01,9.99999e-01,0.00000e+00,8.16448e-55,9.88592e-01,7.24927e-01
2.854225773e+00,0.00000e+00,9.99999e-01,9.99999e-01,0.00000e+00,7.30674e-48,9.88816e-01,7.84336e-01
2.868496902e+00,0.00000e+00,9.99999e-01,9.99999e-01,0.00000e+00,3.76676e-45,9.89035e-01,8.49632e-01
2.882839386e+00,0.00000e+00,9.99999e-01,9.99999e-01,0.00000e+00,5.12797e-36,9.89251e-01,8.95941e-01
2.897253583e+00,0.00000e+00,9.99999e-01,9.99999e-01,0.00000e+00,1.05368e-30,9.89462e-01,9.21671e-01
2.911739851e+00,0.00000e+00,9.99999e-01,9.99999e-01,0.00000e+00,8.56771e-21,9.89669e-01,9.38942e-01
2.926298550e+00,0.00000e+00,9.99999e-01,9.99999e-01,0.00000e+00,9.22273e-15,9.89872e-01,9.54610e-01
2.940930043e+00,0.00000e+00,9.99999e-01,9.99999e-01,0.00000e+00,2.01602e-14,9.90071e-01,9.63442e-01
2.955634693e+00,0.00000e+00,9.99999e-01,9.99999e-01,0.00000e+00,2.22520e-14,9.90266e-01,9.67245e-01
2.970412867e+00,0.00000e+00,9.99999e-01,9.99999e-01,0.00000e+00,1.03198e-12,9.90458e-01,9.71279e-01
2.985264931e+00,0.00000e+00,9.99999e-01,9.99999e-01,0.00000e+00,6.22308e-10,9.90645e-01,9.73170e-01
3.000191256e+00,0.00000e+00,9.99999e-01,9.99999e-01,0.00000e+00,3.76294e-08,9.90829e-01,9.72592e-01
3.015192212e+00,0.00000e+00,9.99999e-01,9.99999e-01,0.00000e+00,1.94830e-07,9.91009e-01,9.68439e-01
3.030268173e+00,0.00000e+00,9.99999e-01,9.99999e-01,0.00000e+00,2.15370e-06,9.91186e-01,9.61676e-01
3.045419514e+00,0.00000e+00,9.99999e-01,9.99999e-01,0.00000e+00,2.27715e-07,9.91359e-01,9.55885e-01
3.060646612e+00,2.31404e-178,9.99999e-01,9.99999e-01,9.03918e-175,5.83428e-05,9.91529e-01,9.47208e-01
3.075949845e+00,1.67068e-143,9.99999e-01,9.99999e-01,1.50619e-138,8.60552e-05,9.91696e-01,2.95028e-02
3.091329594e+00,8.73991e-138,9.99999e-01,9.99999e-01,2.63378e-131,9.95677e-05,9.91859e-01,2.44983e-04
3.106786242e+00,5.95962e-143,9.99999e-01,9.99999e-01,2.55825e-130,3.93083e-04,9.92019e-01,1.60898e-10
3.122320173e+00,1.23712e-119,9.99999e-01,9.99999e-01,3.27018e-90,1.25984e-03,9.92176e-01,7.16900e-28
3.137931774e+00,2.84536e-104,9.99999e-01,9.99999e-01,4.74825e-89,1.50857e-03,9.92330e-01,1.30327e-13
3.153621433e+00,4.71661e-96,9.99999e-01,9.99999e-01,1.44174e-91,1.45658e-02,9.92481e-01,4.61760e-04
3.169389540e+00,8.36878e-138,9.99999e-01,9.99999e-01,3.49444e-123,2.15718e-02,9.92629e-01,3.37980e-14
3.185236488e+00,2.79525e-122,9.99999e-01,9.99999e-01,8.98615e-99,1.08488e-02,9.92774e-01,8.21410e-23
3.201162670e+00,1.79132e-120,9.99999e-01,9.99999e-01,8.85259e-79,1.28988e-04,9.92916e-01,1.77088e-39
3.217168483e+00,2.08364e-134,9.99999e-01,9.99999e-01,4.73732e-76,1.13145e-03,9.93056e-01,1.30037e-56
3.233254326e+00,7.09136e-150,9.99999e-01,9.99999e-01,9.17356e-64,1.09280e-02,9.93193e-01,2.40546e-85
3.249420598e+00,5.20562e-176,9.99999e-01,9.99999e-01,4.27719e-36,5.01872e-02,9.93327e-01,1.11363e-139
3.265667701e+00,1.76654e-256,9.99999e-01,9.99999e-01,2.40537e-31,9.96165e-03,9.93458e-01,1.62964e-224
3.281996039e+00,0.00000e+00,9.99999e-01,9.99999e-01,3.62936e-23,2.39707e-02,9.93587e-01,0.00000e+00
3.298406019e+00,0.00000e+00,9.99999e-01,9.99999e-01,3.79084e-20,3.06820e-03,9.93713e-01,0.00000e+00
3.314898049e+00,0.00000e+00,9.99999e-01,9.99999e-01,1.13005e-19,2.35951e-03,9.93837e-01,0.00000e+00
3.331472540e+00,0.00000e+00,9.99999e-01,9.99999e-01,1.12858e-18,6.90117e-03,9.93958e-01,0.00000e+00
3.348129902e+00,0.00000e+00,9.99999e-01,9.99999e-01,9.88445e-15,4.70963e-03,9.94077e-01,0.00000e+00
3.364870552e+00,3.70095e-302,9.99999e-01,9.99999e-01,3.13209e-14,1.27647e-02,9.94194e-01,5.67821e-287
3.381694905e+00,5.25358e-189,9.99999e-01,9.99999e-01,6.51329e-12,2.33458e-02,9.94308e-01,8.88113e-177
3.398603379e+00,9.25178e-116,9.99999e-01,9.99999e-01,2.45094e-09,5.66950e-02,9.94420e-01,4.61431e-106
3.415596396e+00,8.63121e-71,9.99999e-01,9.99999e-01,6.77104e-09,1.24269e-01,9.94530e-01,7.99159e-62
3.432674378e+00,1.07313e-47,9.99999e-01,9.99999e-01,2.75909e-10,1.37046e-01,9.94638e-01,1.83005e-37
3.449837750e+00,2.54922e-30,9.99999e-01,9.99999e-01,2.18938e-13,2.53187e-01,9.94743e-01,3.09218e-17
3.467086939e+00,8.82838e-28,9.99999e-01,9.99999e-01,1.61193e-24,3.87828e-01,9.94847e-01,1.13580e-03
3.484422373e+00,1.01676e-33,9.99999e-01,9.99999e-01,5.30402e-33,4.07176e-01,9.94948e-01,3.36790e-01
3.501844485e+00,1.86866e-49,9.99999e-01,9.99999e-01,4.74303e-48,5.95890e-01,9.95048e-01,5.79119e-02
3.519353708e+00,4.96427e-58,9.99999e-01,9.99999e-01,6.57649e-58,6.49160e-01,9.95146e-01,9.96925e-01
3.536950476e+00,7.51010e-73,9.99999e-01,9.99999e-01,1.01711e-72,6.76136e-01,9.95241e-01,9.94384e-01
3.554635228e+00,9.32005e-71,9.99999e-01,9.99999e-01,1.14262e-70,7.85688e-01,9.95335e-01,9.87889e-01
3.572408405e+00,3.30915e-58,9.99999e-01,9.99999e-01,3.96699e-58,7.92009e-01,9.95427e-01,9.80072e-01
3.590270447e+00,1.93257e-54,9.99999e-01,9.99999e-01,2.18554e-54,8.50076e-01,9.95517e-01,9.87733e-01
3.608221799e+00,2.18943e-38,9.99999e-01,9.99999e-01,2.42808e-38,8.81481e-01,9.95605e-01,9.92366e-01
3.626262908e+00,1.39673e-21,9.99999e-01,9.99999e-01,1.48779e-21,8.97802e-01,9.95692e-01,9.96057e-01
3.644394222e+00,4.42622e-17,9.99999e-01,9.99999e-01,4.71252e-17,9.37514e-01,9.95777e-01,9.95757e-01
3.662616193e+00,3.39276e-08,9.99999e-01,9.99999e-01,3.65180e-08,8.98761e-01,9.95860e-01,9.92775e-01
3.680929274e+00,2.05241e-04,9.99999e-01,9.99999e-01,2.36379e-04,8.40740e-01,9.95942e-01,9.81845e-01
3.699333921e+00,1.20465e-02,9.99999e-01,9.99999e-01,1.34819e-02,9.21948e-01,9.96022e-01,9.65566e-01
3.717830590e+00,5.08620e-03,9.99999e-01,9.99999e-01,5.73325e-03,9.38543e-01,9.96100e-01,9.37623e-01
3.736419743e+00,1.89760e-05,9.99998e-01,9.99999e-01,2.21689e-05,9.28467e-01,9.96177e-01,9.07584e-01
3.755101842e+00,1.45590e-18,9.99997e-01,9.99999e-01,1.68945e-18,9.23431e-01,9.96252e-01,9.13432e-01
3.773877351e+00,1.74013e-43,9.99996e-01,9.99999e-01,1.95574e-43,9.36438e-01,9.96326e-01,9.38956e-01
3.792746738e+00,1.63071e-111,9.99994e-01,9.99999e-01,1.80079e-111,9.23789e-01,9.96398e-01,9.57741e-01
3.811710472e+00,2.52181e-72,9.99989e-01,9.99999e-01,2.77882e-72,9.07288e-01,9.96469e-01,9.59918e-01
3.830769024e+00,3.20005e-72,9.99983e-01,9.99999e-01,3.57920e-72,9.00298e-01,9.96539e-01,9.56090e-01
3.849922869e+00,8.61764e-100,9.99970e-01,9.99999e-01,9.90840e-100,8.58366e-01,9.96607e-01,9.47550e-01
3.869172484e+00,1.41253e-61,9.99958e-01,9.99999e-01,1.66825e-61,8.37675e-01,9.96674e-01,9.29129e-01
3.888518346e+00,7.48855e-26,9.99927e-01,9.99999e-01,8.96571e-26,9.05067e-01,9.96740e-01,9.03565e-01
3.907960938e+00,1.75927e-20,9.99911e-01,9.99999e-01,2.20762e-20,8.94667e-01,9.96804e-01,8.71330e-01
3.927500742e+00,7.76761e-21,9.99846e-01,9.99999e-01,1.08318e-20,5.23006e-01,9.96867e-01,8.38746e-01
3.947138246e+00,1.60371e-30,9.99785e-01,9.99999e-01,2.72125e-30,6.49922e-01,9.96929e-01,8.15676e-01
3.966873937e+00,1.45493e-46,9.99754e-01,9.99999e-01,2.31493e-46,3.60809e-01,9.96989e-01,7.82867e-01
3.986708307e+00,6.72240e-73,9.99601e-01,9.99999e-01,1.02257e-72,8.25398e-01,9.97049e-01,7.33425e-01
4.006641849e+00,1.28199e-133,9.99477e-01,9.99999e-01,1.99033e-133,9.33150e-01,9.97107e-01,6.74339e-01
4.026675058e+00,0.00000e+00,9.99569e-01,9.99999e-01,0.00000e+00,9.22933e-01,9.97164e-01,6.11799e-01
4.046808433e+00,0.00000e+00,9.99547e-01,9.99999e-01,0.00000e+00,9.07562e-01,9.97220e-01,5.50703e-01
4.067042475e+00,0.00000e+00,9.99356e-01,9.99999e-01,0.00000e+00,8.94179e-01,9.97275e-01,4.95399e-01
4.087377688e+00,0.00000e+00,9.99245e-01,9.99999e-01,0.00000e+00,8.87000e-01,9.97328e-01,4.48550e-01
4.107814576e+00,0.00000e+00,9.99118e-01,9.99999e-01,0.00000e+00,8.47008e-01,9.97381e-01,4.13560e-01
4.128353649e+00,0.00000e+00,9.99111e-01,9.99999e-01,0.00000e+00,7.70464e-01,9.97433e-01,3.91915e-01
4.148995417e+00,0.00000e+00,9.99385e-01,9.99999e-01,0.00000e+00,7.23772e-01,9.97483e-01,3.82084e-01
4.169740394e+00,0.00000e+00,9.99431e-01,9.99999e-01,0.00000e+00,5.97107e-01,9.97533e-01,3.83850e-01
4.190589096e+00,0.00000e+00,9.99471e-01,9.99999e-01,0.00000e+00,5.34569e-01,9.97582e-01,3.92800e-01
4.211542042e+00,0.00000e+00,9.99511e-01,9.99999e-01,0.00000e+00,3.74160e-01,9.97629e-01,3.95288e-01
4.232599752e+00,0.00000e+00,9.99702e-01,9.99999e-01,0.00000e+00,3.37747e-01,9.97676e-01,3.80686e-01
4.253762751e+00,0.00000e+00,9.99791e-01,9.99999e-01,0.00000e+00,2.52670e-01,9.97722e-01,3.38397e-01
4.275031564e+00,0.00000e+00,9.99656e-01,9.99999e-01,0.00000e+00,1.49665e-01,9.97767e-01,2.71320e-01
4.296406722e+00,0.00000e+00,9.96665e-01,9.99999e-01,0.00000e+00,8.59434e-02,9.97811e-01,2.52484e-01
4.317888756e+00,0.00000e+00,9.99346e-01,9.99999e-01,0.00000e+00,1.13703e-01,9.97854e-01,3.05358e-01
4.339478200e+00,0.00000e+00,9.99613e-01,9.99999e-01,0.00000e+00,6.52015e-02,9.97896e-01,3.95005e-01
4.361175591e+00,0.00000e+00,9.99687e-01,9.99999e-01,0.00000e+00,4.51682e-02,9.97938e-01,4.60198e-01
4.382981469e+00,0.00000e+00,9.99667e-01,9.99999e-01,0.00000e+00,4.53480e-02,9.97979e-01,4.96715e-01
4.404896376e+00,0.00000e+00,9.99535e-01,9.99999e-01,0.00000e+00,4.17129e-02,9.98018e-01,5.18525e-01
4.426920858e+00,0.00000e+00,9.99530e-01,9.99999e-01,0.00000e+00,1.76020e-02,9.98058e-01,5.37797e-01
4.449055462e+00,0.00000e+00,9.99674e-01,9.99999e-01,0.00000e+00,4.01743e-02,9.98096e-01,5.60425e-01
4.471300739e+00,0.00000e+00,9.99659e-01,9.99999e-01,0.00000e+00,1.72332e-02,9.98133e-01,5.88874e-01
4.493657243e+00,0.00000e+00,9.99705e-01,9.99999e-01,0.00000e+00,3.74539e-02,9.98170e-01,6.23344e-01
4.516125529e+00,0.00000e+00,9.99719e-01,9.99999e-01,0.00000e+00,9.81447e-03,9.98206e-01,6.61713e-01
4.538706157e+00,0.00000e+00,9.99667e-01,9.99999e-01,0.00000e+00,3.00835e-02,9.98242e-01,7.03278e-01
4.561399688e+00,0.00000e+00,9.99766e-01,9.99999e-01,0.00000e+00,2.81928e-02,9.98276e-01,7.45383e-01
4.584206686e+00,0.00000e+00,9.99816e-01,9.99999e-01,0.00000e+00,4.54683e-02,9.98310e-01,7.85726e-01
4.607127720e+00,0.00000e+00,9.99819e-01,9.99999e-01,0.00000e+00,2.29582e-02,9.98344e-01,8.23129e-01
4.630163358e+00,0.00000e+00,9.99886e-01,9.99999e-01,0.00000e+00,2.05508e-03,9.98376e-01,8.56592e-01
4.653314175e+00,0.00000e+00,9.99892e-01,9.99999e-01,0.00000e+00,1.39481e-03,9.98408e-01,8.84589e-01
4.676580746e+00,0.00000e+00,9.99896e-01,9.99999e-01,0.00000e+00,1.78113e-04,9.98440e-01,9.07553e-01
4.699963650e+00,0.00000e+00,9.99944e-01,9.99999e-01,0.00000e+00,9.19613e-04,9.98471e-01,9.26198e-01
4.723463468e+00,0.00000e+00,9.99932e-01,9.99999e-01,0.00000e+00,9.71747e-05,9.98501e-01,9.40749e-01
4.747080785e+00,0.00000e+00,9.99965e-01,9.99999e-01,0.00000e+00,2.13052e-03,9.98530e-01,9.51594e-01
4.770816189e+00,0.00000e+00,9.99967e-01,9.99999e-01,0.00000e+00,2.15271e-04,9.98559e-01,9.59676e-01
4.794670270e+00,0.00000e+00,9.99966e-01,9.99999e-01,0.00000e+00,9.76057e-06,9.98588e-01,9.65661e-01
4.818643622e+00,0.00000e+00,9.99983e-01,9.99999e-01,0.00000e+00,4.36898e-06,9.98616e-01,9.69897e-01
4.842736840e+00,0.00000e+00,9.99984e-01,9.99999e-01,0.00000e+00,3.35443e-06,9.98643e-01,9.72283e-01
4.866950524e+00,0.00000e+00,9.99991e-01,9.99999e-01,0.00000e+00,3.21548e-05,9.98670e-01,9.73011e-01
4.891285276e+00,0.00000e+00,9.99992e-01,9.99999e-01,0.00000e+00,3.22302e-07,9.98696e-01,9.72161e-01
4.915741703e+00,0.00000e+00,9.99994e-01,9.99999e-01,0.00000e+00,1.84857e-06,9.98722e-01,9.70784e-01
4.940320411e+00,0.00000e+00,9.99995e-01,9.99999e-01,0.00000e+00,1.75589e-07,9.98747e-01,9.67492e-01
4.965022013e+00,0.00000e+00,9.99996e-01,9.99999e-01,0.00000e+00,8.43051e-10,9.98772e-01,9.63379e-01
4.989847123e+00,0.00000e+00,9.99997e-01,9.99999e-01,0.00000e+00,2.00994e-08,9.98796e-01,9.59265e-01
5.014796359e+00,0.00000e+00,9.99997e-01,9.99999e-01,0.00000e+00,1.92269e-10,9.98820e-01,9.53235e-01
5.039870341e+00,0.00000e+00,9.99998e-01,9.99999e-01,0.00000e+00,3.78826e-10,9.98843e-01,9.46038e-01
5.065069693e+00,0.00000e+00,9.99998e-01,9.99999e-01,0.00000e+00,5.38133e-10,9.98866e-01,9.34734e-01
5.090395041e+00,0.00000e+00,9.99999e-01,9.99999e-01,0.00000e+00,2.38836e-14,9.98888e-01,9.23021e-01
5.115847016e+00,0.00000e+00,9.99999e-01,9.99999e-01,0.00000e+00,7.33365e-15,9.98910e-01,9.07674e-01
5.141426251e+00,0.00000e+00,9.99998e-01,9.99999e-01,0.00000e+00,4.27617e-19,9.98931e-01,8.86956e-01
5.167133383e+00,0.00000e+00,9.99999e-01,9.99999e-01,0.00000e+00,9.76896e-22,9.98953e-01,8.67264e-01
5.192969049e+00,0.00000e+00,9.99999e-01,9.99999e-01,0.00000e+00,1.19947e-21,9.98973e-01,8.44794e-01
5.218933895e+00,0.00000e+00,9.99999e-01,9.99999e-01,0.00000e+00,4.98231e-34,9.98993e-01,8.15949e-01
5.245028564e+00,0.00000e+00,9.99999e-01,9.99999e-01,0.00000e+00,7.38499e-26,9.99013e-01,7.79623e-01
5.271253707e+00,0.00000e+00,9.99999e-01,9.99999e-01,0.00000e+00,5.50526e-27,9.99033e-01,7.33017e-01
5.297609976e+00,0.00000e+00,9.99999e-01,9.99999e-01,0.00000e+00,1.78310e-32,9.99052e-01,6.80733e-01
5.324098025e+00,0.00000e+00,9.99999e-01,9.99999e-01,0.00000e+00,7.16438e-33,9.99071e-01,6.22263e-01
5.350718516e+00,0.00000e+00,9.99999e-01,9.99999e-01,0.00000e+00,3.34606e-40,9.99089e-01,5.49563e-01
5.377472108e+00,0.00000e+00,9.99999e-01,9.99999e-01,0.00000e+00,7.68681e-42,9.99107e-01,4.87295e-01
5.404359469e+00,0.00000e+00,9.99999e-01,9.99999e-01,0.00000e+00,8.63594e-42,9.99124e-01,4.23910e-01
5.431381266e+00,0.00000e+00,9.99999e-01,9.99999e-01,0.00000e+00,3.42472e-77,9.99142e-01,3.72697e-01
5.458538172e+00,0.00000e+00,9.99999e-01,9.99999e-01,0.00000e+00,3.19148e-77,9.99159e-01,3.14385e-01
5.485830863e+00,0.00000e+00,9.99999e-01,9.99999e-01,0.00000e+00,9.78043e-83,9.99175e-01,2.49991e-01
5.513260018e+00,0.00000e+00,9.99999e-01,9.99999e-01,0.00000e+00,2.18606e-87,9.99191e-01,1.95833e-01
5.540826318e+00,0.00000e+00,9.99999e-01,9.99999e-01,3.74751e-240,1.51416e-91,9.99207e-01,1.46005e-01
5.568530449e+00,1.48220e-323,9.99999e-01,9.99999e-01,2.60744e-181,1.96266e-143,9.99223e-01,9.98471e-02
5.596373101e+00,1.57450e-269,9.99999e-01,9.99999e-01,1.08921e-133,6.34155e-137,9.99238e-01,6.84420e-02
5.624354967e+00,5.39947e-241,9.99999e-01,9.99999e-01,4.96888e-118,1.05682e-123,9.99253e-01,4.51060e-02
5.652476742e+00,4.81649e-234,9.99999e-01,9.99999e-01,6.55847e-100,7.88424e-135,9.99268e-01,2.80381e-02
5.680739126e+00,3.25386e-245,9.99999e-01,9.99999e-01,5.50435e-90,1.30417e-155,9.99283e-01,1.63171e-02
5.709142821e+00,1.34595e-255,9.99999e-01,9.99999e-01,1.39070e-85,1.25325e-169,9.99297e-01,9.06243e-03
5.737688535e+00,3.31619e-253,9.99999e-01,9.99999e-01,4.33884e-88,1.49568e-164,9.99311e-01,4.29166e-03
5.766376978e+00,2.92090e-202,9.99999e-01,9.99999e-01,7.04890e-77,6.99594e-125,9.99324e-01,1.77831e-03
5.795208863e+00,5.25379e-171,9.99999e-01,9.99999e-01,7.48815e-56,4.70458e-114,9.99337e-01,6.30374e-04
5.824184907e+00,2.75131e-181,9.99999e-01,9.99999e-01,1.39250e-40,9.48860e-139,9.99351e-01,2.02463e-04
5.853305832e+00,5.90414e-180,9.99999e-01,9.99999e-01,4.33989e-41,1.30527e-136,9.99363e-01,6.61681e-05
5.882572361e+00,4.48375e-218,9.99999e-01,9.99999e-01,9.48250e-48,6.27514e-168,9.99376e-01,2.26435e-05
5.911985223e+00,6.32241e-206,9.99999e-01,9.99999e-01,1.90059e-41,2.09549e-161,9.99388e-01,7.48588e-06
5.941545149e+00,7.44382e-191,9.99999e-01,9.99999e-01,1.81492e-21,5.17728e-166,9.99400e-01,2.38417e-06
5.971252874e+00,9.57367e-161,9.99999e-01,9.99999e-01,2.01495e-13,3.61628e-143,9.99412e-01,7.82163e-07
6.001109139e+00,4.52208e-113,9.99999e-01,9.99999e-01,5.17624e-11,1.65642e-96,9.99424e-01,2.61411e-07
6.031114685e+00,2.04489e-123,9.99999e-01,9.99999e-01,5.09859e-12,4.18311e-106,9.99435e-01,8.85397e-08
6.061270258e+00,1.54997e-126,9.99999e-01,9.99999e-01,1.10295e-15,1.68964e-105,9.99446e-01,2.59920e-08
6.091576609e+00,2.21754e-118,9.99999e-01,9.99999e-01,1.94173e-22,1.57764e-89,9.99457e-01,4.56619e-09
6.122034492e+00,1.82519e-92,9.99999e-01,9.99999e-01,6.55934e-29,1.91309e-56,9.99468e-01,4.53929e-10
6.152644665e+00,1.08540e-105,9.99999e-01,9.99999e-01,7.45909e-40,2.30353e-57,9.99478e-01,2.43153e-11
6.183407888e+00,2.34731e-94,9.99999e-01,9.99999e-01,4.81747e-46,3.65975e-38,9.99489e-01,4.07241e-13
6.214324928e+00,2.31010e-88,9.99999e-01,9.99999e-01,2.16365e-49,6.74818e-26,9.99499e-01,1.35061e-15
6.245396552e+00,7.44079e-72,9.99999e-01,9.99999e-01,3.29002e-37,5.31919e-18,9.99509e-01,5.34175e-19
6.276623535e+00,2.31451e-74,9.99999e-01,9.99999e-01,2.34922e-34,1.59175e-18,9.99518e-01,1.53676e-23
6.308006653e+00,1.37681e-80,9.99999e-01,9.99999e-01,1.76188e-35,2.26387e-18,9.99528e-01,1.91671e-29
6.339546686e+00,4.39443e-121,9.99999e-01,9.99999e-01,8.41048e-48,2.83398e-39,9.99537e-01,5.65529e-37
6.371244419e+00,6.72892e-183,9.99999e-01,9.99999e-01,2.59463e-54,3.96667e-85,9.99546e-01,1.96365e-46
6.403100641e+00,2.94066e-214,9.99999e-01,9.99999e-01,1.72135e-39,2.14242e-120,9.99555e-01,2.54639e-57
6.435116145e+00,0.00000e+00,9.99999e-01,9.99999e-01,6.24610e-18,1.01855e-265,9.99564e-01,1.79888e-70
6.467291725e+00,0.00000e+00,9.99999e-01,9.99999e-01,1.90848e-09,2.79779e-267,9.99572e-01,3.52563e-94
6.499628184e+00,0.00000e+00,9.99999e-01,9.99999e-01,1.02699e-04,2.34936e-305,9.99581e-01,4.36083e-118
6.532126325e+00,0.00000e+00,9.99999e-01,9.99999e-01,3.45953e-03,1.37995e-269,9.99589e-01,8.18350e-145
6.564786956e+00,0.00000e+00,9.99999e-01,9.99999e-01,1.72465e-02,4.94066e-324,9.99597e-01,6.38157e-184
6.597610891e+00,0.00000e+00,9.99999e-01,9.99999e-01,3.50858e-02,0.00000e+00,9.99605e-01,2.29588e-223
6.630598946e+00,0.00000e+00,9.99999e-01,9.99999e-01,5.36851e-02,4.12249e-287,9.99613e-01,2.82962e-279
6.663751940e+00,0.00000e+00,9.99999e-01,9.99999e-01,5.36620e-02,2.92776e-267,9.99621e-01,0.00000e+00
6.697070700e+00,0.00000e+00,9.99999e-01,9.99999e-01,2.47054e-02,4.30521e-211,9.99628e-01,0.00000e+00
6.730556054e+00,0.00000e+00,9.99999e-01,9.99999e-01,5.81065e-03,2.83873e-144,9.99635e-01,0.00000e+00
6.764208834e+00,0.00000e+00,9.99999e-01,9.99999e-01,4.62353e-04,2.78167e-144,9.99643e-01,0.00000e+00
6.798029878e+00,0.00000e+00,9.99999e-01,9.99999e-01,9.89471e-06,3.24885e-177,9.99650e-01,0.00000e+00
6.832020027e+00,0.00000e+00,9.99999e-01,9.99999e-01,4.00031e-08,3.21910e-177,9.99656e-01,0.00000e+00
6.866180128e+00,0.00000e+00,9.99999e-01,9.99999e-01,2.33243e-12,6.95914e-204,9.99663e-01,0.00000e+00
6.900511028e+00,0.00000e+00,9.99999e-01,9.99999e-01,2.06438e-17,2.97670e-116,9.99670e-01,0.00000e+00
6.935013583e+00,0.00000e+00,9.99999e-01,9.99999e-01,2.86769e-29,3.28061e-116,9.99676e-01,0.00000e+00
6.969688651e+00,0.00000e+00,9.99999e-01,9.99999e-01,1.57753e-41,2.75638e-146,9.99683e-01,0.00000e+00
7.004537095e+00,0.00000e+00,9.99999e-01,9.99999e-01,4.80569e-66,1.84524e-144,9.99689e-01,0.00000e+00
7.039559780e+00,0.00000e+00,9.99999e-01,9.99999e-01,2.48329e-85,1.22553e-156,9.99695e-01,0.00000e+00
7.074757579e+00,0.00000e+00,9.99999e-01,9.99999e-01,1.11924e-117,5.65612e-123,9.99701e-01,0.00000e+00
7.110131367e+00,0.00000e+00,9.99999e-01,9.99999e-01,3.95028e-137,6.12708e-122,9.99707e-01,0.00000e+00
7.145682024e+00,0.00000e+00,9.99999e-01,9.99999e-01,4.96563e-164,1.12122e-136,9.99713e-01,0.00000e+00
7.181410434e+00,0.00000e+00,9.99999e-01,9.99999e-01,5.37600e-179,4.02109e-174,9.99718e-01,0.00000e+00
7.217317486e+00,0.00000e+00,9.99999e-01,9.99999e-01,4.71926e-188,2.40211e-128,9.99724e-01,0.00000e+00
7.253404073e+00,0.00000e+00,9.99999e-01,9.99999e-01,1.67018e-185,2.17516e-128,9.99729e-01,0.00000e+00
7.289671094e+00,0.00000e+00,9.99999e-01,9.99999e-01,5.77379e-147,2.37040e-112,9.99735e-01,0.00000e+00
7.326119449e+00,0.00000e+00,9.99999e-01,9.99999e-01,7.56366e-139,4.73588e-112,9.99740e-01,0.00000e+00
7.362750046e+00,0.00000e+00,9.99999e-01,9.99999e-01,6.60999e-151,1.42045e-81,9.99745e-01,0.00000e+00
7.399563797e+00,0.00000e+00,9.99999e-01,9.99999e-01,9.58798e-150,6.93750e-67,9.99750e-01,0.00000e+00
7.436561616e+00,0.00000e+00,9.99999e-01,9.99999e-01,1.24852e-124,1.17567e-72,9.99755e-01,0.00000e+00
7.473744424e+00,0.00000e+00,9.99999e-01,9.99999e-01,8.00372e-82,2.05056e-68,9.99760e-01,0.00000e+00
7.511113146e+00,0.00000e+00,9.99999e-01,9.99999e-01,2.55662e-57,2.57806e-59,9.99765e-01,0.00000e+00
7.548668712e+00,0.00000e+00,9.99999e-01,9.99999e-01,9.57914e-35,6.58658e-62,9.99769e-01,0.00000e+00
7.586412055e+00,0.00000e+00,9.99999e-01,9.99999e-01,2.69376e-29,6.92334e-112,9.99774e-01,0.00000e+00
7.624344115e+00,0.00000e+00,9.99999e-01,9.99999e-01,9.33374e-29,7.68355e-55,9.99778e-01,0.00000e+00
7.662465836e+00,0.00000e+00,9.99999e-01,9.99999e-01,9.58950e-33,6.33721e-34,9.99783e-01,0.00000e+00
7.700778165e+00,0.00000e+00,9.99999e-01,9.99999e-01,7.71445e-44,2.98790e-34,9.99787e-01,0.00000e+00
7.739282056e+00,0.00000e+00,9.99999e-01,9.99999e-01,7.73986e-73,4.19050e-56,9.99791e-01,0.00000e+00
7.777978466e+00,0.00000e+00,9.99999e-01,9.99999e-01,1.29147e-97,1.68313e-38,9.99795e-01,0.00000e+00
7.816868359e+00,0.00000e+00,9.99999e-01,9.99999e-01,4.55857e-132,1.35829e-31,9.99799e-01,0.00000e+00
7.855952700e+00,0.00000e+00,9.99999e-01,9.99999e-01,4.47746e-135,4.92988e-32,9.99803e-01,0.00000e+00
7.895232464e+00,0.00000e+00,9.99999e-01,9.99999e-01,1.78838e-113,8.18324e-32,9.99807e-01,0.00000e+00
7.934708626e+00,0.00000e+00,9.99999e-01,9.99999e-01,8.21009e-105,2.21373e-19,9.99811e-01,0.00000e+00
7.974382169e+00,0.00000e+00,9.99999e-01,9.99999e-01,5.23128e-115,1.08275e-14,9.99814e-01,0.00000e+00
8.014254080e+00,0.00000e+00,9.99999e-01,9.99999e-01,5.26269e-139,2.23826e-15,9.99818e-01,0.00000e+00
8.054325351e+00,0.00000e+00,9.99999e-01,9.99999e-01,2.02754e-142,1.52654e-14,9.99822e-01,0.00000e+00
8.094596977e+00,0.00000e+00,9.99999e-01,9.99999e-01,4.08434e-136,8.95621e-12,9.99825e-01,0.00000e+00
8.135069962e+00,0.00000e+00,9.99999e-01,9.99999e-01,3.53005e-123,1.77062e-11,9.99829e-01,0.00000e+00
8.175745312e+00,0.00000e+00,9.99999e-01,9.99999e-01,6.97072e-102,3.07034e-12,9.99832e-01,0.00000e+00
8.216624039e+00,0.00000e+00,9.99999e-01,9.99999e-01,4.59462e-88,1.04391e-09,9.99835e-01,0.00000e+00
8.257707159e+00,0.00000e+00,9.99999e-01,9.99999e-01,1.43198e-69,5.11217e-07,9.99838e-01,0.00000e+00
8.298995695e+00,0.00000e+00,9.99999e-01,9.99999e-01,3.49243e-63,7.83453e-06,9.99842e-01,7.37770e-282
8.340490673e+00,6.25710e-276,9.99999e-01,9.99999e-01,1.86698e-58,5.91424e-07,9.99845e-01,3.93202e-213
8.382193126e+00,2.20379e-218,9.99999e-01,9.99999e-01,3.09476e-54,4.40898e-05,9.99848e-01,6.39433e-161
8.424104092e+00,1.17944e-168,9.99999e-01,9.99999e-01,2.23958e-43,8.23166e-06,9.99851e-01,4.64913e-122
8.466224613e+00,2.47612e-130,9.99999e-01,9.99999e-01,6.75788e-34,2.33689e-05,9.99854e-01,7.39120e-93
8.508555736e+00,9.81135e-89,9.99999e-01,9.99999e-01,1.12673e-19,2.32445e-05,9.99857e-01,1.19941e-66
8.551098514e+00,8.98598e-66,9.99999e-01,9.99999e-01,1.84097e-14,1.55483e-03,9.99859e-01,1.13514e-49
8.593854007e+00,4.67019e-54,9.99999e-01,9.99999e-01,4.60915e-14,1.56475e-02,9.99862e-01,4.01941e-39
8.636823277e+00,3.57368e-47,9.99999e-01,9.99999e-01,2.19499e-16,2.22817e-02,9.99865e-01,5.31894e-30
8.680007393e+00,7.66159e-43,9.99999e-01,9.99999e-01,1.25194e-18,2.54191e-03,9.99868e-01,6.00847e-23
8.723407430e+00,2.64512e-39,9.99999e-01,9.99999e-01,4.25442e-20,7.39684e-03,9.99870e-01,6.59814e-18
8.767024467e+00,4.84469e-38,9.99999e-01,9.99999e-01,1.25718e-22,3.27090e-03,9.99873e-01,5.22119e-14
8.810859590e+00,1.45222e-86,9.99999e-01,9.99999e-01,2.77695e-75,7.58504e-03,9.99875e-01,1.00365e-10
8.854913888e+00,1.06182e-269,9.99999e-01,9.99999e-01,4.37272e-261,8.95163e-02,9.99878e-01,2.05095e-08
8.899188457e+00,0.00000e+00,9.99999e-01,9.99999e-01,0.00000e+00,6.53333e-02,9.99880e-01,1.20638e-06
8.943684399e+00,0.00000e+00,9.99999e-01,9.99999e-01,0.00000e+00,2.67801e-02,9.99882e-01,3.62243e-05
8.988402821e+00,0.00000e+00,9.99999e-01,9.99999e-01,0.00000e+00,2.08290e-02,9.99885e-01,3.91403e-04
9.033344836e+00,0.00000e+00,9.99999e-01,9.99999e-01,0.00000e+00,1.10052e-02,9.99887e-01,2.40130e-03
9.078511560e+00,0.00000e+00,9.99999e-01,9.99999e-01,0.00000e+00,3.01076e-02,9.99889e-01,9.78743e-03
9.123904118e+00,0.00000e+00,9.99999e-01,9.99999e-01,0.00000e+00,8.20731e-02,9.99891e-01,2.85709e-02
9.169523638e+00,0.00000e+00,9.99999e-01,9.99999e-01,0.00000e+00,5.51160e-02,9.99893e-01,6.54548e-02
9.215371256e+00,0.00000e+00,9.99999e-01,9.99999e-01,0.00000e+00,1.92991e-01,9.99896e-01,1.23059e-01
9.261448113e+00,0.00000e+00,9.99999e-01,9.99999e-01,0.00000e+00,1.66559e-01,9.99898e-01,2.00580e-01
9.307755353e+00,0.00000e+00,9.99999e-01,9.99999e-01,0.00000e+00,7.35359e-02,9.99900e-01,2.82735e-01
9.354294130e+00,0.00000e+00,9.99999e-01,9.99999e-01,0.00000e+00,4.79948e-02,9.99902e-01,3.78779e-01
9.401065601e+00,0.00000e+00,9.99999e-01,9.99999e-01,0.00000e+00,8.95876e-03,9.99903e-01,4.74955e-01
9.448070929e+00,0.00000e+00,9.99999e-01,9.99999e-01,0.00000e+00,2.82804e-02,9.99905e-01,5.56771e-01
9.495311283e+00,0.00000e+00,9.99999e-01,9.99999e-01,0.00000e+00,1.46790e-01,9.99907e-01,6.30904e-01
9.542787840e+00,0.00000e+00,9.99999e-01,9.99999e-01,0.00000e+00,2.39905e-01,9.99909e-01,7.01860e-01
9.590501779e+00,0.00000e+00,9.99999e-01,9.99999e-01,0.00000e+00,9.98462e-02,9.99911e-01,7.62155e-01
9.638454288e+00,0.00000e+00,9.99999e-01,9.99999e-01,0.00000e+00,1.03136e-01,9.99913e-01,8.07577e-01
9.686646559e+00,0.00000e+00,9.99999e-01,9.99999e-01,0.00000e+00,1.19602e-01,9.99914e-01,8.45191e-01
9.735079792e+00,0.00000e+00,9.99999e-01,9.99999e-01,0.00000e+00,2.04847e-01,9.99916e-01,8.75968e-01
9.783755191e+00,0.00000e+00,9.99999e-01,9.99999e-01,0.00000e+00,1.45512e-01,9.99918e-01,9.00942e-01
9.832673967e+00,0.00000e+00,9.99999e-01,9.99999e-01,0.00000e+00,1.65288e-02,9.99919e-01,9.21074e-01
9.881837337e+00,0.00000e+00,9.99999e-01,9.99999e-01,0.00000e+00,1.30992e-03,9.99921e-01,9.37199e-01
9.931246523e+00,0.00000e+00,9.99999e-01,9.99999e-01,0.00000e+00,6.29910e-02,9.99922e-01,9.51167e-01
9.980902756e+00,0.00000e+00,9.99999e-01,9.99999e-01,0.00000e+00,1.49931e-01,9.99924e-01,9.99062e-01
1.003080727e+01,0.00000e+00,9.99999e-01,9.99999e-01,0.00000e+00,1.50616e-01,9.99925e-01,9.99017e-01
1.008096131e+01,0.00000e+00,9.99999e-01,9.99999e-01,0.00000e+00,1.93237e-01,9.99927e-01,9.98971e-01
1.013136611e+01,0.00000e+00,9.99999e-01,9.99999e-01,0.00000e+00,2.85723e-01,9.99928e-01,9.98922e-01
1.018202294e+01,0.00000e+00,9.99999e-01,9.99999e-01,0.00000e+00,3.25040e-01,9.99930e-01,9.98870e-01
1.023293306e+01,0.00000e+00,9.99999e-01,9.99999e-01,0.00000e+00,1.46103e-01,9.99931e-01,9.98813e-01
1.028409772e+01,0.00000e+00,9.99999e-01,9.99999e-01,0.00000e+00,3.16216e-02,9.99932e-01,9.98754e-01
1.033551821e+01,0.00000e+00,9.99999e-01,9.99999e-01,0.00000e+00,2.16357e-02,9.99934e-01,9.98691e-01
1.038719580e+01,0.00000e+00,9.99999e-01,9.99999e-01,0.00000e+00,3.61640e-03,9.99935e-01,9.98625e-01
1.043913178e+01,0.00000e+00,9.99999e-01,9.99999e-01,0.00000e+00,3.92496e-03,9.99936e-01,9.98554e-01
1.049132744e+01,0.00000e+00,9.99999e-01,9.99999e-01,0.00000e+00,3.52517e-02,9.99937e-01,9.98478e-01
1.054378408e+01,0.00000e+00,9.99999e-01,9.99999e-01,0.00000e+00,7.09744e-02,9.99939e-01,9.98398e-01
1.059650300e+01,0.00000e+00,9.99999e-01,9.99999e-01,0.00000e+00,6.13834e-02,9.99940e-01,9.98315e-01
1.064948551e+01,0.00000e+00,9.99999e-01,9.99999e-01,0.00000e+00,4.63767e-02,9.99941e-01,9.98228e-01
1.070273294e+01,0.00000e+00,9.99999e-01,9.99999e-01,0.00000e+00,1.40670e-02,9.99942e-01,9.98134e-01
1.075624661e+01,0.00000e+00,9.99999e-01,9.99999e-01,0.00000e+00,1.66330e-02,9.99943e-01,9.98038e-01
1.081002784e+01,0.00000e+00,9.99999e-01,9.99999e-01,0.00000e+00,1.93063e-02,9.99944e-01,9.97936e-01
1.086407798e+01,0.00000e+00,9.99999e-01,9.99999e-01,0.00000e+00,1.57109e-03,9.99945e-01,9.97834e-01
1.091839837e+01,0.00000e+00,9.99999e-01,9.99999e-01,0.00000e+00,1.45449e-04,9.99946e-01,9.97717e-01
1.097299036e+01,0.00000e+00,9.99999e-01,9.99999e-01,0.00000e+00,6.82479e-07,9.99948e-01,9.97599e-01
1.102785531e+01,0.00000e+00,9.99999e-01,9.99999e-01,0.00000e+00,1.14748e-07,9.99949e-01,9.97472e-01
1.108299459e+01,0.00000e+00,9.99999e-01,9.99999e-01,0.00000e+00,7.28837e-04,9.99950e-01,9.97343e-01
1.113840956e+01,0.00000e+00,9.99999e-01,9.99999e-01,0.00000e+00,1.25427e-02,9.99951e-01,9.97205e-01
1.119410161e+01,0.00000e+00,9.99999e-01,9.99999e-01,0.00000e+00,3.03532e-02,9.99951e-01,9.97061e-01
1.125007212e+01,0.00000e+00,9.99999e-01,9.99999e-01,0.00000e+00,8.73760e-03,9.99952e-01,9.96910e-01
1.130632248e+01,0.00000e+00,9.99999e-01,9.99999e-01,0.00000e+00,5.86497e-03,9.99953e-01,9.96745e-01
1.136285409e+01,0.00000e+00,9.99999e-01,9.99999e-01,0.00000e+00,1.88292e-02,9.99954e-01,9.96579e-01
1.141966836e+01,0.00000e+00,9.99999e-01,9.99999e-01,0.00000e+00,2.60852e-02,9.99955e-01,9.96403e-01
1.147676670e+01,0.00000e+00,9.99999e-01,9.99999e-01,0.00000e+00,1.17984e-02,9.99956e-01,9.96227e-01
1.153415054e+01,0.00000e+00,9.99999e-01,9.99999e-01,0.00000e+00,1.11481e-03,9.99957e-01,9.96036e-01
1.159182129e+01,0.00000e+00,9.99999e-01,9.99999e-01,0.00000e+00,6.43418e-05,9.99958e-01,9.95840e-01
1.164978039e+01,0.00000e+00,9.99999e-01,9.99999e-01,0.00000e+00,7.43729e-07,9.99958e-01,9.95633e-01
1.170802930e+01,0.00000e+00,9.99999e-01,9.99999e-01,0.00000e+00,1.48887e-08,9.99959e-01,9.95413e-01
1.176656944e+01,0.00000e+00,9.99999e-01,9.99999e-01,0.00000e+00,1.53613e-05,9.99960e-01,9.95189e-01
1.182540229e+01,0.00000e+00,9.99999e-01,9.99999e-01,0.00000e+00,4.93600e-04,9.99961e-01,9.94935e-01
1.188452930e+01,0.00000e+00,9.99999e-01,9.99999e-01,0.00000e+00,5.35295e-04,9.99962e-01,9.94680e-01
1.194395195e+01,0.00000e+00,9.99999e-01,9.99999e-01,0.00000e+00,1.28594e-03,9.99962e-01,9.94393e-01
1.200367171e+01,0.00000e+00,9.99999e-01,9.99999e-01,0.00000e+00,5.07564e-03,9.99963e-01,9.94095e-01
1.206369007e+01,0.00000e+00,9.99999e-01,9.99999e-01,0.00000e+00,9.67619e-04,9.99964e-01,9.93783e-01
1.212400852e+01,0.00000e+00,9.99999e-01,9.99999e-01,0.00000e+00,4.69474e-03,9.99964e-01,9.93449e-01
1.218462856e+01,0.00000e+00,9.99999e-01,9.99999e-01,0.00000e+00,4.28721e-03,9.99965e-01,9.93113e-01
1.224555170e+01,0.00000e+00,9.99999e-01,9.99999e-01,0.00000e+00,1.02086e-04,9.99966e-01,9.92773e-01
1.230677946e+01,0.00000e+00,9.99999e-01,9.99999e-01,0.00000e+00,1.31617e-06,9.99966e-01,9.92432e-01
1.236831336e+01,0.00000e+00,9.99999e-01,9.99999e-01,0.00000e+00,3.16719e-08,9.99967e-01,9.92075e-01
1.243015492e+01,0.00000e+00,9.99999e-01,9.99999e-01,0.00000e+00,3.81936e-13,9.99968e-01,9.91699e-01
1.249230570e+01,0.00000e+00,9.99999e-01,9.99999e-01,0.00000e+00,2.02093e-12,9.99968e-01,9.91322e-01
1.255476723e+01,0.00000e+00,9.99999e-01,9.99999e-01,0.00000e+00,6.90826e-11,9.99969e-01,9.90915e-01
1.261754106e+01,0.00000e+00,9.99999e-01,9.99999e-01,0.00000e+00,6.69454e-06,9.99970e-01,9.90506e-01
1.268062877e+01,0.00000e+00,9.99999e-01,9.99999e-01,0.00000e+00,8.76303e-05,9.99970e-01,9.90068e-01
1.274403191e+01,0.00000e+00,9.99999e-01,9.99999e-01,0.00000e+00,4.51357e-05,9.99971e-01,9.89592e-01
1.280775207e+01,0.00000e+00,9.99999e-01,9.99999e-01,0.00000e+00,2.77250e-04,9.99971e-01,9.89114e-01
1.287179083e+01,0.00000e+00,9.99999e-01,9.99999e-01,0.00000e+00,2.77356e-05,9.99972e-01,9.88592e-01
1.293614979e+01,0.00000e+00,9.99999e-01,9.99999e-01,0.00000e+00,6.85653e-05,9.99972e-01,9.88062e-01
1.300083054e+01,0.00000e+00,9.99999e-01,9.99999e-01,0.00000e+00,1.01875e-06,9.99973e-01,9.87522e-01
1.306583469e+01,0.00000e+00,9.99999e-01,9.99999e-01,0.00000e+00,1.50056e-07,9.99973e-01,9.86962e-01
1.313116386e+01,0.00000e+00,9.99999e-01,9.99999e-01,0.00000e+00,5.76438e-08,9.99974e-01,9.86399e-01
1.319681968e+01,0.00000e+00,9.99999e-01,9.99999e-01,0.00000e+00,1.61485e-08,9.99974e-01,9.85789e-01
1.326280378e+01,0.00000e+00,9.99999e-01,9.99999e-01,0.00000e+00,8.10924e-13,9.99975e-01,9.85155e-01
1.332911780e+01,0.00000e+00,9.99999e-01,9.99999e-01,0.00000e+00,1.49142e-13,9.99975e-01,9.84515e-01
1.339576339e+01,0.00000e+00,9.99999e-01,9.99999e-01,0.00000e+00,3.42257e-14,9.99976e-01,9.71069e-01
1.346274221e+01,0.00000e+00,9.99999e-01,9.99999e-01,0.00000e+00,8.60122e-21,9.99976e-01,9.69020e-01
1.353005592e+01,0.00000e+00,9.99999e-01,9.99999e-01,0.00000e+00,3.44711e-11,9.99977e-01,9.66785e-01
1.359770620e+01,0.00000e+00,9.99999e-01,9.99999e-01,0.00000e+00,2.86743e-10,9.99977e-01,9.64503e-01
1.366569473e+01,0.00000e+00,9.99999e-01,9.99999e-01,0.00000e+00,2.82166e-10,9.99978e-01,9.62095e-01
1.373402320e+01,0.00000e+00,9.99999e-01,9.99999e-01,0.00000e+00,1.29587e-07,9.99978e-01,9.59295e-01
1.380269332e+01,0.00000e+00,9.99999e-01,9.99999e-01,0.00000e+00,4.29388e-07,9.99978e-01,9.56564e-01
1.387170678e+01,0.00000e+00,9.99999e-01,9.99999e-01,0.00000e+00,4.22199e-09,9.99979e-01,9.53673e-01
1.394106532e+01,0.00000e+00,9.99999e-01,9.99999e-01,0.00000e+00,1.50507e-10,9.99979e-01,9.50622e-01
1.401077064e+01,0.00000e+00,9.99999e-01,9.99999e-01,0.00000e+00,1.94669e-12,9.99980e-01,9.47383e-01
1.408082450e+01,0.00000e+00,9.99999e-01,9.99999e-01,0.00000e+00,1.53636e-12,9.99980e-01,9.43955e-01
1.415122862e+01,0.00000e+00,9.99999e-01,9.99999e-01,0.00000e+00,1.26530e-17,9.99980e-01,9.40249e-01
1.422198476e+01,0.00000e+00,9.99999e-01,9.99999e-01,0.00000e+00,1.35038e-23,9.99981e-01,9.36333e-01
1.429309469e+01,0.00000e+00,9.99999e-01,9.99999e-01,0.00000e+00,7.72677e-23,9.99981e-01,9.32119e-01
1.436456016e+01,0.00000e+00,9.99999e-01,9.99999e-01,0.00000e+00,2.96795e-28,9.99981e-01,9.27520e-01
1.443638296e+01,0.00000e+00,9.99999e-01,9.99999e-01,0.00000e+00,1.71210e-32,9.99982e-01,9.22625e-01
1.450856487e+01,0.00000e+00,9.99999e-01,9.99999e-01,0.00000e+00,5.04806e-22,9.99982e-01,9.17401e-01
1.458110770e+01,0.00000e+00,9.99999e-01,9.99999e-01,0.00000e+00,5.41519e-16,9.99982e-01,9.11773e-01
1.465401324e+01,0.00000e+00,9.99999e-01,9.99999e-01,0.00000e+00,1.58402e-14,9.99983e-01,9.05806e-01
1.472728330e+01,0.00000e+00,9.99999e-01,9.99999e-01,0.00000e+00,2.33955e-14,9.99983e-01,9.00152e-01
1.480091972e+01,0.00000e+00,9.99999e-01,9.99999e-01,0.00000e+00,4.91715e-16,9.99983e-01,8.93329e-01
1.487492432e+01,0.00000e+00,9.99999e-01,9.99999e-01,0.00000e+00,6.48050e-27,9.99984e-01,8.86091e-01
1.494929894e+01,0.00000e+00,9.99999e-01,9.99999e-01,0.00000e+00,2.58851e-21,9.99984e-01,8.78288e-01
1.502404544e+01,0.00000e+00,9.99999e-01,9.99999e-01,0.00000e+00,6.54399e-18,9.99984e-01,8.69896e-01
1.509916566e+01,0.00000e+00,9.99999e-01,9.99999e-01,0.00000e+00,3.04277e-17,9.99985e-01,8.62037e-01
1.517466149e+01,0.00000e+00,9.99999e-01,9.99999e-01,0.00000e+00,8.34979e-19,9.99985e-01,8.53730e-01
1.525053480e+01,0.00000e+00,9.99999e-01,9.99999e-01,0.00000e+00,4.14700e-17,9.99985e-01,8.43654e-01
1.532678747e+01,0.00000e+00,9.99999e-01,9.99999e-01,0.00000e+00,3.85595e-20,9.99985e-01,8.33007e-01
1.540342141e+01,0.00000e+00,9.99999e-01,9.99999e-01,0.00000e+00,2.44779e-25,9.99986e-01,8.13751e-01
1.548043852e+01,0.00000e+00,9.99999e-01,9.99999e-01,0.00000e+00,3.52650e-28,9.99986e-01,8.02682e-01
1.555784071e+01,0.00000e+00,9.99999e-01,9.99999e-01,0.00000e+00,2.05676e-35,9.99986e-01,7.89828e-01
1.563562991e+01,0.00000e+00,9.99999e-01,9.99999e-01,0.00000e+00,1.23745e-52,9.99987e-01,7.76250e-01
1.571380806e+01,0.00000e+00,9.99999e-01,9.99999e-01,0.00000e+00,2.46093e-53,9.99987e-01,7.63617e-01
1.579237710e+01,0.00000e+00,9.99999e-01,9.99999e-01,0.00000e+00,1.34376e-38,9.99987e-01,7.50379e-01
1.587133899e+01,0.00000e+00,9.99999e-01,9.99999e-01,0.00000e+00,1.31917e-33,9.99987e-01,7.36516e-01
1.595069568e+01,0.00000e+00,9.99999e-01,9.99999e-01,0.00000e+00,1.12008e-36,9.99987e-01,7.21621e-01
1.603044916e+01,0.00000e+00,9.99999e-01,9.99999e-01,0.00000e+00,2.10532e-50,9.99988e-01,7.03835e-01
1.611060141e+01,0.00000e+00,9.99999e-01,9.99999e-01,0.00000e+00,1.13624e-48,9.99988e-01,6.85232e-01
1.619115441e+01,0.00000e+00,9.99999e-01,9.99999e-01,0.00000e+00,2.94564e-47,9.99988e-01,6.68119e-01
1.627211019e+01,0.00000e+00,9.99999e-01,9.99999e-01,0.00000e+00,4.16480e-53,9.99988e-01,6.50351e-01
1.635347074e+01,0.00000e+00,9.99999e-01,9.99999e-01,0.00000e+00,1.24470e-48,9.99989e-01,6.31922e-01
1.643523809e+01,0.00000e+00,9.99999e-01,9.99999e-01,0.00000e+00,1.27396e-49,9.99989e-01,6.12778e-01
1.651741428e+01,0.00000e+00,9.99999e-01,9.99999e-01,0.00000e+00,1.66587e-52,9.99989e-01,5.92945e-01
1.660000135e+01,0.00000e+00,9.99999e-01,9.99999e-01,0.00000e+00,2.60487e-66,9.99989e-01,5.72565e-01
1.668300136e+01,0.00000e+00,9.99999e-01,9.99999e-01,0.00000e+00,6.85608e-68,9.99989e-01,5.51512e-01
1.676641637e+01,0.00000e+00,9.99999e-01,9.99999e-01,0.00000e+00,3.10963e-60,9.99990e-01,5.29949e-01
1.685024845e+01,0.00000e+00,9.99999e-01,9.99999e-01,0.00000e+00,6.04103e-62,9.99990e-01,5.07829e-01
1.693449969e+01,0.00000e+00,9.99999e-01,9.99999e-01,0.00000e+00,8.71023e-77,9.99990e-01,4.85220e-01
1.701917219e+01,0.00000e+00,9.99999e-01,9.99999e-01,0.00000e+00,2.99209e-82,9.99990e-01,4.62050e-01
1.710426805e+01,0.00000e+00,9.99999e-01,9.99999e-01,0.00000e+00,1.24167e-105,9.99990e-01,4.38495e-01
1.718978939e+01,0.00000e+00,9.99999e-01,9.99999e-01,0.00000e+00,2.06889e-115,9.99990e-01,4.18339e-01
1.727573834e+01,0.00000e+00,9.99999e-01,9.99999e-01,0.00000e+00,1.98734e-118,9.99991e-01,3.97855e-01
1.736211703e+01,0.00000e+00,9.99999e-01,9.99999e-01,0.00000e+00,1.74942e-126,9.99991e-01,3.73417e-01
1.744892761e+01,0.00000e+00,9.99999e-01,9.99999e-01,0.00000e+00,1.14491e-108,9.99991e-01,3.48887e-01
1.753617225e+01,0.00000e+00,9.99999e-01,9.99999e-01,0.00000e+00,7.48433e-87,9.99991e-01,3.24456e-01
1.762385311e+01,0.00000e+00,9.99999e-01,9.99999e-01,0.00000e+00,1.58441e-85,9.99991e-01,3.00186e-01
1.771197238e+01,0.00000e+00,9.99999e-01,9.99999e-01,0.00000e+00,5.14918e-91,9.99991e-01,2.76206e-01
1.780053224e+01,0.00000e+00,9.99999e-01,9.99999e-01,0.00000e+00,5.37019e-99,9.99992e-01,2.56339e-01
1.788953490e+01,0.00000e+00,9.99999e-01,9.99999e-01,0.00000e+00,5.10424e-107,9.99992e-01,2.36708e-01
1.797898258e+01,0.00000e+00,9.99999e-01,9.99999e-01,0.00000e+00,1.18888e-122,9.99992e-01,2.13907e-01
1.806887749e+01,0.00000e+00,9.99999e-01,9.99999e-01,0.00000e+00,4.87125e-125,9.99992e-01,1.91939e-01
1.815922188e+01,0.00000e+00,9.99999e-01,9.99999e-01,0.00000e+00,1.36891e-166,9.99992e-01,1.74171e-01
1.825001799e+01,0.00000e+00,9.99999e-01,9.99999e-01,0.00000e+00,1.33923e-124,9.99992e-01,1.57117e-01
1.834126808e+01,0.00000e+00,9.99999e-01,9.99999e-01,0.00000e+00,3.23463e-120,9.99992e-01,1.37950e-01
1.843297442e+01,0.00000e+00,9.99999e-01,9.99999e-01,0.00000e+00,2.37922e-121,9.99993e-01,1.20013e-01
1.852513929e+01,0.00000e+00,9.99999e-01,9.99999e-01,0.00000e+00,9.16284e-163,9.99993e-01,1.05948e-01
1.861776499e+01,0.00000e+00,9.99999e-01,9.99999e-01,0.00000e+00,9.59399e-198,9.99993e-01,9.27903e-02
1.871085381e+01,0.00000e+00,9.99999e-01,9.99999e-01,0.00000e+00,6.23741e-155,9.99993e-01,7.84616e-02
1.880440808e+01,0.00000e+00,9.99999e-01,9.99999e-01,0.00000e+00,3.17421e-132,9.99993e-01,6.75429e-02
1.889843012e+01,0.00000e+00,9.99999e-01,9.99999e-01,0.00000e+00,7.84448e-133,9.99993e-01,5.76010e-02
1.899292227e+01,0.00000e+00,9.99999e-01,9.99999e-01,0.00000e+00,1.46958e-185,9.99993e-01,4.70867e-02
1.908788688e+01,0.00000e+00,9.99999e-01,9.99999e-01,0.00000e+00,9.95283e-178,9.99993e-01,3.93326e-02
1.918332632e+01,0.00000e+00,9.99999e-01,9.99999e-01,0.00000e+00,1.90577e-178,9.99993e-01,3.24804e-02
1.927924295e+01,0.00000e+00,9.99999e-01,9.99999e-01,0.00000e+00,2.40016e-220,9.99994e-01,2.65283e-02
1.937563916e+01,0.00000e+00,9.99999e-01,9.99999e-01,0.00000e+00,0.00000e+00,9.99994e-01,2.13780e-02
1.947251736e+01,0.00000e+00,9.99999e-01,9.99999e-01,0.00000e+00,0.00000e+00,9.99994e-01,1.70264e-02
1.956987994e+01,0.00000e+00,9.99999e-01,9.99999e-01,0.00000e+00,0.00000e+00,9.99994e-01,1.33683e-02
1.966772934e+01,0.00000e+00,9.99999e-01,9.99999e-01,0.00000e+00,4.21051e-275,9.99994e-01,9.81906e-03
1.976606799e+01,0.00000e+00,9.99999e-01,9.99999e-01,0.00000e+00,2.66327e-270,9.99994e-01,7.45751e-03
1.986489833e+01,0.00000e+00,9.99999e-01,9.99999e-01,0.00000e+00,2.44421e-287,9.99994e-01,5.56678e-03
1.996422282e+01,0.00000e+00,9.99999e-01,9.99999e-01,0.00000e+00,1.95256e-268,9.99994e-01,4.09120e-03
