#,Wave/freq,Total,N2,Rayleigh,CIA
4.000000000e-01,7.36967e-01,9.99999e-01,7.36967e-01,9.99999e-01
4.020000000e-01,7.41428e-01,9.99999e-01,7.41428e-01,9.99999e-01
4.040100000e-01,7.45822e-01,9.99999e-01,7.45822e-01,9.99999e-01
4.060300500e-01,7.50155e-01,9.99999e-01,7.50155e-01,9.99999e-01
4.080602003e-01,7.54427e-01,9.99999e-01,7.54427e-01,9.99999e-01
4.101005013e-01,7.58638e-01,9.99999e-01,7.58638e-01,9.99999e-01
4.121510038e-01,7.62789e-01,9.99999e-01,7.62789e-01,9.99999e-01
4.142117588e-01,7.66879e-01,9.99999e-01,7.66879e-01,9.99999e-01
4.162828176e-01,7.70910e-01,9.99999e-01,7.70910e-01,9.99999e-01
4.183642317e-01,7.74883e-01,9.99999e-01,7.74883e-01,9.99999e-01
4.204560528e-01,7.78796e-01,9.99999e-01,7.78796e-01,9.99999e-01
4.225583331e-01,7.82651e-01,9.99999e-01,7.82651e-01,9.99999e-01
4.246711247e-01,7.86449e-01,9.99999e-01,7.86449e-01,9.99999e-01
4.267944804e-01,7.90190e-01,9.99999e-01,7.90190e-01,9.99999e-01
4.289284528e-01,7.93874e-01,9.99999e-01,7.93874e-01,9.99999e-01
4.310730950e-01,7.97502e-01,9.99999e-01,7.97502e-01,9.99999e-01
4.332284605e-01,8.01074e-01,9.99999e-01,8.01074e-01,9.99999e-01
4.353946028e-01,8.04591e-01,9.99999e-01,8.04591e-01,9.99999e-01
4.375715758e-01,8.08054e-01,9.99999e-01,8.08054e-01,9.99999e-01
4.397594337e-01,8.11463e-01,9.99999e-01,8.11463e-01,9.99999e-01
4.419582309e-01,8.14819e-01,9.99999e-01,8.14819e-01,9.99999e-01
4.441680220e-01,8.18121e-01,9.99999e-01,8.18121e-01,9.99999e-01
4.463888621e-01,8.21372e-01,9.99999e-01,8.21372e-01,9.99999e-01
4.486208064e-01,8.24570e-01,9.99999e-01,8.24570e-01,9.99999e-01
4.508639105e-01,8.27718e-01,9.99999e-01,8.27718e-01,9.99999e-01
4.531182300e-01,8.30815e-01,9.99999e-01,8.30815e-01,9.99999e-01
4.553838212e-01,8.33863e-01,9.99999e-01,8.33863e-01,9.99999e-01
4.576607403e-01,8.36860e-01,9.99999e-01,8.36860e-01,9.99999e-01
4.599490440e-01,8.39810e-01,9.99999e-01,8.39810e-01,9.99999e-01
4.622487892e-01,8.42711e-01,9.99999e-01,8.42711e-01,9.99999e-01
4.645600332e-01,8.45564e-01,9.99999e-01,8.45564e-01,9.99999e-01
4.668828333e-01,8.48370e-01,9.99999e-01,8.48370e-01,9.99999e-01
4.692172475e-01,8.51130e-01,9.99999e-01,8.51130e-01,9.99999e-01
4.715633337e-01,8.53845e-01,9.99999e-01,8.53845e-01,9.99999e-01
4.739211504e-01,8.56514e-01,9.99999e-01,8.56514e-01,9.99999e-01
4.762907561e-01,8.59138e-01,9.99999e-01,8.59138e-01,9.99999e-01
4.786722099e-01,8.61718e-01,9.99999e-01,8.61718e-01,9.99999e-01
4.810655710e-01,8.64255e-01,9.99999e-01,8.64255e-01,9.99999e-01
4.834708988e-01,8.66749e-01,9.99999e-01,8.66749e-01,9.99999e-01
4.858882533e-01,8.69201e-01,9.99999e-01,8.69201e-01,9.99999e-01
4.883176946e-01,8.71611e-01,9.99999e-01,8.71611e-01,9.99999e-01
4.907592831e-01,8.73980e-01,9.99999e-01,8.73980e-01,9.99999e-01
4.932130795e-01,8.76308e-01,9.99999e-01,8.76308e-01,9.99999e-01
4.956791449e-01,8.78597e-01,9.99999e-01,8.78597e-01,9.99999e-01
4.981575406e-01,8.80846e-01,9.99999e-01,8.80846e-01,9.99999e-01
5.006483283e-01,8.83056e-01,9.99999e-01,8.83056e-01,9.99999e-01
5.031515699e-01,8.85228e-01,9.99999e-01,8.85228e-01,9.99999e-01
5.056673278e-01,8.87362e-01,9.99999e-01,8.87362e-01,9.99999e-01
5.081956644e-01,8.89459e-01,9.99999e-01,8.89459e-01,9.99999e-01
5.107366428e-01,8.91520e-01,9.99999e-01,8.91520e-01,9.99999e-01
5.132903260e-01,8.93544e-01,9.99999e-01,8.93544e-01,9.99999e-01
5.158567776e-01,8.95533e-01,9.99999e-01,8.95533e-01,9.99999e-01
5.184360615e-01,8.97487e-01,9.99999e-01,8.97487e-01,9.99999e-01
5.210282418e-01,8.99406e-01,9.99999e-01,8.99406e-01,9.99999e-01
5.236333830e-01,9.01292e-01,9.99999e-01,9.01292e-01,9.99999e-01
5.262515499e-01,9.03144e-01,9.99999e-01,9.03144e-01,9.99999e-01
5.288828077e-01,9.04963e-01,9.99999e-01,9.04963e-01,9.99999e-01
5.315272217e-01,9.06750e-01,9.99999e-01,9.06750e-01,9.99999e-01
5.341848578e-01,9.08505e-01,9.99999e-01,9.08505e-01,9.99999e-01
5.368557821e-01,9.10228e-01,9.99999e-01,9.10228e-01,9.99999e-01
5.395400610e-01,9.11921e-01,9.99999e-01,9.11921e-01,9.99999e-01
5.422377613e-01,9.13583e-01,9.99999e-01,9.13583e-01,9.99999e-01
5.449489501e-01,9.15215e-01,9.99999e-01,9.15215e-01,9.99999e-01
5.476736949e-01,9.16818e-01,9.99999e-01,9.16818e-01,9.99999e-01
5.504120634e-01,9.18393e-01,9.99999e-01,9.18393e-01,9.99999e-01
5.531641237e-01,9.19938e-01,9.99999e-01,9.19938e-01,9.99999e-01
5.559299443e-01,9.21456e-01,9.99999e-01,9.21456e-01,9.99999e-01
5.587095940e-01,9.22946e-01,9.99999e-01,9.22946e-01,9.99999e-01
5.615031420e-01,9.24409e-01,9.99999e-01,9.24409e-01,9.99999e-01
5.643106577e-01,9.25845e-01,9.99999e-01,9.25845e-01,9.99999e-01
5.671322110e-01,9.27255e-01,9.99999e-01,9.27255e-01,9.99999e-01
5.699678720e-01,9.28639e-01,9.99999e-01,9.28639e-01,9.99999e-01
5.728177114e-01,9.29998e-01,9.99999e-01,9.29998e-01,9.99999e-01
5.756818000e-01,9.31332e-01,9.99999e-01,9.31332e-01,9.99999e-01
5.785602090e-01,9.32642e-01,9.99999e-01,9.32642e-01,9.99999e-01
5.814530100e-01,9.33928e-01,9.99999e-01,9.33928e-01,9.99999e-01
5.843602750e-01,9.35189e-01,9.99999e-01,9.35189e-01,9.99999e-01
5.872820764e-01,9.36428e-01,9.99999e-01,9.36428e-01,9.99999e-01
5.902184868e-01,9.37644e-01,9.99999e-01,9.37644e-01,9.99999e-01
5.931695792e-01,9.38837e-01,9.99999e-01,9.38837e-01,9.99999e-01
5.961354271e-01,9.40008e-01,9.99999e-01,9.40008e-01,9.99999e-01
5.991161043e-01,9.41157e-01,9.99999e-01,9.41157e-01,9.99999e-01
6.021116848e-01,9.42285e-01,9.99999e-01,9.42285e-01,9.99999e-01
6.051222432e-01,9.43393e-01,9.99999e-01,9.43393e-01,9.99999e-01
6.081478544e-01,9.44479e-01,9.99999e-01,9.44479e-01,9.99999e-01
6.111885937e-01,9.45545e-01,9.99999e-01,9.45545e-01,9.99999e-01
6.142445367e-01,9.46592e-01,9.99999e-01,9.46592e-01,9.99999e-01
6.173157594e-01,9.47618e-01,9.99999e-01,9.47618e-01,9.99999e-01
6.204023382e-01,9.48626e-01,9.99999e-01,9.48626e-01,9.99999e-01
6.235043498e-01,9.49615e-01,9.99999e-01,9.49615e-01,9.99999e-01
6.266218716e-01,9.50585e-01,9.99999e-01,9.50585e-01,9.99999e-01
6.297549810e-01,9.51537e-01,9.99999e-01,9.51537e-01,9.99999e-01
6.329037559e-01,9.52471e-01,9.99999e-01,9.52471e-01,9.99999e-01
6.360682746e-01,9.53388e-01,9.99999e-01,9.53388e-01,9.99999e-01
6.392486160e-01,9.54287e-01,9.99999e-01,9.54287e-01,9.99999e-01
6.424448591e-01,9.55169e-01,9.99999e-01,9.55169e-01,9.99999e-01
6.456570834e-01,9.56035e-01,9.99999e-01,9.56035e-01,9.99999e-01
6.488853688e-01,9.56884e-01,9.99999e-01,9.56884e-01,9.99999e-01
6.521297956e-01,9.57718e-01,9.99999e-01,9.57718e-01,9.99999e-01
6.553904446e-01,9.58535e-01,9.99999e-01,9.58535e-01,9.99999e-01
6.586673968e-01,9.59338e-01,9.99999e-01,9.59338e-01,9.99999e-01
6.619607338e-01,9.60124e-01,9.99999e-01,9.60124e-01,9.99999e-01
6.652705375e-01,9.60896e-01,9.99999e-01,9.60896e-01,9.99999e-01
6.685968902e-01,9.61654e-01,9.99999e-01,9.61654e-01,9.99999e-01
6.719398746e-01,9.62397e-01,9.99999e-01,9.62397e-01,9.99999e-01
6.752995740e-01,9.63126e-01,9.99999e-01,9.63126e-01,9.99999e-01
6.786760719e-01,9.63841e-01,9.99999e-01,9.63841e-01,9.99999e-01
6.820694522e-01,9.64542e-01,9.99999e-01,9.64542e-01,9.99999e-01
6.854797995e-01,9.65230e-01,9.99999e-01,9.65230e-01,9.99999e-01
6.889071985e-01,9.65905e-01,9.99999e-01,9.65905e-01,9.99999e-01
6.923517345e-01,9.66567e-01,9.99999e-01,9.66567e-01,9.99999e-01
6.958134932e-01,9.67217e-01,9.99999e-01,9.67217e-01,9.99999e-01
6.992925606e-01,9.67854e-01,9.99999e-01,9.67854e-01,9.99999e-01
7.027890234e-01,9.68478e-01,9.99999e-01,9.68478e-01,9.99999e-01
7.063029686e-01,9.69091e-01,9.99999e-01,9.69091e-01,9.99999e-01
7.098344834e-01,9.69692e-01,9.99999e-01,9.69692e-01,9.99999e-01
7.133836558e-01,9.70282e-01,9.99999e-01,9.70282e-01,9.99999e-01
7.169505741e-01,9.70860e-01,9.99999e-01,9.70860e-01,9.99999e-01
7.205353270e-01,9.71428e-01,9.99999e-01,9.71428e-01,9.99999e-01
7.241380036e-01,9.71984e-01,9.99999e-01,9.71984e-01,9.99999e-01
7.277586936e-01,9.72530e-01,9.99999e-01,9.72530e-01,9.99999e-01
7.313974871e-01,9.73065e-01,9.99999e-01,9.73065e-01,9.99999e-01
7.350544745e-01,9.73590e-01,9.99999e-01,9.73590e-01,9.99999e-01
7.387297469e-01,9.74105e-01,9.99999e-01,9.74105e-01,9.99999e-01
7.424233956e-01,9.74610e-01,9.99999e-01,9.74610e-01,9.99999e-01
7.461355126e-01,9.75105e-01,9.99999e-01,9.75105e-01,9.99999e-01
7.498661902e-01,9.75591e-01,9.99999e-01,9.75591e-01,9.99999e-01
7.536155211e-01,9.76067e-01,9.99999e-01,9.76067e-01,9.99999e-01
7.573835987e-01,9.76534e-01,9.99999e-01,9.76534e-01,9.99999e-01
7.611705167e-01,9.76992e-01,9.99999e-01,9.76992e-01,9.99999e-01
7.649763693e-01,9.77441e-01,9.99999e-01,9.77441e-01,9.99999e-01
7.688012511e-01,9.77882e-01,9.99999e-01,9.77882e-01,9.99999e-01
7.726452574e-01,9.78314e-01,9.99999e-01,9.78314e-01,9.99999e-01
7.765084837e-01,9.78738e-01,9.99999e-01,9.78738e-01,9.99999e-01
7.803910261e-01,9.79153e-01,9.99999e-01,9.79153e-01,9.99999e-01
7.842929812e-01,9.79561e-01,9.99999e-01,9.79561e-01,9.99999e-01
7.882144461e-01,9.79961e-01,9.99999e-01,9.79961e-01,9.99999e-01
7.921555184e-01,9.80352e-01,9.99999e-01,9.80352e-01,9.99999e-01
7.961162960e-01,9.80737e-01,9.99999e-01,9.80737e-01,9.99999e-01
8.000968774e-01,9.81114e-01,9.99999e-01,9.81114e-01,9.99999e-01
8.040973618e-01,9.81483e-01,9.99999e-01,9.81483e-01,9.99999e-01
8.081178486e-01,9.81846e-01,9.99999e-01,9.81846e-01,9.99999e-01
8.121584379e-01,9.82201e-01,9.99999e-01,9.82201e-01,9.99999e-01
8.162192301e-01,9.82549e-01,9.99999e-01,9.82549e-01,9.99999e-01
8.203003262e-01,9.82891e-01,9.99999e-01,9.82891e-01,9.99999e-01
8.244018279e-01,9.83226e-01,9.99999e-01,9.83226e-01,9.99999e-01
8.285238370e-01,9.83555e-01,9.99999e-01,9.83555e-01,9.99999e-01
8.326664562e-01,9.83877e-01,9.99999e-01,9.83877e-01,9.99999e-01
8.368297885e-01,9.84193e-01,9.99999e-01,9.84193e-01,9.99999e-01
8.410139374e-01,9.84503e-01,9.99999e-01,9.84503e-01,9.99999e-01
8.452190071e-01,9.84806e-01,9.99999e-01,9.84806e-01,9.99999e-01
8.494451021e-01,9.85104e-01,9.99999e-01,9.85104e-01,9.99999e-01
8.536923276e-01,9.85396e-01,9.99999e-01,9.85396e-01,9.99999e-01
8.579607893e-01,9.85683e-01,9.99999e-01,9.85683e-01,9.99999e-01
8.622505932e-01,9.85963e-01,9.99999e-01,9.85963e-01,9.99999e-01
8.665618462e-01,9.86239e-01,9.99999e-01,9.86239e-01,9.99999e-01
8.708946554e-01,9.86509e-01,9.99999e-01,9.86509e-01,9.99999e-01
8.752491287e-01,9.86773e-01,9.99999e-01,9.86773e-01,9.99999e-01
8.796253743e-01,9.87033e-01,9.99999e-01,9.87033e-01,9.99999e-01
8.840235012e-01,9.87287e-01,9.99999e-01,9.87287e-01,9.99999e-01
8.884436187e-01,9.87537e-01,9.99999e-01,9.87537e-01,9.99999e-01
8.928858368e-01,9.87782e-01,9.99999e-01,9.87782e-01,9.99999e-01
8.973502660e-01,9.88021e-01,9.99999e-01,9.88021e-01,9.99999e-01
9.018370173e-01,9.88257e-01,9.99999e-01,9.88257e-01,9.99999e-01
9.063462024e-01,9.88487e-01,9.99999e-01,9.88487e-01,9.99999e-01
9.108779334e-01,9.88713e-01,9.99999e-01,9.88713e-01,9.99999e-01
9.154323231e-01,9.88935e-01,9.99999e-01,9.88935e-01,9.99999e-01
9.200094847e-01,9.89152e-01,9.99999e-01,9.89152e-01,9.99999e-01
9.246095321e-01,9.89365e-01,9.99999e-01,9.89365e-01,9.99999e-01
9.292325798e-01,9.89574e-01,9.99999e-01,9.89574e-01,9.99999e-01
9.338787427e-01,9.89779e-01,9.99999e-01,9.89779e-01,9.99999e-01
9.385481364e-01,9.89980e-01,9.99999e-01,9.89980e-01,9.99999e-01
9.432408771e-01,9.90177e-01,9.99999e-01,9.90177e-01,9.99999e-01
9.479570815e-01,9.90370e-01,9.99999e-01,9.90370e-01,9.99999e-01
9.526968669e-01,9.90559e-01,9.99999e-01,9.90559e-01,9.99999e-01
9.574603512e-01,9.90745e-01,9.99999e-01,9.90745e-01,9.99999e-01
9.622476530e-01,9.90927e-01,9.99999e-01,9.90927e-01,9.99999e-01
9.670588912e-01,9.91105e-01,9.99999e-01,9.91105e-01,9.99999e-01
9.718941857e-01,9.91280e-01,9.99999e-01,9.91280e-01,9.99999e-01
9.767536566e-01,9.91452e-01,9.99999e-01,9.91452e-01,9.99999e-01
9.816374249e-01,9.91620e-01,9.99999e-01,9.91620e-01,9.99999e-01
9.865456120e-01,9.91785e-01,9.99999e-01,9.91785e-01,9.99999e-01
9.914783401e-01,9.91946e-01,9.99999e-01,9.91946e-01,9.99999e-01
9.964357318e-01,9.92105e-01,9.99999e-01,9.92105e-01,9.99999e-01
1.001417910e+00,9.92260e-01,9.99999e-01,9.92260e-01,9.99999e-01
1.006425000e+00,9.92412e-01,9.99999e-01,9.92412e-01,9.99999e-01
1.011457125e+00,9.92562e-01,9.99999e-01,9.92562e-01,9.99999e-01
1.016514411e+00,9.92708e-01,9.99999e-01,9.92708e-01,9.99999e-01
1.021596983e+00,9.92851e-01,9.99999e-01,9.92851e-01,9.99999e-01
1.026704968e+00,9.92992e-01,9.99999e-01,9.92992e-01,9.99999e-01
1.031838492e+00,9.93130e-01,9.99999e-01,9.93130e-01,9.99999e-01
1.036997685e+00,9.93265e-01,9.99999e-01,9.93265e-01,9.99999e-01
1.042182673e+00,9.93398e-01,9.99999e-01,9.93398e-01,9.99999e-01
1.047393587e+00,9.93528e-01,9.99999e-01,9.93528e-01,9.99999e-01
1.052630555e+00,9.93655e-01,9.99999e-01,9.93655e-01,9.99999e-01
1.057893707e+00,9.93780e-01,9.99999e-01,9.93780e-01,9.99999e-01
1.063183176e+00,9.93903e-01,9.99999e-01,9.93903e-01,9.99999e-01
1.068499092e+00,9.94023e-01,9.99999e-01,9.94023e-01,9.99999e-01
1.073841587e+00,9.94140e-01,9.99999e-01,9.94140e-01,9.99999e-01
1.079210795e+00,9.94256e-01,9.99999e-01,9.94256e-01,9.99999e-01
1.084606849e+00,9.94369e-01,9.99999e-01,9.94369e-01,9.99999e-01
1.090029883e+00,9.94480e-01,9.99999e-01,9.94480e-01,9.99999e-01
1.095480033e+00,9.94589e-01,9.99999e-01,9.94589e-01,9.99999e-01
1.100957433e+00,9.94695e-01,9.99999e-01,9.94695e-01,9.99999e-01
1.106462220e+00,9.94800e-01,9.99999e-01,9.94800e-01,9.99999e-01
1.111994531e+00,9.94902e-01,9.99999e-01,9.94902e-01,9.99999e-01
1.117554504e+00,9.95002e-01,9.99999e-01,9.95002e-01,9.99999e-01
1.123142276e+00,9.95101e-01,9.99999e-01,9.95101e-01,9.99999e-01
1.128757988e+00,9.95197e-01,9.99999e-01,9.95197e-01,9.99999e-01
1.134401778e+00,9.95292e-01,9.99999e-01,9.95292e-01,9.99999e-01
1.140073787e+00,9.95385e-01,9.99999e-01,9.95385e-01,9.99999e-01
1.145774156e+00,9.95476e-01,9.99999e-01,9.95476e-01,9.99999e-01
1.151503026e+00,9.95565e-01,9.99999e-01,9.95565e-01,9.99999e-01
1.157260541e+00,9.95652e-01,9.99999e-01,9.95652e-01,9.99999e-01
1.163046844e+00,9.95738e-01,9.99999e-01,9.95738e-01,9.99999e-01
1.168862078e+00,9.95822e-01,9.99999e-01,9.95822e-01,9.99999e-01
1.174706389e+00,9.95904e-01,9.99999e-01,9.95904e-01,9.99999e-01
1.180579921e+00,9.95985e-01,9.99999e-01,9.95985e-01,9.99999e-01
1.186482820e+00,9.96064e-01,9.99999e-01,9.96064e-01,9.99999e-01
1.192415234e+00,9.96142e-01,9.99999e-01,9.96142e-01,9.99999e-01
1.198377311e+00,9.96218e-01,9.99999e-01,9.96218e-01,9.99999e-01
1.204369197e+00,9.96292e-01,9.99999e-01,9.96292e-01,9.99999e-01
1.210391043e+00,9.96365e-01,9.99999e-01,9.96365e-01,9.99999e-01
1.216442998e+00,9.96437e-01,9.99999e-01,9.96437e-01,9.99999e-01
1.222525213e+00,9.96507e-01,9.99999e-01,9.96507e-01,9.99999e-01
1.228637839e+00,9.96576e-01,9.99999e-01,9.96576e-01,9.99999e-01
1.234781029e+00,9.96644e-01,9.99999e-01,9.96644e-01,9.99999e-01
1.240954934e+00,9.96710e-01,9.99999e-01,9.96710e-01,9.99999e-01
1.247159708e+00,9.96775e-01,9.99999e-01,9.96775e-01,9.99999e-01
1.253395507e+00,9.96838e-01,9.99999e-01,9.96838e-01,9.99999e-01
1.259662485e+00,9.96901e-01,9.99999e-01,9.96901e-01,9.99999e-01
1.265960797e+00,9.96962e-01,9.99999e-01,9.96962e-01,9.99999e-01
1.272290601e+00,9.97022e-01,9.99999e-01,9.97022e-01,9.99999e-01
1.278652054e+00,9.97080e-01,9.99999e-01,9.97080e-01,9.99999e-01
1.285045314e+00,9.97138e-01,9.99999e-01,9.97138e-01,9.99999e-01
1.291470541e+00,9.97194e-01,9.99999e-01,9.97194e-01,9.99999e-01
1.297927893e+00,9.97250e-01,9.99999e-01,9.97250e-01,9.99999e-01
1.304417533e+00,9.97304e-01,9.99999e-01,9.97304e-01,9.99999e-01
1.310939621e+00,9.97357e-01,9.99999e-01,9.97357e-01,9.99999e-01
1.317494319e+00,9.97409e-01,9.99999e-01,9.97409e-01,9.99999e-01
1.324081790e+00,9.97460e-01,9.99999e-01,9.97460e-01,9.99999e-01
1.330702199e+00,9.97510e-01,9.99999e-01,9.97510e-01,9.99999e-01
1.337355710e+00,9.97559e-01,9.99999e-01,9.97559e-01,9.99999e-01
1.344042489e+00,9.97608e-01,9.99999e-01,9.97608e-01,9.99999e-01
1.350762701e+00,9.97655e-01,9.99999e-01,9.97655e-01,9.99999e-01
1.357516515e+00,9.97701e-01,9.99999e-01,9.97701e-01,9.99999e-01
1.364304097e+00,9.97746e-01,9.99999e-01,9.97746e-01,9.99999e-01
1.371125618e+00,9.97791e-01,9.99999e-01,9.97791e-01,9.99999e-01
1.377981246e+00,9.97834e-01,9.99999e-01,9.97834e-01,9.99999e-01
1.384871152e+00,9.97877e-01,9.99999e-01,9.97877e-01,9.99999e-01
1.391795508e+00,9.97919e-01,9.99999e-01,9.97919e-01,9.99999e-01
1.398754485e+00,9.97960e-01,9.99999e-01,9.97960e-01,9.99999e-01
1.405748258e+00,9.98000e-01,9.99999e-01,9.98000e-01,9.99999e-01
1.412776999e+00,9.98040e-01,9.99999e-01,9.98040e-01,9.99999e-01
1.419840884e+00,9.98078e-01,9.99999e-01,9.98078e-01,9.99999e-01
1.426940089e+00,9.98116e-01,9.99999e-01,9.98116e-01,9.99999e-01
1.434074789e+00,9.98153e-01,9.99999e-01,9.98153e-01,9.99999e-01
1.441245163e+00,9.98190e-01,9.99999e-01,9.98190e-01,9.99999e-01
1.448451389e+00,9.98225e-01,9.99999e-01,9.98226e-01,9.99999e-01
1.455693646e+00,9.98260e-01,9.99999e-01,9.98261e-01,9.99999e-01
1.462972114e+00,9.98295e-01,9.99999e-01,9.98295e-01,9.99999e-01
1.470286975e+00,9.98328e-01,9.99999e-01,9.98328e-01,9.99999e-01
1.477638409e+00,9.98361e-01,9.99999e-01,9.98361e-01,9.99999e-01
1.485026601e+00,9.98394e-01,9.99999e-01,9.98394e-01,9.99999e-01
1.492451734e+00,9.98425e-01,9.99999e-01,9.98425e-01,9.99999e-01
1.499913993e+00,9.98456e-01,9.99999e-01,9.98456e-01,9.99999e-01
1.507413563e+00,9.98487e-01,9.99999e-01,9.98487e-01,9.99999e-01
1.514950631e+00,9.98517e-01,9.99999e-01,9.98517e-01,9.99999e-01
1.522525384e+00,9.98546e-01,9.99999e-01,9.98546e-01,9.99999e-01
1.530138011e+00,9.98575e-01,9.99999e-01,9.98575e-01,9.99999e-01
1.537788701e+00,9.98603e-01,9.99999e-01,9.98603e-01,9.99999e-01
1.545477645e+00,9.98630e-01,9.99999e-01,9.98630e-01,9.99999e-01
1.553205033e+00,9.98657e-01,9.99999e-01,9.98657e-01,9.99999e-01
1.560971058e+00,9.98684e-01,9.99999e-01,9.98684e-01,9.99999e-01
1.568775913e+00,9.98710e-01,9.99999e-01,9.98710e-01,9.99999e-01
1.576619793e+00,9.98735e-01,9.99999e-01,9.98735e-01,9.99999e-01
1.584502892e+00,9.98760e-01,9.99999e-01,9.98760e-01,9.99999e-01
1.592425406e+00,9.98785e-01,9.99999e-01,9.98785e-01,9.99999e-01
1.600387533e+00,9.98809e-01,9.99999e-01,9.98809e-01,9.99999e-01
1.608389471e+00,9.98832e-01,9.99999e-01,9.98832e-01,9.99999e-01
1.616431418e+00,9.98855e-01,9.99999e-01,9.98855e-01,9.99999e-01
1.624513575e+00,9.98878e-01,9.99999e-01,9.98878e-01,9.99999e-01
1.632636143e+00,9.98900e-01,9.99999e-01,9.98900e-01,9.99999e-01
1.640799324e+00,9.98922e-01,9.99999e-01,9.98922e-01,9.99999e-01
1.649003321e+00,9.98943e-01,9.99999e-01,9.98943e-01,9.99999e-01
1.657248337e+00,9.98964e-01,9.99999e-01,9.98964e-01,9.99999e-01
1.665534579e+00,9.98984e-01,9.99999e-01,9.98984e-01,9.99999e-01
1.673862252e+00,9.99004e-01,9.99999e-01,9.99004e-01,9.99999e-01
1.682231563e+00,9.99024e-01,9.99999e-01,9.99024e-01,9.99999e-01
1.690642721e+00,9.99043e-01,9.99999e-01,9.99043e-01,9.99999e-01
1.699095934e+00,9.99062e-01,9.99999e-01,9.99062e-01,9.99999e-01
1.707591414e+00,9.99080e-01,9.99999e-01,9.99080e-01,9.99999e-01
1.716129371e+00,9.99099e-01,9.99999e-01,9.99099e-01,9.99999e-01
1.724710018e+00,9.99116e-01,9.99999e-01,9.99116e-01,9.99999e-01
1.733333568e+00,9.99134e-01,9.99999e-01,9.99134e-01,9.99999e-01
1.742000236e+00,9.99151e-01,9.99999e-01,9.99151e-01,9.99999e-01
1.750710237e+00,9.99168e-01,9.99999e-01,9.99168e-01,9.99999e-01
1.759463788e+00,9.99184e-01,9.99999e-01,9.99184e-01,9.99999e-01
1.768261107e+00,9.99200e-01,9.99999e-01,9.99200e-01,9.99999e-01
1.777102413e+00,9.99216e-01,9.99999e-01,9.99216e-01,9.99999e-01
1.785987925e+00,9.99231e-01,9.99999e-01,9.99231e-01,9.99999e-01
1.794917864e+00,9.99247e-01,9.99999e-01,9.99247e-01,9.99999e-01
1.803892454e+00,9.99261e-01,9.99999e-01,9.99261e-01,9.99999e-01
1.812911916e+00,9.99276e-01,9.99999e-01,9.99276e-01,9.99999e-01
1.821976476e+00,9.99290e-01,9.99999e-01,9.99290e-01,9.99999e-01
1.831086358e+00,9.99304e-01,9.99999e-01,9.99304e-01,9.99999e-01
1.840241790e+00,9.99318e-01,9.99999e-01,9.99318e-01,9.99999e-01
1.849442999e+00,9.99331e-01,9.99999e-01,9.99331e-01,9.99999e-01
1.858690214e+00,9.99345e-01,9.99999e-01,9.99345e-01,9.99999e-01
1.867983665e+00,9.99357e-01,9.99999e-01,9.99357e-01,9.99999e-01
1.877323583e+00,9.99370e-01,9.99999e-01,9.99370e-01,9.99999e-01
1.886710201e+00,9.99383e-01,9.99999e-01,9.99383e-01,9.99999e-01
1.896143752e+00,9.99395e-01,9.99999e-01,9.99395e-01,9.99999e-01
1.905624471e+00,9.99407e-01,9.99999e-01,9.99407e-01,9.99999e-01
1.915152593e+00,9.99418e-01,9.99999e-01,9.99418e-01,9.99999e-01
1.924728356e+00,9.99430e-01,9.99999e-01,9.99430e-01,9.99999e-01
1.934351998e+00,9.99441e-01,9.99999e-01,9.99441e-01,9.99999e-01
1.944023758e+00,9.99452e-01,9.99999e-01,9.99452e-01,9.99999e-01
1.953743877e+00,9.99463e-01,9.99999e-01,9.99463e-01,9.99999e-01
1.963512596e+00,9.99473e-01,9.99999e-01,9.99473e-01,9.99999e-01
1.973330159e+00,9.99484e-01,9.99999e-01,9.99484e-01,9.99999e-01
1.983196810e+00,9.99494e-01,9.99999e-01,9.99494e-01,9.99999e-01
1.993112794e+00,9.99504e-01,9.99999e-01,9.99504e-01,9.99999e-01
2.003078358e+00,9.99500e-01,9.99999e-01,9.99514e-01,9.99986e-01
2.013093750e+00,9.99497e-01,9.99999e-01,9.99523e-01,9.99973e-01
2.023159218e+00,9.99491e-01,9.99999e-01,9.99533e-01,9.99957e-01
2.033275015e+00,9.99479e-01,9.99999e-01,9.99542e-01,9.99936e-01
2.043441390e+00,9.99446e-01,9.99999e-01,9.99551e-01,9.99894e-01
2.053658597e+00,9.99379e-01,9.99998e-01,9.99560e-01,9.99818e-01
2.063926890e+00,9.99257e-01,9.99997e-01,9.99569e-01,9.99689e-01
2.074246524e+00,9.99037e-01,9.99996e-01,9.99577e-01,9.99462e-01
2.084617757e+00,9.98686e-01,9.99994e-01,9.99585e-01,9.99105e-01
2.095040845e+00,9.98197e-01,9.99991e-01,9.99594e-01,9.98610e-01
2.105516050e+00,9.97601e-01,9.99989e-01,9.99602e-01,9.98008e-01
2.116043630e+00,9.97129e-01,9.99990e-01,9.99609e-01,9.97527e-01
2.126623848e+00,9.96811e-01,9.99991e-01,9.99617e-01,9.97200e-01
2.137256967e+00,9.96483e-01,9.99992e-01,9.99625e-01,9.96863e-01
2.147943252e+00,9.95861e-01,9.99996e-01,9.99632e-01,9.96229e-01
2.158682968e+00,9.95250e-01,9.99977e-01,9.99639e-01,9.95630e-01
2.169476383e+00,9.96323e-01,9.99991e-01,9.99646e-01,9.96682e-01
2.180323765e+00,9.97263e-01,9.99995e-01,9.99653e-01,9.97612e-01
2.191225384e+00,9.97681e-01,9.99994e-01,9.99660e-01,9.98024e-01
2.202181511e+00,9.98132e-01,9.99995e-01,9.99667e-01,9.98467e-01
2.213192418e+00,9.98598e-01,9.99996e-01,9.99673e-01,9.98926e-01
2.224258381e+00,9.98991e-01,9.99997e-01,9.99680e-01,9.99312e-01
2.235379672e+00,9.99291e-01,9.99997e-01,9.99686e-01,9.99605e-01
2.246556571e+00,9.99473e-01,9.99998e-01,9.99692e-01,9.99781e-01
2.257789354e+00,9.99577e-01,9.99998e-01,9.99698e-01,9.99878e-01
2.269078300e+00,9.99640e-01,9.99999e-01,9.99704e-01,9.99935e-01
2.280423692e+00,9.99673e-01,9.99999e-01,9.99710e-01,9.99962e-01
2.291825810e+00,9.99694e-01,9.99999e-01,9.99716e-01,9.99978e-01
2.303284939e+00,9.99709e-01,9.99999e-01,9.99721e-01,9.99987e-01
2.314801364e+00,9.99719e-01,9.99999e-01,9.99727e-01,9.99991e-01
2.326375371e+00,9.99732e-01,9.99999e-01,9.99732e-01,9.99999e-01
2.338007248e+00,9.99738e-01,9.99999e-01,9.99738e-01,9.99999e-01
2.349697284e+00,9.99743e-01,9.99999e-01,9.99743e-01,9.99999e-01
2.361445770e+00,9.99748e-01,9.99999e-01,9.99748e-01,9.99999e-01
2.373252999e+00,9.99753e-01,9.99999e-01,9.99753e-01,9.99999e-01
2.385119264e+00,9.99758e-01,9.99999e-01,9.99758e-01,9.99999e-01
2.397044861e+00,9.99762e-01,9.99999e-01,9.99762e-01,9.99999e-01
2.409030085e+00,9.99767e-01,9.99999e-01,9.99767e-01,9.99999e-01
2.421075235e+00,9.99772e-01,9.99999e-01,9.99772e-01,9.99999e-01
2.433180612e+00,9.99776e-01,9.99999e-01,9.99776e-01,9.99999e-01
2.445346515e+00,9.99781e-01,9.99999e-01,9.99781e-01,9.99999e-01
2.457573247e+00,9.99785e-01,9.99999e-01,9.99785e-01,9.99999e-01
2.469861113e+00,9.99789e-01,9.99999e-01,9.99789e-01,9.99999e-01
2.482210419e+00,9.99793e-01,9.99999e-01,9.99793e-01,9.99999e-01
2.494621471e+00,9.99797e-01,9.99999e-01,9.99797e-01,9.99999e-01
2.507094578e+00,9.99801e-01,9.99999e-01,9.99801e-01,9.99999e-01
2.519630051e+00,9.99805e-01,9.99999e-01,9.99805e-01,9.99999e-01
2.532228202e+00,9.99809e-01,9.99999e-01,9.99809e-01,9.99999e-01
2.544889343e+00,9.99813e-01,9.99999e-01,9.99813e-01,9.99999e-01
2.557613789e+00,9.99816e-01,9.99999e-01,9.99816e-01,9.99999e-01
2.570401858e+00,9.99820e-01,9.99999e-01,9.99820e-01,9.99999e-01
2.583253867e+00,9.99824e-01,9.99999e-01,9.99824e-01,9.99999e-01
2.596170137e+00,9.99827e-01,9.99999e-01,9.99827e-01,9.99999e-01
2.609150988e+00,9.99830e-01,9.99999e-01,9.99830e-01,9.99999e-01
2.622196742e+00,9.99834e-01,9.99999e-01,9.99834e-01,9.99999e-01
2.635307726e+00,9.99837e-01,9.99999e-01,9.99837e-01,9.99999e-01
2.648484265e+00,9.99840e-01,9.99999e-01,9.99840e-01,9.99999e-01
2.661726686e+00,9.99843e-01,9.99999e-01,9.99843e-01,9.99999e-01
2.675035320e+00,9.99846e-01,9.99999e-01,9.99846e-01,9.99999e-01
2.688410496e+00,9.99849e-01,9.99999e-01,9.99849e-01,9.99999e-01
2.701852549e+00,9.99852e-01,9.99999e-01,9.99852e-01,9.99999e-01
2.715361811e+00,9.99855e-01,9.99999e-01,9.99855e-01,9.99999e-01
2.728938620e+00,9.99858e-01,9.99999e-01,9.99858e-01,9.99999e-01
2.742583314e+00,9.99861e-01,9.99999e-01,9.99861e-01,9.99999e-01
2.756296230e+00,9.99864e-01,9.99999e-01,9.99864e-01,9.99999e-01
2.770077711e+00,9.99866e-01,9.99999e-01,9.99866e-01,9.99999e-01
2.783928100e+00,9.99869e-01,9.99999e-01,9.99869e-01,9.99999e-01
2.797847740e+00,9.99872e-01,9.99999e-01,9.99872e-01,9.99999e-01
2.811836979e+00,9.99874e-01,9.99999e-01,9.99874e-01,9.99999e-01
2.825896164e+00,9.99876e-01,9.99999e-01,9.99876e-01,9.99999e-01
2.840025645e+00,9.99879e-01,9.99999e-01,9.99879e-01,9.99999e-01
2.854225773e+00,9.99881e-01,9.99999e-01,9.99881e-01,9.99999e-01
2.868496902e+00,9.99884e-01,9.99999e-01,9.99884e-01,9.99999e-01
2.882839386e+00,9.99886e-01,9.99999e-01,9.99886e-01,9.99999e-01
2.897253583e+00,9.99888e-01,9.99999e-01,9.99888e-01,9.99999e-01
2.911739851e+00,9.99890e-01,9.99999e-01,9.99890e-01,9.99999e-01
2.926298550e+00,9.99892e-01,9.99999e-01,9.99892e-01,9.99999e-01
2.940930043e+00,9.99895e-01,9.99999e-01,9.99895e-01,9.99999e-01
2.955634693e+00,9.99897e-01,9.99999e-01,9.99897e-01,9.99999e-01
2.970412867e+00,9.99899e-01,9.99999e-01,9.99899e-01,9.99999e-01
2.985264931e+00,9.99901e-01,9.99999e-01,9.99901e-01,9.99999e-01
3.000191256e+00,9.99903e-01,9.99999e-01,9.99903e-01,9.99999e-01
3.015192212e+00,9.99904e-01,9.99999e-01,9.99904e-01,9.99999e-01
3.030268173e+00,9.99906e-01,9.99999e-01,9.99906e-01,9.99999e-01
3.045419514e+00,9.99908e-01,9.99999e-01,9.99908e-01,9.99999e-01
3.060646612e+00,9.99910e-01,9.99999e-01,9.99910e-01,9.99999e-01
3.075949845e+00,9.99912e-01,9.99999e-01,9.99912e-01,9.99999e-01
3.091329594e+00,9.99913e-01,9.99999e-01,9.99913e-01,9.99999e-01
3.106786242e+00,9.99915e-01,9.99999e-01,9.99915e-01,9.99999e-01
3.122320173e+00,9.99917e-01,9.99999e-01,9.99917e-01,9.99999e-01
3.137931774e+00,9.99918e-01,9.99999e-01,9.99918e-01,9.99999e-01
3.153621433e+00,9.99920e-01,9.99999e-01,9.99920e-01,9.99999e-01
3.169389540e+00,9.99922e-01,9.99999e-01,9.99922e-01,9.99999e-01
3.185236488e+00,9.99923e-01,9.99999e-01,9.99923e-01,9.99999e-01
3.201162670e+00,9.99925e-01,9.99999e-01,9.99925e-01,9.99999e-01
3.217168483e+00,9.99926e-01,9.99999e-01,9.99926e-01,9.99999e-01
3.233254326e+00,9.99928e-01,9.99999e-01,9.99928e-01,9.99999e-01
3.249420598e+00,9.99929e-01,9.99999e-01,9.99929e-01,9.99999e-01
3.265667701e+00,9.99930e-01,9.99999e-01,9.99930e-01,9.99999e-01
3.281996039e+00,9.99932e-01,9.99999e-01,9.99932e-01,9.99999e-01
3.298406019e+00,9.99933e-01,9.99999e-01,9.99933e-01,9.99999e-01
3.314898049e+00,9.99934e-01,9.99999e-01,9.99934e-01,9.99999e-01
3.331472540e+00,9.99758e-01,9.99999e-01,9.99936e-01,9.99821e-01
3.348129902e+00,9.98854e-01,9.99999e-01,9.99937e-01,9.98916e-01
3.364870552e+00,9.92528e-01,9.99999e-01,9.99938e-01,9.92589e-01
3.381694905e+00,9.94362e-01,9.99999e-01,9.99939e-01,9.94421e-01
3.398603379e+00,9.93601e-01,9.99999e-01,9.99940e-01,9.93659e-01
3.415596396e+00,9.93326e-01,9.99999e-01,9.99942e-01,9.93383e-01
3.432674378e+00,9.96358e-01,9.99999e-01,9.99943e-01,9.96414e-01
3.449837750e+00,9.97494e-01,9.99999e-01,9.99944e-01,9.97549e-01
3.467086939e+00,9.97068e-01,9.99999e-01,9.99945e-01,9.97122e-01
3.484422373e+00,9.96670e-01,9.99999e-01,9.99946e-01,9.96723e-01
3.501844485e+00,9.97804e-01,9.99999e-01,9.99947e-01,9.97856e-01
3.519353708e+00,9.99367e-01,9.99999e-01,9.99948e-01,9.99418e-01
3.536950476e+00,9.99830e-01,9.99999e-01,9.99949e-01,9.99880e-01
3.554635228e+00,9.99630e-01,9.99999e-01,9.99950e-01,9.99679e-01
3.572408405e+00,9.99507e-01,9.99999e-01,9.99951e-01,9.99555e-01
3.590270447e+00,9.99454e-01,9.99999e-01,9.99952e-01,9.99501e-01
3.608221799e+00,9.99109e-01,9.99999e-01,9.99953e-01,9.99155e-01
3.626262908e+00,9.98815e-01,9.99999e-01,9.99954e-01,9.98860e-01
3.644394222e+00,9.98220e-01,9.99999e-01,9.99955e-01,9.98265e-01
3.662616193e+00,9.97587e-01,9.99999e-01,9.99956e-01,9.97631e-01
3.680929274e+00,9.96746e-01,9.99999e-01,9.99956e-01,9.96789e-01
3.699333921e+00,9.95746e-01,9.99999e-01,9.99957e-01,9.95788e-01
3.717830590e+00,9.94437e-01,9.99999e-01,9.99958e-01,9.94478e-01
3.736419743e+00,9.92592e-01,9.99999e-01,9.99959e-01,9.92633e-01
3.755101842e+00,9.90670e-01,9.99998e-01,9.99960e-01,9.90710e-01
3.773877351e+00,9.88032e-01,9.99997e-01,9.99960e-01,9.88072e-01
3.792746738e+00,9.84349e-01,9.99996e-01,9.99961e-01,9.84389e-01
3.811710472e+00,9.80032e-01,9.99993e-01,9.99962e-01,9.80075e-01
3.830769024e+00,9.74757e-01,9.99989e-01,9.99963e-01,9.74802e-01
3.849922869e+00,9.68048e-01,9.99981e-01,9.99963e-01,9.68100e-01
3.869172484e+00,9.59758e-01,9.99974e-01,9.99964e-01,9.59816e-01
3.888518346e+00,9.48715e-01,9.99955e-01,9.99965e-01,9.48790e-01
3.907960938e+00,9.34273e-01,9.99945e-01,9.99966e-01,9.34355e-01
3.927500742e+00,9.15908e-01,9.99905e-01,9.99966e-01,9.16024e-01
3.947138246e+00,8.92395e-01,9.99868e-01,9.99967e-01,8.92541e-01
3.966873937e+00,8.62582e-01,9.99849e-01,9.99967e-01,8.62739e-01
3.986708307e+00,8.26797e-01,9.99754e-01,9.99968e-01,8.27025e-01
4.006641849e+00,7.85247e-01,9.99679e-01,9.99969e-01,7.85522e-01
4.026675058e+00,7.39766e-01,9.99738e-01,9.99969e-01,7.39981e-01
4.046808433e+00,6.93505e-01,9.99722e-01,9.99970e-01,6.93718e-01
4.067042475e+00,6.49791e-01,9.99602e-01,9.99970e-01,6.50068e-01
4.087377688e+00,6.11223e-01,9.99535e-01,9.99971e-01,6.11524e-01
4.107814576e+00,5.81376e-01,9.99458e-01,9.99972e-01,5.81707e-01
4.128353649e+00,5.62424e-01,9.99454e-01,9.99972e-01,5.62746e-01
4.148995417e+00,5.53668e-01,9.99626e-01,9.99973e-01,5.53890e-01
4.169740394e+00,5.55198e-01,9.99650e-01,9.99973e-01,5.55407e-01
4.190589096e+00,5.63085e-01,9.99674e-01,9.99974e-01,5.63283e-01
4.211542042e+00,5.65450e-01,9.99698e-01,9.99974e-01,5.65634e-01
4.232599752e+00,5.52760e-01,9.99817e-01,9.99975e-01,5.52874e-01
4.253762751e+00,5.14656e-01,9.99870e-01,9.99975e-01,5.14735e-01
4.275031564e+00,4.49336e-01,9.99792e-01,9.99976e-01,4.49440e-01
4.296406722e+00,4.28380e-01,9.97947e-01,9.99976e-01,4.29271e-01
4.317888756e+00,4.81681e-01,9.99594e-01,9.99977e-01,4.81887e-01
4.339478200e+00,5.64487e-01,9.99762e-01,9.99977e-01,5.64634e-01
4.361175591e+00,6.20463e-01,9.99809e-01,9.99977e-01,6.20595e-01
4.382981469e+00,6.50493e-01,9.99794e-01,9.99978e-01,6.50640e-01
4.404896376e+00,6.67934e-01,9.99713e-01,9.99978e-01,6.68139e-01
4.426920858e+00,6.83192e-01,9.99712e-01,9.99979e-01,6.83403e-01
4.449055462e+00,7.00791e-01,9.99799e-01,9.99979e-01,7.00946e-01
4.471300739e+00,7.22310e-01,9.99790e-01,9.99979e-01,7.22475e-01
4.493657243e+00,7.48062e-01,9.99820e-01,9.99980e-01,7.48211e-01
4.516125529e+00,7.76081e-01,9.99826e-01,9.99980e-01,7.76230e-01
4.538706157e+00,8.05715e-01,9.99794e-01,9.99981e-01,8.05895e-01
4.561399688e+00,8.35213e-01,9.99857e-01,9.99981e-01,8.35347e-01
4.584206686e+00,8.62905e-01,9.99886e-01,9.99981e-01,8.63018e-01
4.607127720e+00,8.88147e-01,9.99888e-01,9.99982e-01,8.88261e-01
4.630163358e+00,9.10453e-01,9.99930e-01,9.99982e-01,9.10532e-01
4.653314175e+00,9.28931e-01,9.99933e-01,9.99982e-01,9.29008e-01
4.676580746e+00,9.44052e-01,9.99936e-01,9.99983e-01,9.44127e-01
4.699963650e+00,9.56375e-01,9.99965e-01,9.99983e-01,9.56423e-01
4.723463468e+00,9.66122e-01,9.99958e-01,9.99983e-01,9.66177e-01
4.747080785e+00,9.73601e-01,9.99978e-01,9.99984e-01,9.73636e-01
4.770816189e+00,9.79531e-01,9.99979e-01,9.99984e-01,9.79565e-01
4.794670270e+00,9.84194e-01,9.99982e-01,9.99984e-01,9.84225e-01
4.818643622e+00,9.87890e-01,9.99989e-01,9.99985e-01,9.87914e-01
4.842736840e+00,9.90673e-01,9.99988e-01,9.99985e-01,9.90698e-01
4.866950524e+00,9.92747e-01,9.99994e-01,9.99985e-01,9.92765e-01
4.891285276e+00,9.94437e-01,9.99994e-01,9.99985e-01,9.94456e-01
4.915741703e+00,9.95737e-01,9.99996e-01,9.99986e-01,9.95754e-01
4.940320411e+00,9.96703e-01,9.99997e-01,9.99986e-01,9.96719e-01
4.965022013e+00,9.97462e-01,9.99997e-01,9.99986e-01,9.97477e-01
4.989847123e+00,9.98112e-01,9.99998e-01,9.99986e-01,9.98126e-01
5.014796359e+00,9.98641e-01,9.99998e-01,9.99987e-01,9.98655e-01
5.039870341e+00,9.99062e-01,9.99998e-01,9.99987e-01,9.99075e-01
5.065069693e+00,9.99369e-01,9.99998e-01,9.99987e-01,9.99381e-01
5.090395041e+00,9.99637e-01,9.99999e-01,9.99987e-01,9.99648e-01
5.115847016e+00,9.99793e-01,9.99999e-01,9.99988e-01,9.99804e-01
5.141426251e+00,9.99775e-01,9.99999e-01,9.99988e-01,9.99787e-01
5.167133383e+00,9.99908e-01,9.99999e-01,9.99988e-01,9.99919e-01
5.192969049e+00,9.99925e-01,9.99999e-01,9.99988e-01,9.99935e-01
5.218933895e+00,9.99835e-01,9.99999e-01,9.99988e-01,9.99845e-01
5.245028564e+00,9.99850e-01,9.99999e-01,9.99989e-01,9.99860e-01
5.271253707e+00,9.99890e-01,9.99999e-01,9.99989e-01,9.99900e-01
5.297609976e+00,9.99878e-01,9.99999e-01,9.99989e-01,9.99888e-01
5.324098025e+00,9.99940e-01,9.99999e-01,9.99989e-01,9.99949e-01
5.350718516e+00,9.99309e-01,9.99999e-01,9.99989e-01,9.99319e-01
5.377472108e+00,9.99388e-01,9.99999e-01,9.99990e-01,9.99397e-01
5.404359469e+00,9.99990e-01,9.99999e-01,9.99990e-01,9.99999e-01
5.431381266e+00,9.99990e-01,9.99999e-01,9.99990e-01,9.99999e-01
5.458538172e+00,9.99990e-01,9.99999e-01,9.99990e-01,9.99999e-01
5.485830863e+00,9.99990e-01,9.99999e-01,9.99990e-01,9.99999e-01
5.513260018e+00,9.99991e-01,9.99999e-01,9.99991e-01,9.99999e-01
5.540826318e+00,9.99991e-01,9.99999e-01,9.99991e-01,9.99999e-01
5.568530449e+00,9.99991e-01,9.99999e-01,9.99991e-01,9.99999e-01
5.596373101e+00,9.99991e-01,9.99999e-01,9.99991e-01,9.99999e-01
5.624354967e+00,9.99991e-01,9.99999e-01,9.99991e-01,9.99999e-01
5.652476742e+00,9.99991e-01,9.99999e-01,9.99991e-01,9.99999e-01
5.680739126e+00,9.99991e-01,9.99999e-01,9.99991e-01,9.99999e-01
5.709142821e+00,9.99992e-01,9.99999e-01,9.99992e-01,9.99999e-01
5.737688535e+00,9.99992e-01,9.99999e-01,9.99992e-01,9.99999e-01
5.766376978e+00,9.99992e-01,9.99999e-01,9.99992e-01,9.99999e-01
5.795208863e+00,9.99992e-01,9.99999e-01,9.99992e-01,9.99999e-01
5.824184907e+00,9.99992e-01,9.99999e-01,9.99992e-01,9.99999e-01
5.853305832e+00,9.99992e-01,9.99999e-01,9.99992e-01,9.99999e-01
5.882572361e+00,9.99992e-01,9.99999e-01,9.99992e-01,9.99999e-01
5.911985223e+00,9.99993e-01,9.99999e-01,9.99993e-01,9.99999e-01
5.941545149e+00,9.99993e-01,9.99999e-01,9.99993e-01,9.99999e-01
5.971252874e+00,9.99993e-01,9.99999e-01,9.99993e-01,9.99999e-01
6.001109139e+00,9.99993e-01,9.99999e-01,9.99993e-01,9.99999e-01
6.031114685e+00,9.99993e-01,9.99999e-01,9.99993e-01,9.99999e-01
6.061270258e+00,9.99993e-01,9.99999e-01,9.99993e-01,9.99999e-01
6.091576609e+00,9.99993e-01,9.99999e-01,9.99993e-01,9.99999e-01
6.122034492e+00,9.99993e-01,9.99999e-01,9.99993e-01,9.99999e-01
6.152644665e+00,9.99994e-01,9.99999e-01,9.99994e-01,9.99999e-01
6.183407888e+00,9.99994e-01,9.99999e-01,9.99994e-01,9.99999e-01
6.214324928e+00,9.99994e-01,9.99999e-01,9.99994e-01,9.99999e-01
6.245396552e+00,9.99994e-01,9.99999e-01,9.99994e-01,9.99999e-01
6.276623535e+00,9.99994e-01,9.99999e-01,9.99994e-01,9.99999e-01
6.308006653e+00,9.99994e-01,9.99999e-01,9.99994e-01,9.99999e-01
6.339546686e+00,9.99994e-01,9.99999e-01,9.99994e-01,9.99999e-01
6.371244419e+00,9.99994e-01,9.99999e-01,9.99994e-01,9.99999e-01
6.403100641e+00,9.99994e-01,9.99999e-01,9.99994e-01,9.99999e-01
6.435116145e+00,9.99994e-01,9.99999e-01,9.99994e-01,9.99999e-01
6.467291725e+00,9.99995e-01,9.99999e-01,9.99995e-01,9.99999e-01
6.499628184e+00,9.99995e-01,9.99999e-01,9.99995e-01,9.99999e-01
6.532126325e+00,9.99995e-01,9.99999e-01,9.99995e-01,9.99999e-01
6.564786956e+00,9.99995e-01,9.99999e-01,9.99995e-01,9.99999e-01
6.597610891e+00,9.99995e-01,9.99999e-01,9.99995e-01,9.99999e-01
6.630598946e+00,9.99995e-01,9.99999e-01,9.99995e-01,9.99999e-01
6.663751940e+00,9.99995e-01,9.99999e-01,9.99995e-01,9.99999e-01
6.697070700e+00,9.99995e-01,9.99999e-01,9.99995e-01,9.99999e-01
6.730556054e+00,9.99995e-01,9.99999e-01,9.99995e-01,9.99999e-01
6.764208834e+00,9.99995e-01,9.99999e-01,9.99995e-01,9.99999e-01
6.798029878e+00,9.99995e-01,9.99999e-01,9.99995e-01,9.99999e-01
6.832020027e+00,9.99995e-01,9.99999e-01,9.99995e-01,9.99999e-01
6.866180128e+00,9.99995e-01,9.99999e-01,9.99995e-01,9.99999e-01
6.900511028e+00,9.99996e-01,9.99999e-01,9.99996e-01,9.99999e-01
6.935013583e+00,9.99996e-01,9.99999e-01,9.99996e-01,9.99999e-01
6.969688651e+00,9.99996e-01,9.99999e-01,9.99996e-01,9.99999e-01
7.004537095e+00,9.99996e-01,9.99999e-01,9.99996e-01,9.99999e-01
7.039559780e+00,9.99996e-01,9.99999e-01,9.99996e-01,9.99999e-01
7.074757579e+00,9.99996e-01,9.99999e-01,9.99996e-01,9.99999e-01
7.110131367e+00,9.99996e-01,9.99999e-01,9.99996e-01,9.99999e-01
7.145682024e+00,9.99996e-01,9.99999e-01,9.99996e-01,9.99999e-01
7.181410434e+00,9.99996e-01,9.99999e-01,9.99996e-01,9.99999e-01
7.217317486e+00,9.99996e-01,9.99999e-01,9.99996e-01,9.99999e-01
7.253404073e+00,9.99996e-01,9.99999e-01,9.99996e-01,9.99999e-01
7.289671094e+00,9.99996e-01,9.99999e-01,9.99996e-01,9.99999e-01
7.326119449e+00,9.99996e-01,9.99999e-01,9.99996e-01,9.99999e-01
7.362750046e+00,9.99996e-01,9.99999e-01,9.99996e-01,9.99999e-01
7.399563797e+00,9.99996e-01,9.99999e-01,9.99996e-01,9.99999e-01
7.436561616e+00,9.99996e-01,9.99999e-01,9.99996e-01,9.99999e-01
7.473744424e+00,9.99996e-01,9.99999e-01,9.99996e-01,9.99999e-01
7.511113146e+00,9.99997e-01,9.99999e-01,9.99997e-01,9.99999e-01
7.548668712e+00,9.99997e-01,9.99999e-01,9.99997e-01,9.99999e-01
7.586412055e+00,9.99997e-01,9.99999e-01,9.99997e-01,9.99999e-01
7.624344115e+00,9.99997e-01,9.99999e-01,9.99997e-01,9.99999e-01
7.662465836e+00,9.99997e-01,9.99999e-01,9.99997e-01,9.99999e-01
7.700778165e+00,9.99997e-01,9.99999e-01,9.99997e-01,9.99999e-01
7.739282056e+00,9.99997e-01,9.99999e-01,9.99997e-01,9.99999e-01
7.777978466e+00,9.99997e-01,9.99999e-01,9.99997e-01,9.99999e-01
7.816868359e+00,9.99997e-01,9.99999e-01,9.99997e-01,9.99999e-01
7.855952700e+00,9.99997e-01,9.99999e-01,9.99997e-01,9.99999e-01
7.895232464e+00,9.99997e-01,9.99999e-01,9.99997e-01,9.99999e-01
7.934708626e+00,9.99997e-01,9.99999e-01,9.99997e-01,9.99999e-01
7.974382169e+00,9.99997e-01,9.99999e-01,9.99997e-01,9.99999e-01
8.014254080e+00,9.99997e-01,9.99999e-01,9.99997e-01,9.99999e-01
8.054325351e+00,9.99997e-01,9.99999e-01,9.99997e-01,9.99999e-01
8.094596977e+00,9.99997e-01,9.99999e-01,9.99997e-01,9.99999e-01
8.135069962e+00,9.99997e-01,9.99999e-01,9.99997e-01,9.99999e-01
8.175745312e+00,9.99997e-01,9.99999e-01,9.99997e-01,9.99999e-01
8.216624039e+00,9.99997e-01,9.99999e-01,9.99997e-01,9.99999e-01
8.257707159e+00,9.99997e-01,9.99999e-01,9.99997e-01,9.99999e-01
8.298995695e+00,9.99997e-01,9.99999e-01,9.99997e-01,9.99999e-01
8.340490673e+00,9.99997e-01,9.99999e-01,9.99997e-01,9.99999e-01
8.382193126e+00,9.99997e-01,9.99999e-01,9.99997e-01,9.99999e-01
8.424104092e+00,9.99997e-01,9.99999e-01,9.99997e-01,9.99999e-01
8.466224613e+00,9.99997e-01,9.99999e-01,9.99997e-01,9.99999e-01
8.508555736e+00,9.99998e-01,9.99999e-01,9.99998e-01,9.99999e-01
8.551098514e+00,9.99998e-01,9.99999e-01,9.99998e-01,9.99999e-01
8.593854007e+00,9.99998e-01,9.99999e-01,9.99998e-01,9.99999e-01
8.636823277e+00,9.99998e-01,9.99999e-01,9.99998e-01,9.99999e-01
8.680007393e+00,9.99998e-01,9.99999e-01,9.99998e-01,9.99999e-01
8.723407430e+00,9.99998e-01,9.99999e-01,9.99998e-01,9.99999e-01
8.767024467e+00,9.99998e-01,9.99999e-01,9.99998e-01,9.99999e-01
8.810859590e+00,9.99998e-01,9.99999e-01,9.99998e-01,9.99999e-01
8.854913888e+00,9.99998e-01,9.99999e-01,9.99998e-01,9.99999e-01
8.899188457e+00,9.99998e-01,9.99999e-01,9.99998e-01,9.99999e-01
8.943684399e+00,9.99998e-01,9.99999e-01,9.99998e-01,9.99999e-01
8.988402821e+00,9.99998e-01,9.99999e-01,9.99998e-01,9.99999e-01
9.033344836e+00,9.99998e-01,9.99999e-01,9.99998e-01,9.99999e-01
9.078511560e+00,9.99998e-01,9.99999e-01,9.99998e-01,9.99999e-01
9.123904118e+00,9.99998e-01,9.99999e-01,9.99998e-01,9.99999e-01
9.169523638e+00,9.99998e-01,9.99999e-01,9.99998e-01,9.99999e-01
9.215371256e+00,9.99998e-01,9.99999e-01,9.99998e-01,9.99999e-01
9.261448113e+00,9.99998e-01,9.99999e-01,9.99998e-01,9.99999e-01
9.307755353e+00,9.99998e-01,9.99999e-01,9.99998e-01,9.99999e-01
9.354294130e+00,9.99998e-01,9.99999e-01,9.99998e-01,9.99999e-01
9.401065601e+00,9.99998e-01,9.99999e-01,9.99998e-01,9.99999e-01
9.448070929e+00,9.99998e-01,9.99999e-01,9.99998e-01,9.99999e-01
9.495311283e+00,9.99998e-01,9.99999e-01,9.99998e-01,9.99999e-01
9.542787840e+00,9.99998e-01,9.99999e-01,9.99998e-01,9.99999e-01
9.590501779e+00,9.99998e-01,9.99999e-01,9.99998e-01,9.99999e-01
9.638454288e+00,9.99998e-01,9.99999e-01,9.99998e-01,9.99999e-01
9.686646559e+00,9.99998e-01,9.99999e-01,9.99998e-01,9.99999e-01
9.735079792e+00,9.99998e-01,9.99999e-01,9.99998e-01,9.99999e-01
9.783755191e+00,9.99998e-01,9.99999e-01,9.99998e-01,9.99999e-01
9.832673967e+00,9.99998e-01,9.99999e-01,9.99998e-01,9.99999e-01
9.881837337e+00,9.99998e-01,9.99999e-01,9.99998e-01,9.99999e-01
9.931246523e+00,9.99998e-01,9.99999e-01,9.99998e-01,9.99999e-01
9.980902756e+00,9.99998e-01,9.99999e-01,9.99998e-01,9.99999e-01
1.003080727e+01,9.99998e-01,9.99999e-01,9.99998e-01,9.99999e-01
1.008096131e+01,9.99998e-01,9.99999e-01,9.99998e-01,9.99999e-01
1.013136611e+01,9.99998e-01,9.99999e-01,9.99998e-01,9.99999e-01
1.018202294e+01,9.99998e-01,9.99999e-01,9.99998e-01,9.99999e-01
1.023293306e+01,9.99998e-01,9.99999e-01,9.99998e-01,9.99999e-01
1.028409772e+01,9.99998e-01,9.99999e-01,9.99998e-01,9.99999e-01
1.033551821e+01,9.99998e-01,9.99999e-01,9.99998e-01,9.99999e-01
1.038719580e+01,9.99998e-01,9.99999e-01,9.99998e-01,9.99999e-01
1.043913178e+01,9.99998e-01,9.99999e-01,9.99998e-01,9.99999e-01
1.049132744e+01,9.99998e-01,9.99999e-01,9.99998e-01,9.99999e-01
1.054378408e+01,9.99998e-01,9.99999e-01,9.99998e-01,9.99999e-01
1.059650300e+01,9.99998e-01,9.99999e-01,9.99998e-01,9.99999e-01
1.064948551e+01,9.99998e-01,9.99999e-01,9.99998e-01,9.99999e-01
1.070273294e+01,9.99998e-01,9.99999e-01,9.99998e-01,9.99999e-01
1.075624661e+01,9.99998e-01,9.99999e-01,9.99998e-01,9.99999e-01
1.081002784e+01,9.99998e-01,9.99999e-01,9.99998e-01,9.99999e-01
1.086407798e+01,9.99998e-01,9.99999e-01,9.99998e-01,9.99999e-01
1.091839837e+01,9.99998e-01,9.99999e-01,9.99998e-01,9.99999e-01
1.097299036e+01,9.99998e-01,9.99999e-01,9.99998e-01,9.99999e-01
1.102785531e+01,9.99998e-01,9.99999e-01,9.99998e-01,9.99999e-01
1.108299459e+01,9.99998e-01,9.99999e-01,9.99998e-01,9.99999e-01
1.113840956e+01,9.99998e-01,9.99999e-01,9.99998e-01,9.99999e-01
1.119410161e+01,9.99999e-01,9.99999e-01,9.99999e-01,9.99999e-01
1.125007212e+01,9.99999e-01,9.99999e-01,9.99999e-01,9.99999e-01
1.130632248e+01,9.99999e-01,9.99999e-01,9.99999e-01,9.99999e-01
1.136285409e+01,9.99999e-01,9.99999e-01,9.99999e-01,9.99999e-01
1.141966836e+01,9.99999e-01,9.99999e-01,9.99999e-01,9.99999e-01
1.147676670e+01,9.99999e-01,9.99999e-01,9.99999e-01,9.99999e-01
1.153415054e+01,9.99999e-01,9.99999e-01,9.99999e-01,9.99999e-01
1.159182129e+01,9.99999e-01,9.99999e-01,9.99999e-01,9.99999e-01
1.164978039e+01,9.99999e-01,9.99999e-01,9.99999e-01,9.99999e-01
1.170802930e+01,9.99999e-01,9.99999e-01,9.99999e-01,9.99999e-01
1.176656944e+01,9.99999e-01,9.99999e-01,9.99999e-01,9.99999e-01
1.182540229e+01,9.99999e-01,9.99999e-01,9.99999e-01,9.99999e-01
1.188452930e+01,9.99999e-01,9.99999e-01,9.99999e-01,9.99999e-01
1.194395195e+01,9.99999e-01,9.99999e-01,9.99999e-01,9.99999e-01
1.200367171e+01,9.99999e-01,9.99999e-01,9.99999e-01,9.99999e-01
1.206369007e+01,9.99999e-01,9.99999e-01,9.99999e-01,9.99999e-01
1.212400852e+01,9.99999e-01,9.99999e-01,9.99999e-01,9.99999e-01
1.218462856e+01,9.99999e-01,9.99999e-01,9.99999e-01,9.99999e-01
1.224555170e+01,9.99999e-01,9.99999e-01,9.99999e-01,9.99999e-01
1.230677946e+01,9.99999e-01,9.99999e-01,9.99999e-01,9.99999e-01
1.236831336e+01,9.99999e-01,9.99999e-01,9.99999e-01,9.99999e-01
1.243015492e+01,9.99999e-01,9.99999e-01,9.99999e-01,9.99999e-01
1.249230570e+01,9.99999e-01,9.99999e-01,9.99999e-01,9.99999e-01
1.255476723e+01,9.99999e-01,9.99999e-01,9.99999e-01,9.99999e-01
1.261754106e+01,9.99999e-01,9.99999e-01,9.99999e-01,9.99999e-01
1.268062877e+01,9.99999e-01,9.99999e-01,9.99999e-01,9.99999e-01
1.274403191e+01,9.99999e-01,9.99999e-01,9.99999e-01,9.99999e-01
1.280775207e+01,9.99999e-01,9.99999e-01,9.99999e-01,9.99999e-01
1.287179083e+01,9.99999e-01,9.99999e-01,9.99999e-01,9.99999e-01
1.293614979e+01,9.99999e-01,9.99999e-01,9.99999e-01,9.99999e-01
1.300083054e+01,9.99999e-01,9.99999e-01,9.99999e-01,9.99999e-01
1.306583469e+01,9.99999e-01,9.99999e-01,9.99999e-01,9.99999e-01
1.313116386e+01,9.99999e-01,9.99999e-01,9.99999e-01,9.99999e-01
1.319681968e+01,9.99999e-01,9.99999e-01,9.99999e-01,9.99999e-01
1.326280378e+01,9.99999e-01,9.99999e-01,9.99999e-01,9.99999e-01
1.332911780e+01,9.99999e-01,9.99999e-01,9.99999e-01,9.99999e-01
1.339576339e+01,9.99999e-01,9.99999e-01,9.99999e-01,9.99999e-01
1.346274221e+01,9.99999e-01,9.99999e-01,9.99999e-01,9.99999e-01
1.353005592e+01,9.99999e-01,9.99999e-01,9.99999e-01,9.99999e-01
1.359770620e+01,9.99999e-01,9.99999e-01,9.99999e-01,9.99999e-01
1.366569473e+01,9.99999e-01,9.99999e-01,9.99999e-01,9.99999e-01
1.373402320e+01,9.99999e-01,9.99999e-01,9.99999e-01,9.99999e-01
1.380269332e+01,9.99999e-01,9.99999e-01,9.99999e-01,9.99999e-01
1.387170678e+01,9.99999e-01,9.99999e-01,9.99999e-01,9.99999e-01
1.394106532e+01,9.99999e-01,9.99999e-01,9.99999e-01,9.99999e-01
1.401077064e+01,9.99999e-01,9.99999e-01,9.99999e-01,9.99999e-01
1.408082450e+01,9.99999e-01,9.99999e-01,9.99999e-01,9.99999e-01
1.415122862e+01,9.99999e-01,9.99999e-01,9.99999e-01,9.99999e-01
1.422198476e+01,9.99999e-01,9.99999e-01,9.99999e-01,9.99999e-01
1.429309469e+01,9.99999e-01,9.99999e-01,9.99999e-01,9.99999e-01
1.436456016e+01,9.99999e-01,9.99999e-01,9.99999e-01,9.99999e-01
1.443638296e+01,9.99999e-01,9.99999e-01,9.99999e-01,9.99999e-01
1.450856487e+01,9.99999e-01,9.99999e-01,9.99999e-01,9.99999e-01
1.458110770e+01,9.99999e-01,9.99999e-01,9.99999e-01,9.99999e-01
1.465401324e+01,9.99999e-01,9.99999e-01,9.99999e-01,9.99999e-01
1.472728330e+01,9.99999e-01,9.99999e-01,9.99999e-01,9.99999e-01
1.480091972e+01,9.99999e-01,9.99999e-01,9.99999e-01,9.99999e-01
1.487492432e+01,9.99999e-01,9.99999e-01,9.99999e-01,9.99999e-01
1.494929894e+01,9.99999e-01,9.99999e-01,9.99999e-01,9.99999e-01
1.502404544e+01,9.99999e-01,9.99999e-01,9.99999e-01,9.99999e-01
1.509916566e+01,9.99999e-01,9.99999e-01,9.99999e-01,9.99999e-01
1.517466149e+01,9.99999e-01,9.99999e-01,9.99999e-01,9.99999e-01
1.525053480e+01,9.99999e-01,9.99999e-01,9.99999e-01,9.99999e-01
1.532678747e+01,9.99999e-01,9.99999e-01,9.99999e-01,9.99999e-01
1.540342141e+01,9.93058e-01,9.99999e-01,9.99999e-01,9.93058e-01
1.548043852e+01,9.92573e-01,9.99999e-01,9.99999e-01,9.92573e-01
1.555784071e+01,9.92333e-01,9.99999e-01,9.99999e-01,9.92333e-01
1.563562991e+01,9.92087e-01,9.99999e-01,9.99999e-01,9.92087e-01
1.571380806e+01,9.91832e-01,9.99999e-01,9.99999e-01,9.91832e-01
1.579237710e+01,9.91570e-01,9.99999e-01,9.99999e-01,9.91570e-01
1.587133899e+01,9.91304e-01,9.99999e-01,9.99999e-01,9.91304e-01
1.595069568e+01,9.91036e-01,9.99999e-01,9.99999e-01,9.91036e-01
1.603044916e+01,9.90760e-01,9.99999e-01,9.99999e-01,9.90760e-01
1.611060141e+01,9.90478e-01,9.99999e-01,9.99999e-01,9.90478e-01
1.619115441e+01,9.90187e-01,9.99999e-01,9.99999e-01,9.90187e-01
1.627211019e+01,9.89888e-01,9.99999e-01,9.99999e-01,9.89888e-01
1.635347074e+01,9.89587e-01,9.99999e-01,9.99999e-01,9.89587e-01
1.643523809e+01,9.89278e-01,9.99999e-01,9.99999e-01,9.89278e-01
1.651741428e+01,9.88961e-01,9.99999e-01,9.99999e-01,9.88962e-01
1.660000135e+01,9.88642e-01,9.99999e-01,9.99999e-01,9.88642e-01
1.668300136e+01,9.88312e-01,9.99999e-01,9.99999e-01,9.88312e-01
1.676641637e+01,9.87976e-01,9.99999e-01,9.99999e-01,9.87976e-01
1.685024845e+01,9.87634e-01,9.99999e-01,9.99999e-01,9.87634e-01
1.693449969e+01,9.87284e-01,9.99999e-01,9.99999e-01,9.87284e-01
1.701917219e+01,9.86922e-01,9.99999e-01,9.99999e-01,9.86922e-01
1.710426805e+01,9.86549e-01,9.99999e-01,9.99999e-01,9.86549e-01
1.718978939e+01,9.86175e-01,9.99999e-01,9.99999e-01,9.86175e-01
1.727573834e+01,9.85792e-01,9.99999e-01,9.99999e-01,9.85792e-01
1.736211703e+01,9.85398e-01,9.99999e-01,9.99999e-01,9.85398e-01
1.744892761e+01,9.85002e-01,9.99999e-01,9.99999e-01,9.85002e-01
1.753617225e+01,9.84597e-01,9.99999e-01,9.99999e-01,9.84598e-01
1.762385311e+01,9.84183e-01,9.99999e-01,9.99999e-01,9.84183e-01
1.771197238e+01,9.83766e-01,9.99999e-01,9.99999e-01,9.83766e-01
1.780053224e+01,9.83341e-01,9.99999e-01,9.99999e-01,9.83341e-01
1.788953490e+01,9.82908e-01,9.99999e-01,9.99999e-01,9.82909e-01
1.797898258e+01,9.82464e-01,9.99999e-01,9.99999e-01,9.82464e-01
1.806887749e+01,9.82017e-01,9.99999e-01,9.99999e-01,9.82017e-01
1.815922188e+01,9.81561e-01,9.99999e-01,9.99999e-01,9.81561e-01
1.825001799e+01,9.81096e-01,9.99999e-01,9.99999e-01,9.81096e-01
1.834126808e+01,9.80628e-01,9.99999e-01,9.99999e-01,9.80628e-01
1.843297442e+01,9.80149e-01,9.99999e-01,9.99999e-01,9.80149e-01
1.852513929e+01,9.79663e-01,9.99999e-01,9.99999e-01,9.79663e-01
1.861776499e+01,9.79165e-01,9.99999e-01,9.99999e-01,9.79165e-01
1.871085381e+01,9.78663e-01,9.99999e-01,9.99999e-01,9.78663e-01
1.880440808e+01,9.78153e-01,9.99999e-01,9.99999e-01,9.78153e-01
1.889843012e+01,9.77632e-01,9.99999e-01,9.99999e-01,9.77632e-01
1.899292227e+01,9.77102e-01,9.99999e-01,9.99999e-01,9.77102e-01
1.908788688e+01,9.76559e-01,9.99999e-01,9.99999e-01,9.76559e-01
1.918332632e+01,9.76017e-01,9.99999e-01,9.99999e-01,9.76017e-01
1.927924295e+01,9.75464e-01,9.99999e-01,9.99999e-01,9.75464e-01
1.937563916e+01,9.74908e-01,9.99999e-01,9.99999e-01,9.74908e-01
1.947251736e+01,9.74344e-01,9.99999e-01,9.99999e-01,9.74344e-01
1.956987994e+01,9.73768e-01,9.99999e-01,9.99999e-01,9.73768e-01
1.966772934e+01,9.73178e-01,9.99999e-01,9.99999e-01,9.73178e-01
1.976606799e+01,9.72574e-01,9.99999e-01,9.99999e-01,9.72574e-01
1.986489833e+01,9.71971e-01,9.99999e-01,9.99999e-01,9.71971e-01
1.996422282e+01,9.71360e-01,9.99999e-01,9.99999e-01,9.71360e-01
