#,Wave/freq,Total,O2,H2O,Rayleigh,CIA
4.000000000e-01,9.99333e-01,9.99999e-01,9.99903e-01,9.99429e-01,9.99999e-01
4.020000000e-01,9.99381e-01,9.99999e-01,9.99939e-01,9.99441e-01,9.99999e-01
4.040100000e-01,9.99426e-01,9.99999e-01,9.99974e-01,9.99452e-01,9.99999e-01
4.060300500e-01,9.99457e-01,9.99999e-01,9.99993e-01,9.99462e-01,9.99999e-01
4.080602003e-01,9.99471e-01,9.99999e-01,9.99997e-01,9.99473e-01,9.99999e-01
4.101005013e-01,9.99483e-01,9.99999e-01,9.99999e-01,9.99483e-01,9.99999e-01
4.121510038e-01,9.99490e-01,9.99999e-01,9.99995e-01,9.99494e-01,9.99999e-01
4.142117588e-01,9.99477e-01,9.99999e-01,9.99973e-01,9.99504e-01,9.99999e-01
4.162828176e-01,9.99394e-01,9.99999e-01,9.99880e-01,9.99513e-01,9.99999e-01
4.183642317e-01,9.99452e-01,9.99999e-01,9.99928e-01,9.99523e-01,9.99999e-01
4.204560528e-01,9.99489e-01,9.99999e-01,9.99956e-01,9.99532e-01,9.99999e-01
4.225583331e-01,9.99525e-01,9.99999e-01,9.99983e-01,9.99542e-01,9.99999e-01
4.246711247e-01,9.99538e-01,9.99999e-01,9.99986e-01,9.99551e-01,9.99999e-01
4.267944804e-01,9.99540e-01,9.99999e-01,9.99980e-01,9.99559e-01,9.99999e-01
4.289284528e-01,9.99553e-01,9.99999e-01,9.99984e-01,9.99568e-01,9.99999e-01
4.310730950e-01,9.99570e-01,9.99999e-01,9.99993e-01,9.99577e-01,9.99999e-01
4.332284605e-01,9.99583e-01,9.99999e-01,9.99997e-01,9.99585e-01,9.99999e-01
4.353946028e-01,9.99592e-01,9.99999e-01,9.99998e-01,9.99593e-01,9.99999e-01
4.375715758e-01,9.99589e-01,9.99999e-01,9.99987e-01,9.99601e-01,9.99999e-01
4.397594337e-01,9.99505e-01,9.99999e-01,9.99895e-01,9.99609e-01,9.99999e-01
4.419582309e-01,9.99088e-01,9.99999e-01,9.99470e-01,9.99617e-01,9.99999e-01
4.441680220e-01,9.99209e-01,9.99999e-01,9.99584e-01,9.99624e-01,9.99999e-01
4.463888621e-01,9.99200e-01,9.99999e-01,9.99567e-01,9.99632e-01,9.99999e-01
4.486208064e-01,9.99371e-01,9.99999e-01,9.99731e-01,9.99639e-01,9.99999e-01
4.508639105e-01,9.99520e-01,9.99999e-01,9.99873e-01,9.99646e-01,9.99999e-01
4.531182300e-01,9.99603e-01,9.99999e-01,9.99949e-01,9.99653e-01,9.99999e-01
4.553838212e-01,9.99626e-01,9.99999e-01,9.99965e-01,9.99660e-01,9.99999e-01
4.576607403e-01,9.99651e-01,9.99999e-01,9.99984e-01,9.99667e-01,9.99999e-01
4.599490440e-01,9.99662e-01,9.99999e-01,9.99988e-01,9.99673e-01,9.99999e-01
4.622487892e-01,9.99678e-01,9.99999e-01,9.99997e-01,9.99680e-01,9.99999e-01
4.645600332e-01,9.99678e-01,9.99999e-01,9.99992e-01,9.99686e-01,9.99999e-01
4.668828333e-01,9.99566e-01,9.99999e-01,9.99872e-01,9.99692e-01,9.99999e-01
4.692172475e-01,9.99428e-01,9.99999e-01,9.99728e-01,9.99698e-01,9.99999e-01
4.715633337e-01,9.99527e-01,9.99999e-01,9.99822e-01,9.99704e-01,9.99999e-01
4.739211504e-01,9.99541e-01,9.99999e-01,9.99830e-01,9.99710e-01,9.99999e-01
4.762907561e-01,9.99628e-01,9.99999e-01,9.99911e-01,9.99716e-01,9.99999e-01
4.786722099e-01,9.99685e-01,9.99999e-01,9.99963e-01,9.99721e-01,9.99999e-01
4.810655710e-01,9.99716e-01,9.99999e-01,9.99988e-01,9.99727e-01,9.99999e-01
4.834708988e-01,9.99629e-01,9.99999e-01,9.99896e-01,9.99732e-01,9.99999e-01
4.858882533e-01,9.99546e-01,9.99999e-01,9.99807e-01,9.99737e-01,9.99999e-01
4.883176946e-01,9.99582e-01,9.99999e-01,9.99839e-01,9.99742e-01,9.99999e-01
4.907592831e-01,9.99603e-01,9.99999e-01,9.99854e-01,9.99748e-01,9.99999e-01
4.932130795e-01,9.99650e-01,9.99999e-01,9.99896e-01,9.99753e-01,9.99999e-01
4.956791449e-01,9.99703e-01,9.99999e-01,9.99945e-01,9.99757e-01,9.99999e-01
4.981575406e-01,9.99490e-01,9.99999e-01,9.99727e-01,9.99762e-01,9.99999e-01
5.006483283e-01,9.99064e-01,9.99999e-01,9.99296e-01,9.99767e-01,9.99999e-01
5.031515699e-01,9.96205e-01,9.99999e-01,9.96431e-01,9.99771e-01,9.99999e-01
5.056673278e-01,9.97890e-01,9.99999e-01,9.98113e-01,9.99776e-01,9.99999e-01
5.081956644e-01,9.97401e-01,9.99999e-01,9.97620e-01,9.99780e-01,9.99999e-01
5.107366428e-01,9.98178e-01,9.99999e-01,9.98392e-01,9.99785e-01,9.99999e-01
5.132903260e-01,9.98870e-01,9.99999e-01,9.99080e-01,9.99789e-01,9.99999e-01
5.158567776e-01,9.99405e-01,9.99999e-01,9.99611e-01,9.99793e-01,9.99999e-01
5.184360615e-01,9.99642e-01,9.99999e-01,9.99844e-01,9.99797e-01,9.99999e-01
5.210282418e-01,9.99743e-01,9.99999e-01,9.99941e-01,9.99801e-01,9.99999e-01
5.236333830e-01,9.99572e-01,9.99999e-01,9.99766e-01,9.99805e-01,9.99999e-01
5.262515499e-01,9.99663e-01,9.99999e-01,9.99853e-01,9.99809e-01,9.99999e-01
5.288828077e-01,9.99679e-01,9.99999e-01,9.99865e-01,9.99813e-01,9.99999e-01
5.315272217e-01,9.99699e-01,9.99999e-01,9.99881e-01,9.99816e-01,9.99999e-01
5.341848578e-01,9.99743e-01,9.99999e-01,9.99922e-01,9.99820e-01,9.99999e-01
5.368557821e-01,9.99553e-01,9.99999e-01,9.99728e-01,9.99823e-01,9.99999e-01
5.395400610e-01,9.98851e-01,9.99999e-01,9.99023e-01,9.99827e-01,9.99999e-01
5.422377613e-01,9.98565e-01,9.99999e-01,9.98733e-01,9.99830e-01,9.99999e-01
5.449489501e-01,9.98658e-01,9.99999e-01,9.98824e-01,9.99834e-01,9.99999e-01
5.476736949e-01,9.98794e-01,9.99999e-01,9.98956e-01,9.99837e-01,9.99999e-01
5.504120634e-01,9.99083e-01,9.99999e-01,9.99242e-01,9.99840e-01,9.99999e-01
5.531641237e-01,9.99462e-01,9.99999e-01,9.99618e-01,9.99843e-01,9.99999e-01
5.559299443e-01,9.99663e-01,9.99999e-01,9.99815e-01,9.99846e-01,9.99999e-01
5.587095940e-01,9.99734e-01,9.99999e-01,9.99884e-01,9.99849e-01,9.99999e-01
5.615031420e-01,9.99724e-01,9.99999e-01,9.99871e-01,9.99852e-01,9.99999e-01
5.643106577e-01,9.99710e-01,9.99999e-01,9.99854e-01,9.99855e-01,9.99999e-01
5.671322110e-01,9.98100e-01,9.99999e-01,9.98240e-01,9.99858e-01,9.99999e-01
5.699678720e-01,9.97978e-01,9.99999e-01,9.98116e-01,9.99861e-01,9.99999e-01
5.728177114e-01,9.97908e-01,9.99999e-01,9.98043e-01,9.99864e-01,9.99999e-01
5.756818000e-01,9.98071e-01,9.99999e-01,9.98203e-01,9.99866e-01,9.99999e-01
5.785602090e-01,9.98303e-01,9.99999e-01,9.98433e-01,9.99869e-01,9.99999e-01
5.814530100e-01,9.98299e-01,9.99999e-01,9.98427e-01,9.99871e-01,9.99999e-01
5.843602750e-01,9.98004e-01,9.99999e-01,9.98129e-01,9.99874e-01,9.99999e-01
5.872820764e-01,9.83890e-01,9.99999e-01,9.84011e-01,9.99876e-01,9.99999e-01
5.902184868e-01,9.80459e-01,9.99999e-01,9.80578e-01,9.99879e-01,9.99999e-01
5.931695792e-01,9.86154e-01,9.99999e-01,9.86270e-01,9.99881e-01,9.99999e-01
5.961354271e-01,9.84823e-01,9.99999e-01,9.84937e-01,9.99883e-01,9.99999e-01
5.991161043e-01,9.88873e-01,9.99999e-01,9.88985e-01,9.99886e-01,9.99999e-01
6.021116848e-01,9.93623e-01,9.99999e-01,9.93733e-01,9.99888e-01,9.99999e-01
6.051222432e-01,9.96716e-01,9.99999e-01,9.96824e-01,9.99890e-01,9.99999e-01
6.081478544e-01,9.98522e-01,9.99999e-01,9.98629e-01,9.99892e-01,9.99999e-01
6.111885937e-01,9.99314e-01,9.99999e-01,9.99419e-01,9.99894e-01,9.99999e-01
6.142445367e-01,9.99638e-01,9.99999e-01,9.99740e-01,9.99897e-01,9.99999e-01
6.173157594e-01,9.99756e-01,9.99999e-01,9.99856e-01,9.99899e-01,9.99999e-01
6.204023382e-01,9.99780e-01,9.99999e-01,9.99878e-01,9.99901e-01,9.99999e-01
6.235043498e-01,9.99373e-01,9.99999e-01,9.99469e-01,9.99902e-01,9.99999e-01
6.266218716e-01,9.97091e-01,9.99999e-01,9.97185e-01,9.99904e-01,9.99999e-01
6.297549810e-01,9.98874e-01,9.99999e-01,9.98967e-01,9.99906e-01,9.99999e-01
6.329037559e-01,9.97867e-01,9.99999e-01,9.97957e-01,9.99908e-01,9.99999e-01
6.360682746e-01,9.98173e-01,9.99999e-01,9.98262e-01,9.99910e-01,9.99999e-01
6.392486160e-01,9.97660e-01,9.99999e-01,9.97747e-01,9.99912e-01,9.99999e-01
6.424448591e-01,9.96908e-01,9.99999e-01,9.96993e-01,9.99913e-01,9.99999e-01
6.456570834e-01,9.86034e-01,9.99999e-01,9.86117e-01,9.99915e-01,9.99999e-01
6.488853688e-01,9.89715e-01,9.99999e-01,9.89797e-01,9.99917e-01,9.99999e-01
6.521297956e-01,9.89525e-01,9.99999e-01,9.89606e-01,9.99918e-01,9.99999e-01
6.553904446e-01,9.89570e-01,9.99999e-01,9.89648e-01,9.99920e-01,9.99999e-01
6.586673968e-01,9.91047e-01,9.99999e-01,9.91124e-01,9.99921e-01,9.99999e-01
6.619607338e-01,9.94782e-01,9.99999e-01,9.94857e-01,9.99923e-01,9.99999e-01
6.652705375e-01,9.96945e-01,9.99999e-01,9.97019e-01,9.99925e-01,9.99999e-01
6.685968902e-01,9.98541e-01,9.99999e-01,9.98614e-01,9.99926e-01,9.99999e-01
6.719398746e-01,9.99286e-01,9.99999e-01,9.99357e-01,9.99927e-01,9.99999e-01
6.752995740e-01,9.99581e-01,9.99999e-01,9.99651e-01,9.99929e-01,9.99999e-01
6.786760719e-01,9.99429e-01,9.99999e-01,9.99498e-01,9.99930e-01,9.99999e-01
6.820694522e-01,9.99073e-01,9.99999e-01,9.99140e-01,9.99932e-01,9.99999e-01
6.854797995e-01,9.98826e-01,9.99999e-01,9.98892e-01,9.99933e-01,9.99999e-01
6.889071985e-01,9.97266e-01,9.99999e-01,9.97331e-01,9.99934e-01,9.99999e-01
6.923517345e-01,9.57202e-01,9.99999e-01,9.57264e-01,9.99936e-01,9.99999e-01
6.958134932e-01,9.77407e-01,9.99999e-01,9.77468e-01,9.99937e-01,9.99998e-01
6.992925606e-01,9.78560e-01,9.99999e-01,9.78620e-01,9.99938e-01,9.99998e-01
7.027890234e-01,9.73556e-01,9.99999e-01,9.73615e-01,9.99939e-01,9.99998e-01
7.063029686e-01,9.77698e-01,9.99999e-01,9.77756e-01,9.99940e-01,9.99999e-01
7.098344834e-01,9.78584e-01,9.99999e-01,9.78641e-01,9.99942e-01,9.99998e-01
7.133836558e-01,9.71737e-01,9.99999e-01,9.71792e-01,9.99943e-01,9.99998e-01
7.169505741e-01,7.97631e-01,9.99999e-01,7.97677e-01,9.99944e-01,9.99996e-01
7.205353270e-01,8.94145e-01,9.99999e-01,8.94196e-01,9.99945e-01,9.99996e-01
7.241380036e-01,8.67578e-01,9.99999e-01,8.67627e-01,9.99946e-01,9.99996e-01
7.277586936e-01,8.79719e-01,9.99999e-01,8.79767e-01,9.99947e-01,9.99996e-01
7.313974871e-01,8.71805e-01,9.99999e-01,8.71851e-01,9.99948e-01,9.99997e-01
7.350544745e-01,9.27606e-01,9.99999e-01,9.27653e-01,9.99949e-01,9.99998e-01
7.387297469e-01,9.46046e-01,9.99999e-01,9.46093e-01,9.99950e-01,9.99998e-01
7.424233956e-01,9.73162e-01,9.99999e-01,9.73209e-01,9.99951e-01,9.99999e-01
7.461355126e-01,9.83632e-01,9.99999e-01,9.83678e-01,9.99952e-01,9.99999e-01
7.498661902e-01,9.92317e-01,9.99999e-01,9.92363e-01,9.99953e-01,9.99999e-01
7.536155211e-01,9.96204e-01,9.99999e-01,9.96249e-01,9.99954e-01,9.99999e-01
7.573835987e-01,9.98023e-01,9.99999e-01,9.98067e-01,9.99955e-01,9.99999e-01
7.611705167e-01,9.98755e-01,9.99999e-01,9.98799e-01,9.99956e-01,9.99999e-01
7.649763693e-01,9.99204e-01,9.99999e-01,9.99247e-01,9.99956e-01,9.99999e-01
7.688012511e-01,9.99434e-01,9.99999e-01,9.99475e-01,9.99957e-01,9.99999e-01
7.726452574e-01,9.99527e-01,9.99999e-01,9.99568e-01,9.99958e-01,9.99999e-01
7.765084837e-01,9.99348e-01,9.99999e-01,9.99388e-01,9.99959e-01,9.99999e-01
7.803910261e-01,9.97321e-01,9.99999e-01,9.97360e-01,9.99960e-01,9.99999e-01
7.842929812e-01,9.90780e-01,9.99999e-01,9.90819e-01,9.99960e-01,9.99999e-01
7.882144461e-01,9.81093e-01,9.99999e-01,9.81131e-01,9.99961e-01,9.99999e-01
7.921555184e-01,9.89565e-01,9.99999e-01,9.89602e-01,9.99962e-01,9.99999e-01
7.961162960e-01,9.81711e-01,9.99999e-01,9.81747e-01,9.99963e-01,9.99999e-01
8.000968774e-01,9.78854e-01,9.99999e-01,9.78889e-01,9.99963e-01,9.99999e-01
8.040973618e-01,9.78864e-01,9.99999e-01,9.78899e-01,9.99964e-01,9.99998e-01
8.081178486e-01,9.53251e-01,9.99999e-01,9.53284e-01,9.99965e-01,9.99998e-01
8.121584379e-01,8.20712e-01,9.99999e-01,8.20742e-01,9.99965e-01,9.99997e-01
8.162192301e-01,7.91114e-01,9.99999e-01,7.91142e-01,9.99966e-01,9.99996e-01
8.203003262e-01,8.92825e-01,9.99999e-01,8.92857e-01,9.99967e-01,9.99996e-01
8.244018279e-01,8.54627e-01,9.99999e-01,8.54657e-01,9.99967e-01,9.99995e-01
8.285238370e-01,8.68761e-01,9.99999e-01,8.68790e-01,9.99968e-01,9.99996e-01
8.326664562e-01,8.67624e-01,9.99999e-01,8.67652e-01,9.99969e-01,9.99997e-01
8.368297885e-01,9.02799e-01,9.99999e-01,9.02827e-01,9.99969e-01,9.99998e-01
8.410139374e-01,9.40927e-01,9.99999e-01,9.40955e-01,9.99970e-01,9.99999e-01
8.452190071e-01,9.70523e-01,9.99999e-01,9.70551e-01,9.99970e-01,9.99999e-01
8.494451021e-01,9.82784e-01,9.99999e-01,9.82811e-01,9.99971e-01,9.99999e-01
8.536923276e-01,9.89766e-01,9.99999e-01,9.89794e-01,9.99972e-01,9.99999e-01
8.579607893e-01,9.93680e-01,9.99999e-01,9.93707e-01,9.99972e-01,9.99999e-01
8.622505932e-01,9.95969e-01,9.99999e-01,9.95996e-01,9.99973e-01,9.99999e-01
8.665618462e-01,9.97497e-01,9.99999e-01,9.97523e-01,9.99973e-01,9.99999e-01
8.708946554e-01,9.97141e-01,9.99999e-01,9.97166e-01,9.99974e-01,9.99999e-01
8.752491287e-01,9.96185e-01,9.99999e-01,9.96210e-01,9.99974e-01,9.99999e-01
8.796253743e-01,9.94735e-01,9.99999e-01,9.94759e-01,9.99975e-01,9.99999e-01
8.840235012e-01,9.93991e-01,9.99999e-01,9.94015e-01,9.99975e-01,9.99999e-01
8.884436187e-01,9.78524e-01,9.99999e-01,9.78548e-01,9.99976e-01,9.99998e-01
8.928858368e-01,7.98040e-01,9.99999e-01,7.98060e-01,9.99976e-01,9.99996e-01
8.973502660e-01,6.72235e-01,9.99999e-01,6.72253e-01,9.99977e-01,9.99994e-01
9.018370173e-01,8.16274e-01,9.99999e-01,8.16296e-01,9.99977e-01,9.99993e-01
9.063462024e-01,8.36033e-01,9.99999e-01,8.36057e-01,9.99977e-01,9.99992e-01
9.108779334e-01,7.56414e-01,9.99999e-01,7.56436e-01,9.99978e-01,9.99992e-01
9.154323231e-01,7.26852e-01,9.99999e-01,7.26873e-01,9.99978e-01,9.99991e-01
9.200094847e-01,7.79786e-01,9.99999e-01,7.79810e-01,9.99979e-01,9.99989e-01
9.246095321e-01,6.91075e-01,9.99999e-01,6.91101e-01,9.99979e-01,9.99981e-01
9.292325798e-01,1.08990e-01,9.99999e-01,1.08997e-01,9.99979e-01,9.99961e-01
9.338787427e-01,5.33154e-02,9.99999e-01,5.33190e-02,9.99980e-01,9.99950e-01
9.385481364e-01,3.02119e-01,9.99999e-01,3.02140e-01,9.99980e-01,9.99949e-01
9.432408771e-01,2.06170e-01,9.99999e-01,2.06185e-01,9.99981e-01,9.99942e-01
9.479570815e-01,1.08214e-01,9.99999e-01,1.08221e-01,9.99981e-01,9.99950e-01
9.526968669e-01,1.76321e-01,9.99999e-01,1.76331e-01,9.99981e-01,9.99962e-01
9.574603512e-01,1.89598e-01,9.99999e-01,1.89607e-01,9.99982e-01,9.99971e-01
9.622476530e-01,2.49887e-01,9.99999e-01,2.49896e-01,9.99982e-01,9.99981e-01
9.670588912e-01,4.44397e-01,9.99999e-01,4.44409e-01,9.99982e-01,9.99987e-01
9.718941857e-01,5.89710e-01,9.99999e-01,5.89724e-01,9.99983e-01,9.99992e-01
9.767536566e-01,6.44371e-01,9.99999e-01,6.44385e-01,9.99983e-01,9.99994e-01
9.816374249e-01,7.19963e-01,9.99999e-01,7.19977e-01,9.99983e-01,9.99996e-01
9.865456120e-01,8.13560e-01,9.99999e-01,8.13574e-01,9.99984e-01,9.99997e-01
9.914783401e-01,8.79855e-01,9.99999e-01,8.79869e-01,9.99984e-01,9.99998e-01
9.964357318e-01,9.32632e-01,9.99999e-01,9.32646e-01,9.99984e-01,9.99999e-01
1.001417910e+00,9.59016e-01,9.99999e-01,9.59030e-01,9.99984e-01,9.99999e-01
1.006425000e+00,9.76421e-01,9.99999e-01,9.76435e-01,9.99985e-01,9.99999e-01
1.011457125e+00,9.85289e-01,9.99999e-01,9.85303e-01,9.99985e-01,9.99999e-01
1.016514411e+00,9.89987e-01,9.99999e-01,9.90001e-01,9.99985e-01,9.99999e-01
1.021596983e+00,9.92012e-01,9.99999e-01,9.92026e-01,9.99986e-01,9.99999e-01
1.026704968e+00,9.93763e-01,9.99999e-01,9.93776e-01,9.99986e-01,9.99999e-01
1.031838492e+00,9.95458e-01,9.99999e-01,9.95471e-01,9.99986e-01,9.99999e-01
1.036997685e+00,9.97296e-01,9.99999e-01,9.97309e-01,9.99986e-01,9.99999e-01
1.042182673e+00,9.96782e-01,9.99999e-01,9.96795e-01,9.99987e-01,9.99999e-01
1.047393587e+00,9.95738e-01,9.99999e-01,9.95750e-01,9.99987e-01,9.99999e-01
1.052630555e+00,9.94162e-01,9.99999e-01,9.94174e-01,9.99987e-01,9.99999e-01
1.057893707e+00,9.90285e-01,9.99999e-01,9.90297e-01,9.99987e-01,9.99999e-01
1.063183176e+00,9.84072e-01,9.99999e-01,9.84083e-01,9.99988e-01,9.99999e-01
1.068499092e+00,9.73480e-01,9.99999e-01,9.73491e-01,9.99988e-01,9.99999e-01
1.073841587e+00,9.69099e-01,9.99999e-01,9.69110e-01,9.99988e-01,9.99998e-01
1.079210795e+00,9.60506e-01,9.99999e-01,9.60517e-01,9.99988e-01,9.99998e-01
1.084606849e+00,9.40936e-01,9.99999e-01,9.40947e-01,9.99988e-01,9.99997e-01
1.090029883e+00,9.16621e-01,9.99999e-01,9.16633e-01,9.99989e-01,9.99996e-01
1.095480033e+00,7.89059e-01,9.99999e-01,7.89071e-01,9.99989e-01,9.99993e-01
1.100957433e+00,5.53407e-01,9.99999e-01,5.53418e-01,9.99989e-01,9.99989e-01
1.106462220e+00,2.41277e-01,9.99999e-01,2.41284e-01,9.99989e-01,9.99977e-01
1.111994531e+00,5.51385e-02,9.99999e-01,5.51415e-02,9.99989e-01,9.99954e-01
1.117554504e+00,1.14782e-02,9.99999e-01,1.14790e-02,9.99990e-01,9.99935e-01
1.123142276e+00,4.90796e-02,9.99999e-01,4.90837e-02,9.99990e-01,9.99923e-01
1.128757988e+00,1.15288e-01,9.99999e-01,1.15299e-01,9.99990e-01,9.99916e-01
1.134401778e+00,5.19314e-02,9.99999e-01,5.19366e-02,9.99990e-01,9.99907e-01
1.140073787e+00,2.55081e-01,9.99999e-01,2.55102e-01,9.99990e-01,9.99924e-01
1.145774156e+00,7.51563e-02,9.99999e-01,7.51617e-02,9.99991e-01,9.99936e-01
1.151503026e+00,5.64220e-02,9.99999e-01,5.64255e-02,9.99991e-01,9.99945e-01
1.157260541e+00,7.20036e-02,9.99999e-01,7.20072e-02,9.99991e-01,9.99958e-01
1.163046844e+00,1.39835e-01,9.99999e-01,1.39840e-01,9.99991e-01,9.99973e-01
1.168862078e+00,2.41003e-01,9.99999e-01,2.41008e-01,9.99991e-01,9.99986e-01
1.174706389e+00,4.13433e-01,9.99999e-01,4.13439e-01,9.99991e-01,9.99992e-01
1.180579921e+00,5.81069e-01,9.99999e-01,5.81076e-01,9.99991e-01,9.99995e-01
1.186482820e+00,7.33280e-01,9.99999e-01,7.33288e-01,9.99992e-01,9.99995e-01
1.192415234e+00,8.33748e-01,9.99999e-01,8.33756e-01,9.99992e-01,9.99996e-01
1.198377311e+00,8.58073e-01,9.99999e-01,8.58081e-01,9.99992e-01,9.99996e-01
1.204369197e+00,8.65747e-01,9.99999e-01,8.65755e-01,9.99992e-01,9.99997e-01
1.210391043e+00,8.70841e-01,9.99999e-01,8.70849e-01,9.99992e-01,9.99997e-01
1.216442998e+00,8.88965e-01,9.99999e-01,8.88972e-01,9.99992e-01,9.99998e-01
1.222525213e+00,9.12230e-01,9.99999e-01,9.12237e-01,9.99992e-01,9.99998e-01
1.228637839e+00,9.38171e-01,9.99999e-01,9.38177e-01,9.99993e-01,9.99999e-01
1.234781029e+00,9.53710e-01,9.99999e-01,9.53716e-01,9.99993e-01,9.99999e-01
1.240954934e+00,9.70474e-01,9.99999e-01,9.70481e-01,9.99993e-01,9.99999e-01
1.247159708e+00,9.76918e-01,9.99999e-01,9.76924e-01,9.99993e-01,9.99999e-01
1.253395507e+00,9.79488e-01,9.99999e-01,9.79494e-01,9.99993e-01,9.99999e-01
1.259662485e+00,9.80515e-01,9.99999e-01,9.80521e-01,9.99993e-01,9.99999e-01
1.265960797e+00,9.69045e-01,9.99999e-01,9.69052e-01,9.99993e-01,9.99998e-01
1.272290601e+00,9.51882e-01,9.99999e-01,9.51889e-01,9.99993e-01,9.99998e-01
1.278652054e+00,9.06908e-01,9.99999e-01,9.06914e-01,9.99994e-01,9.99997e-01
1.285045314e+00,8.58174e-01,9.99999e-01,8.58182e-01,9.99994e-01,9.99996e-01
1.291470541e+00,7.36175e-01,9.99999e-01,7.36183e-01,9.99994e-01,9.99993e-01
1.297927893e+00,6.72741e-01,9.99999e-01,6.72751e-01,9.99994e-01,9.99988e-01
1.304417533e+00,6.02191e-01,9.99999e-01,6.02205e-01,9.99994e-01,9.99979e-01
1.310939621e+00,5.60156e-01,9.99999e-01,5.60177e-01,9.99994e-01,9.99966e-01
1.317494319e+00,5.34066e-01,9.99999e-01,5.34098e-01,9.99994e-01,9.99943e-01
1.324081790e+00,4.00118e-01,9.99999e-01,4.00156e-01,9.99994e-01,9.99907e-01
1.330702199e+00,8.50210e-02,9.99999e-01,8.50345e-02,9.99994e-01,9.99845e-01
1.337355710e+00,3.89812e-04,9.99999e-01,3.89928e-04,9.99994e-01,9.99704e-01
1.344042489e+00,3.67889e-06,9.99999e-01,3.68123e-06,9.99995e-01,9.99367e-01
1.350762701e+00,3.80254e-18,9.99999e-01,3.80640e-18,9.99995e-01,9.98990e-01
1.357516515e+00,5.16106e-27,9.99999e-01,5.16753e-27,9.99995e-01,9.98750e-01
1.364304097e+00,1.37995e-16,9.99999e-01,1.38181e-16,9.99995e-01,9.98660e-01
1.371125618e+00,3.15158e-10,9.99999e-01,3.15586e-10,9.99995e-01,9.98649e-01
1.377981246e+00,9.79177e-10,9.99999e-01,9.80603e-10,9.99995e-01,9.98549e-01
1.384871152e+00,7.27914e-14,9.99999e-01,7.28945e-14,9.99995e-01,9.98589e-01
1.391795508e+00,8.34435e-17,9.99999e-01,8.35436e-17,9.99995e-01,9.98804e-01
1.398754485e+00,4.95418e-13,9.99999e-01,4.95929e-13,9.99995e-01,9.98972e-01
1.405748258e+00,5.56028e-13,9.99999e-01,5.56543e-13,9.99995e-01,9.99078e-01
1.412776999e+00,1.00952e-12,9.99999e-01,1.01027e-12,9.99995e-01,9.99259e-01
1.419840884e+00,1.62428e-12,9.99999e-01,1.62518e-12,9.99995e-01,9.99447e-01
1.426940089e+00,1.28808e-08,9.99999e-01,1.28852e-08,9.99995e-01,9.99657e-01
1.434074789e+00,1.65869e-07,9.99999e-01,1.65905e-07,9.99996e-01,9.99786e-01
1.441245163e+00,2.79332e-06,9.99999e-01,2.79379e-06,9.99996e-01,9.99833e-01
1.448451389e+00,1.80080e-04,9.99999e-01,1.80105e-04,9.99996e-01,9.99861e-01
1.455693646e+00,2.81737e-03,9.99999e-01,2.81770e-03,9.99996e-01,9.99885e-01
1.462972114e+00,4.19427e-03,9.99999e-01,4.19469e-03,9.99996e-01,9.99902e-01
1.470286975e+00,1.88657e-03,9.99999e-01,1.88674e-03,9.99996e-01,9.99912e-01
1.477638409e+00,3.17475e-03,9.99999e-01,3.17500e-03,9.99996e-01,9.99924e-01
1.485026601e+00,6.95470e-03,9.99999e-01,6.95511e-03,9.99996e-01,9.99942e-01
1.492451734e+00,2.71390e-02,9.99999e-01,2.71401e-02,9.99996e-01,9.99960e-01
1.499913993e+00,7.91852e-02,9.99999e-01,7.91871e-02,9.99996e-01,9.99978e-01
1.507413563e+00,1.56313e-01,9.99999e-01,1.56315e-01,9.99996e-01,9.99988e-01
1.514950631e+00,3.05663e-01,9.99999e-01,3.05666e-01,9.99996e-01,9.99992e-01
1.522525384e+00,4.61063e-01,9.99999e-01,4.61066e-01,9.99996e-01,9.99995e-01
1.530138011e+00,5.62992e-01,9.99999e-01,5.62994e-01,9.99996e-01,9.99997e-01
1.537788701e+00,7.21249e-01,9.99999e-01,7.21252e-01,9.99996e-01,9.99998e-01
1.545477645e+00,8.12190e-01,9.99999e-01,8.12192e-01,9.99996e-01,9.99998e-01
1.553205033e+00,8.43623e-01,9.99999e-01,8.43625e-01,9.99996e-01,9.99999e-01
1.560971058e+00,8.99610e-01,9.99999e-01,8.99613e-01,9.99997e-01,9.99999e-01
1.568775913e+00,9.32617e-01,9.99999e-01,9.32620e-01,9.99997e-01,9.99999e-01
1.576619793e+00,9.47201e-01,9.99999e-01,9.47203e-01,9.99997e-01,9.99999e-01
1.584502892e+00,9.67586e-01,9.99999e-01,9.67589e-01,9.99997e-01,9.99999e-01
1.592425406e+00,9.69945e-01,9.99999e-01,9.69948e-01,9.99997e-01,9.99999e-01
1.600387533e+00,9.79183e-01,9.99999e-01,9.79185e-01,9.99997e-01,9.99999e-01
1.608389471e+00,9.78465e-01,9.99999e-01,9.78467e-01,9.99997e-01,9.99999e-01
1.616431418e+00,9.78003e-01,9.99999e-01,9.78006e-01,9.99997e-01,9.99999e-01
1.624513575e+00,9.76512e-01,9.99999e-01,9.76514e-01,9.99997e-01,9.99999e-01
1.632636143e+00,9.63397e-01,9.99999e-01,9.63400e-01,9.99997e-01,9.99999e-01
1.640799324e+00,9.51570e-01,9.99999e-01,9.51572e-01,9.99997e-01,9.99999e-01
1.649003321e+00,9.38435e-01,9.99999e-01,9.38437e-01,9.99997e-01,9.99999e-01
1.657248337e+00,9.19744e-01,9.99999e-01,9.19747e-01,9.99997e-01,9.99998e-01
1.665534579e+00,8.92583e-01,9.99999e-01,8.92585e-01,9.99997e-01,9.99998e-01
1.673862252e+00,8.55604e-01,9.99999e-01,8.55606e-01,9.99997e-01,9.99998e-01
1.682231563e+00,8.73876e-01,9.99999e-01,8.73878e-01,9.99997e-01,9.99997e-01
1.690642721e+00,7.89296e-01,9.99999e-01,7.89299e-01,9.99997e-01,9.99997e-01
1.699095934e+00,7.62001e-01,9.99999e-01,7.62005e-01,9.99997e-01,9.99995e-01
1.707591414e+00,7.47787e-01,9.99999e-01,7.47792e-01,9.99997e-01,9.99993e-01
1.716129371e+00,6.96847e-01,9.99999e-01,6.96854e-01,9.99997e-01,9.99990e-01
1.724710018e+00,5.87979e-01,9.99999e-01,5.87988e-01,9.99997e-01,9.99986e-01
1.733333568e+00,5.03090e-01,9.99999e-01,5.03101e-01,9.99997e-01,9.99979e-01
1.742000236e+00,3.46739e-01,9.99999e-01,3.46750e-01,9.99997e-01,9.99967e-01
1.750710237e+00,1.50612e-01,9.99999e-01,1.50620e-01,9.99997e-01,9.99949e-01
1.759463788e+00,3.23818e-02,9.99999e-01,3.23845e-02,9.99997e-01,9.99919e-01
1.768261107e+00,2.80451e-03,9.99999e-01,2.80487e-03,9.99998e-01,9.99870e-01
1.777102413e+00,8.14233e-05,9.99999e-01,8.14399e-05,9.99998e-01,9.99797e-01
1.785987925e+00,2.70133e-07,9.99999e-01,2.70221e-07,9.99998e-01,9.99674e-01
1.794917864e+00,7.74110e-09,9.99999e-01,7.74547e-09,9.99998e-01,9.99435e-01
1.803892454e+00,1.57686e-15,9.99999e-01,1.57821e-15,9.99998e-01,9.99145e-01
1.812911916e+00,1.21471e-20,9.99999e-01,1.21607e-20,9.99998e-01,9.98883e-01
1.821976476e+00,2.03062e-20,9.99999e-01,2.03334e-20,9.99998e-01,9.98665e-01
1.831086358e+00,2.24527e-22,9.99999e-01,2.24875e-22,9.99998e-01,9.98455e-01
1.840241790e+00,2.71637e-18,9.99999e-01,2.72102e-18,9.99998e-01,9.98292e-01
1.849442999e+00,2.85082e-17,9.99999e-01,2.85608e-17,9.99998e-01,9.98159e-01
1.858690214e+00,5.87915e-27,9.99999e-01,5.89169e-27,9.99998e-01,9.97872e-01
1.867983665e+00,6.86577e-28,9.99999e-01,6.88208e-28,9.99998e-01,9.97630e-01
1.877323583e+00,2.80057e-11,9.99999e-01,2.80690e-11,9.99998e-01,9.97745e-01
1.886710201e+00,1.31036e-09,9.99999e-01,1.31287e-09,9.99998e-01,9.98089e-01
1.896143752e+00,1.04935e-08,9.99999e-01,1.05116e-08,9.99998e-01,9.98276e-01
1.905624471e+00,1.25368e-16,9.99999e-01,1.25569e-16,9.99998e-01,9.98395e-01
1.915152593e+00,7.92099e-20,9.99999e-01,7.93287e-20,9.99998e-01,9.98503e-01
1.924728356e+00,5.02101e-22,9.99999e-01,5.02765e-22,9.99998e-01,9.98679e-01
1.934351998e+00,5.26747e-25,9.99999e-01,5.27321e-25,9.99998e-01,9.98911e-01
1.944023758e+00,1.25967e-13,9.99999e-01,1.26066e-13,9.99998e-01,9.99216e-01
1.953743877e+00,4.02961e-13,9.99999e-01,4.03169e-13,9.99998e-01,9.99486e-01
1.963512596e+00,4.65462e-09,9.99999e-01,4.65611e-09,9.99998e-01,9.99679e-01
1.973330159e+00,1.20963e-06,9.99999e-01,1.20986e-06,9.99998e-01,9.99806e-01
1.983196810e+00,5.86835e-04,9.99999e-01,5.86909e-04,9.99998e-01,9.99875e-01
1.993112794e+00,2.63905e-03,9.99999e-01,2.63927e-03,9.99998e-01,9.99918e-01
2.003078358e+00,2.09124e-02,9.99999e-01,2.09135e-02,9.99998e-01,9.99946e-01
2.013093750e+00,7.82798e-02,9.99999e-01,7.82826e-02,9.99998e-01,9.99965e-01
2.023159218e+00,2.20361e-01,9.99999e-01,2.20366e-01,9.99998e-01,9.99977e-01
2.033275015e+00,3.22545e-01,9.99999e-01,3.22550e-01,9.99998e-01,9.99985e-01
2.043441390e+00,4.91282e-01,9.99999e-01,4.91286e-01,9.99998e-01,9.99990e-01
2.053658597e+00,5.49780e-01,9.99999e-01,5.49784e-01,9.99998e-01,9.99993e-01
2.063926890e+00,6.64869e-01,9.99999e-01,6.64873e-01,9.99998e-01,9.99995e-01
2.074246524e+00,7.02376e-01,9.99999e-01,7.02379e-01,9.99998e-01,9.99996e-01
2.084617757e+00,7.93015e-01,9.99999e-01,7.93018e-01,9.99998e-01,9.99997e-01
2.095040845e+00,8.33008e-01,9.99999e-01,8.33010e-01,9.99998e-01,9.99997e-01
2.105516050e+00,8.54936e-01,9.99999e-01,8.54938e-01,9.99998e-01,9.99997e-01
2.116043630e+00,8.60662e-01,9.99999e-01,8.60664e-01,9.99998e-01,9.99997e-01
2.126623848e+00,9.12701e-01,9.99999e-01,9.12703e-01,9.99998e-01,9.99997e-01
2.137256967e+00,9.16881e-01,9.99999e-01,9.16883e-01,9.99998e-01,9.99997e-01
2.147943252e+00,9.19815e-01,9.99999e-01,9.19817e-01,9.99998e-01,9.99997e-01
2.158682968e+00,9.26448e-01,9.99999e-01,9.26450e-01,9.99998e-01,9.99997e-01
2.169476383e+00,9.21862e-01,9.99999e-01,9.21864e-01,9.99998e-01,9.99997e-01
2.180323765e+00,9.11404e-01,9.99999e-01,9.11406e-01,9.99998e-01,9.99997e-01
2.191225384e+00,8.93223e-01,9.99999e-01,8.93226e-01,9.99998e-01,9.99997e-01
2.202181511e+00,8.68400e-01,9.99999e-01,8.68402e-01,9.99998e-01,9.99997e-01
2.213192418e+00,8.68390e-01,9.99999e-01,8.68393e-01,9.99998e-01,9.99996e-01
2.224258381e+00,8.44815e-01,9.99999e-01,8.44818e-01,9.99998e-01,9.99996e-01
2.235379672e+00,8.68037e-01,9.99999e-01,8.68041e-01,9.99998e-01,9.99996e-01
2.246556571e+00,7.76722e-01,9.99999e-01,7.76725e-01,9.99998e-01,9.99995e-01
2.257789354e+00,8.24482e-01,9.99999e-01,8.24487e-01,9.99998e-01,9.99994e-01
2.269078300e+00,6.19727e-01,9.99999e-01,6.19731e-01,9.99998e-01,9.99992e-01
2.280423692e+00,6.72788e-01,9.99999e-01,6.72794e-01,9.99998e-01,9.99991e-01
2.291825810e+00,4.62700e-01,9.99999e-01,4.62705e-01,9.99998e-01,9.99988e-01
2.303284939e+00,5.02106e-01,9.99999e-01,5.02114e-01,9.99998e-01,9.99984e-01
2.314801364e+00,3.12641e-01,9.99999e-01,3.12648e-01,9.99998e-01,9.99977e-01
2.326375371e+00,2.97990e-01,9.99999e-01,2.97999e-01,9.99999e-01,9.99970e-01
2.338007248e+00,2.89730e-01,9.99999e-01,2.89741e-01,9.99999e-01,9.99959e-01
2.349697284e+00,1.13597e-01,9.99999e-01,1.13603e-01,9.99999e-01,9.99944e-01
2.361445770e+00,1.53954e-01,9.99999e-01,1.53965e-01,9.99999e-01,9.99923e-01
2.373252999e+00,8.96120e-02,9.99999e-01,8.96214e-02,9.99999e-01,9.99894e-01
2.385119264e+00,1.51056e-02,9.99999e-01,1.51078e-02,9.99999e-01,9.99854e-01
2.397044861e+00,7.26818e-02,9.99999e-01,7.26978e-02,9.99999e-01,9.99780e-01
2.409030085e+00,7.67619e-03,9.99999e-01,7.67866e-03,9.99999e-01,9.99678e-01
2.421075235e+00,1.34580e-02,9.99999e-01,1.34639e-02,9.99999e-01,9.99559e-01
2.433180612e+00,3.23055e-03,9.99999e-01,3.23248e-03,9.99999e-01,9.99403e-01
2.445346515e+00,2.21790e-04,9.99999e-01,2.21967e-04,9.99999e-01,9.99201e-01
2.457573247e+00,6.62204e-06,9.99999e-01,6.62917e-06,9.99999e-01,9.98925e-01
2.469861113e+00,3.82133e-09,9.99999e-01,3.82689e-09,9.99999e-01,9.98546e-01
2.482210419e+00,2.99501e-20,9.99999e-01,3.00115e-20,9.99999e-01,9.97956e-01
2.494621471e+00,2.31548e-28,9.99999e-01,2.32221e-28,9.99999e-01,9.97102e-01
2.507094578e+00,1.58781e-54,9.99999e-01,1.59455e-54,9.99999e-01,9.95772e-01
2.519630051e+00,4.04209e-85,9.99999e-01,4.06719e-85,9.99999e-01,9.93828e-01
2.532228202e+00,6.12604e-115,9.99999e-01,6.17702e-115,9.99999e-01,9.91746e-01
2.544889343e+00,5.72438e-157,9.99999e-01,5.78536e-157,9.99999e-01,9.89459e-01
2.557613789e+00,9.20148e-154,9.99999e-01,9.31699e-154,9.99999e-01,9.87602e-01
2.570401858e+00,4.99313e-257,9.99999e-01,5.06098e-257,9.99999e-01,9.86593e-01
2.583253867e+00,2.87133e-217,9.99999e-01,2.91402e-217,9.99999e-01,9.85349e-01
2.596170137e+00,4.02366e-184,9.99999e-01,4.08442e-184,9.99999e-01,9.85125e-01
2.609150988e+00,1.03199e-128,9.99999e-01,1.04864e-128,9.99999e-01,9.84125e-01
2.622196742e+00,4.74458e-108,9.99999e-01,4.82324e-108,9.99999e-01,9.83692e-01
2.635307726e+00,3.21059e-48,9.99999e-01,3.26625e-48,9.99999e-01,9.82959e-01
2.648484265e+00,2.03684e-58,9.99999e-01,2.07722e-58,9.99999e-01,9.80559e-01
2.661726686e+00,6.29062e-104,9.99999e-01,6.42970e-104,9.99999e-01,9.78369e-01
2.675035320e+00,0.00000e+00,9.99999e-01,0.00000e+00,9.99999e-01,9.79453e-01
2.688410496e+00,3.53679e-186,9.99999e-01,3.60672e-186,9.99999e-01,9.80610e-01
2.701852549e+00,2.26115e-162,9.99999e-01,2.30159e-162,9.99999e-01,9.82426e-01
2.715361811e+00,6.23633e-161,9.99999e-01,6.33997e-161,9.99999e-01,9.83652e-01
2.728938620e+00,1.79037e-114,9.99999e-01,1.81671e-114,9.99999e-01,9.85501e-01
2.742583314e+00,2.37401e-122,9.99999e-01,2.40763e-122,9.99999e-01,9.86035e-01
2.756296230e+00,1.70757e-126,9.99999e-01,1.73078e-126,9.99999e-01,9.86590e-01
2.770077711e+00,1.13151e-174,9.99999e-01,1.14471e-174,9.99999e-01,9.88466e-01
2.783928100e+00,1.98309e-174,9.99999e-01,2.00424e-174,9.99999e-01,9.89443e-01
2.797847740e+00,4.03771e-132,9.99999e-01,4.07466e-132,9.99999e-01,9.90929e-01
2.811836979e+00,3.37917e-141,9.99999e-01,3.40377e-141,9.99999e-01,9.92771e-01
2.825896164e+00,5.84538e-122,9.99999e-01,5.87817e-122,9.99999e-01,9.94420e-01
2.840025645e+00,2.11431e-92,9.99999e-01,2.12369e-92,9.99999e-01,9.95582e-01
2.854225773e+00,1.89331e-80,9.99999e-01,1.89995e-80,9.99999e-01,9.96503e-01
2.868496902e+00,8.40621e-76,9.99999e-01,8.42742e-76,9.99999e-01,9.97482e-01
2.882839386e+00,2.70711e-60,9.99999e-01,2.71212e-60,9.99999e-01,9.98153e-01
2.897253583e+00,2.02077e-51,9.99999e-01,2.02378e-51,9.99999e-01,9.98514e-01
2.911739851e+00,1.59143e-34,9.99999e-01,1.59332e-34,9.99999e-01,9.98816e-01
2.926298550e+00,7.15083e-24,9.99999e-01,7.15722e-24,9.99999e-01,9.99105e-01
2.940930043e+00,2.10152e-23,9.99999e-01,2.10302e-23,9.99999e-01,9.99286e-01
2.955634693e+00,1.51953e-23,9.99999e-01,1.52043e-23,9.99999e-01,9.99407e-01
2.970412867e+00,3.38434e-20,9.99999e-01,3.38591e-20,9.99999e-01,9.99536e-01
2.985264931e+00,5.95027e-16,9.99999e-01,5.95250e-16,9.99999e-01,9.99626e-01
3.000191256e+00,2.15157e-12,9.99999e-01,2.15226e-12,9.99999e-01,9.99678e-01
3.015192212e+00,7.61783e-12,9.99999e-01,7.61979e-12,9.99999e-01,9.99743e-01
3.030268173e+00,3.64023e-10,9.99999e-01,3.64103e-10,9.99999e-01,9.99779e-01
3.045419514e+00,1.78021e-11,9.99999e-01,1.78057e-11,9.99999e-01,9.99799e-01
3.060646612e+00,1.00088e-07,9.99999e-01,1.00106e-07,9.99999e-01,9.99821e-01
3.075949845e+00,1.87323e-07,9.99999e-01,1.87355e-07,9.99999e-01,9.99831e-01
3.091329594e+00,5.29994e-07,9.99999e-01,5.30077e-07,9.99999e-01,9.99844e-01
3.106786242e+00,2.24715e-06,9.99999e-01,2.24748e-06,9.99999e-01,9.99854e-01
3.122320173e+00,1.87536e-05,9.99999e-01,1.87562e-05,9.99999e-01,9.99862e-01
3.137931774e+00,2.15835e-05,9.99999e-01,2.15863e-05,9.99999e-01,9.99869e-01
3.153621433e+00,1.09864e-03,9.99999e-01,1.09879e-03,9.99999e-01,9.99866e-01
3.169389540e+00,2.10735e-03,9.99999e-01,2.10766e-03,9.99999e-01,9.99851e-01
3.185236488e+00,7.35638e-04,9.99999e-01,7.35766e-04,9.99999e-01,9.99826e-01
3.201162670e+00,7.53013e-07,9.99999e-01,7.53150e-07,9.99999e-01,9.99817e-01
3.217168483e+00,1.54283e-05,9.99999e-01,1.54312e-05,9.99999e-01,9.99812e-01
3.233254326e+00,7.01787e-04,9.99999e-01,7.01915e-04,9.99999e-01,9.99816e-01
3.249420598e+00,8.69352e-03,9.99999e-01,8.69501e-03,9.99999e-01,9.99828e-01
3.265667701e+00,6.51462e-04,9.99999e-01,6.51568e-04,9.99999e-01,9.99837e-01
3.281996039e+00,2.11635e-03,9.99999e-01,2.11668e-03,9.99999e-01,9.99845e-01
3.298406019e+00,1.39225e-04,9.99999e-01,1.39245e-04,9.99999e-01,9.99856e-01
3.314898049e+00,7.60236e-05,9.99999e-01,7.60338e-05,9.99999e-01,9.99864e-01
3.331472540e+00,3.07264e-04,9.99999e-01,3.07302e-04,9.99999e-01,9.99875e-01
3.348129902e+00,1.61620e-04,9.99999e-01,1.61638e-04,9.99999e-01,9.99891e-01
3.364870552e+00,7.54678e-04,9.99999e-01,7.54744e-04,9.99999e-01,9.99912e-01
3.381694905e+00,2.70140e-03,9.99999e-01,2.70158e-03,9.99999e-01,9.99933e-01
3.398603379e+00,8.31571e-03,9.99999e-01,8.31611e-03,9.99999e-01,9.99950e-01
3.415596396e+00,3.27893e-02,9.99999e-01,3.27904e-02,9.99999e-01,9.99966e-01
3.432674378e+00,3.72070e-02,9.99999e-01,3.72079e-02,9.99999e-01,9.99973e-01
3.449837750e+00,1.00734e-01,9.99999e-01,1.00736e-01,9.99999e-01,9.99980e-01
3.467086939e+00,2.04270e-01,9.99999e-01,2.04273e-01,9.99999e-01,9.99983e-01
3.484422373e+00,2.18270e-01,9.99999e-01,2.18273e-01,9.99999e-01,9.99986e-01
3.501844485e+00,4.15569e-01,9.99999e-01,4.15574e-01,9.99999e-01,9.99988e-01
3.519353708e+00,4.81243e-01,9.99999e-01,4.81248e-01,9.99999e-01,9.99989e-01
3.536950476e+00,5.14362e-01,9.99999e-01,5.14367e-01,9.99999e-01,9.99989e-01
3.554635228e+00,6.62887e-01,9.99999e-01,6.62893e-01,9.99999e-01,9.99990e-01
3.572408405e+00,6.71612e-01,9.99999e-01,6.71618e-01,9.99999e-01,9.99990e-01
3.590270447e+00,7.57276e-01,9.99999e-01,7.57282e-01,9.99999e-01,9.99991e-01
3.608221799e+00,8.05723e-01,9.99999e-01,8.05729e-01,9.99999e-01,9.99991e-01
3.626262908e+00,8.31290e-01,9.99999e-01,8.31296e-01,9.99999e-01,9.99991e-01
3.644394222e+00,8.95339e-01,9.99999e-01,8.95346e-01,9.99999e-01,9.99992e-01
3.662616193e+00,8.33712e-01,9.99999e-01,8.33718e-01,9.99999e-01,9.99992e-01
3.680929274e+00,7.43066e-01,9.99999e-01,7.43071e-01,9.99999e-01,9.99992e-01
3.699333921e+00,8.69969e-01,9.99999e-01,8.69975e-01,9.99999e-01,9.99992e-01
3.717830590e+00,8.97146e-01,9.99999e-01,8.97153e-01,9.99999e-01,9.99992e-01
3.736419743e+00,8.80573e-01,9.99999e-01,8.80579e-01,9.99999e-01,9.99992e-01
3.755101842e+00,8.72523e-01,9.99999e-01,8.72529e-01,9.99999e-01,9.99992e-01
3.773877351e+00,8.93659e-01,9.99999e-01,8.93665e-01,9.99999e-01,9.99992e-01
3.792746738e+00,8.73041e-01,9.99999e-01,8.73047e-01,9.99999e-01,9.99992e-01
3.811710472e+00,8.46699e-01,9.99999e-01,8.46705e-01,9.99999e-01,9.99992e-01
3.830769024e+00,8.35632e-01,9.99999e-01,8.35638e-01,9.99999e-01,9.99992e-01
3.849922869e+00,7.72134e-01,9.99999e-01,7.72139e-01,9.99999e-01,9.99992e-01
3.869172484e+00,7.41427e-01,9.99999e-01,7.41432e-01,9.99999e-01,9.99993e-01
3.888518346e+00,8.42999e-01,9.99999e-01,8.43004e-01,9.99999e-01,9.99993e-01
3.907960938e+00,8.26985e-01,9.99999e-01,8.26991e-01,9.99999e-01,9.99993e-01
3.927500742e+00,3.66489e-01,9.99999e-01,3.66492e-01,9.99999e-01,9.99992e-01
3.947138246e+00,4.83279e-01,9.99999e-01,4.83282e-01,9.99999e-01,9.99992e-01
3.966873937e+00,2.04240e-01,9.99999e-01,2.04242e-01,9.99999e-01,9.99992e-01
3.986708307e+00,7.22832e-01,9.99999e-01,7.22837e-01,9.99999e-01,9.99992e-01
4.006641849e+00,8.88464e-01,9.99999e-01,8.88470e-01,9.99999e-01,9.99992e-01
4.026675058e+00,8.71680e-01,9.99999e-01,8.71686e-01,9.99999e-01,9.99992e-01
4.046808433e+00,8.47381e-01,9.99999e-01,8.47387e-01,9.99999e-01,9.99991e-01
4.067042475e+00,8.25795e-01,9.99999e-01,8.25802e-01,9.99999e-01,9.99991e-01
4.087377688e+00,8.14654e-01,9.99999e-01,8.14661e-01,9.99999e-01,9.99991e-01
4.107814576e+00,7.52623e-01,9.99999e-01,7.52630e-01,9.99999e-01,9.99990e-01
4.128353649e+00,6.40560e-01,9.99999e-01,6.40566e-01,9.99999e-01,9.99990e-01
4.148995417e+00,5.77705e-01,9.99999e-01,5.77710e-01,9.99999e-01,9.99990e-01
4.169740394e+00,4.15932e-01,9.99999e-01,4.15936e-01,9.99999e-01,9.99989e-01
4.190589096e+00,3.45516e-01,9.99999e-01,3.45520e-01,9.99999e-01,9.99989e-01
4.211542042e+00,1.90474e-01,9.99999e-01,1.90476e-01,9.99999e-01,9.99988e-01
4.232599752e+00,1.59753e-01,9.99999e-01,1.59755e-01,9.99999e-01,9.99987e-01
4.253762751e+00,9.75588e-02,9.99999e-01,9.75600e-02,9.99999e-01,9.99987e-01
4.275031564e+00,4.05632e-02,9.99999e-01,4.05638e-02,9.99999e-01,9.99986e-01
4.296406722e+00,1.67741e-02,9.99999e-01,1.67744e-02,9.99999e-01,9.99985e-01
4.317888756e+00,2.51603e-02,9.99999e-01,2.51607e-02,9.99999e-01,9.99984e-01
4.339478200e+00,1.00128e-02,9.99999e-01,1.00130e-02,9.99999e-01,9.99983e-01
4.361175591e+00,6.09908e-03,9.99999e-01,6.09918e-03,9.99999e-01,9.99981e-01
4.382981469e+00,6.03187e-03,9.99999e-01,6.03199e-03,9.99999e-01,9.99980e-01
4.404896376e+00,5.35596e-03,9.99999e-01,5.35607e-03,9.99999e-01,9.99978e-01
4.426920858e+00,2.08811e-03,9.99999e-01,2.08816e-03,9.99999e-01,9.99976e-01
4.449055462e+00,4.37952e-03,9.99999e-01,4.37963e-03,9.99999e-01,9.99974e-01
4.471300739e+00,1.24539e-03,9.99999e-01,1.24543e-03,9.99999e-01,9.99971e-01
4.493657243e+00,3.77233e-03,9.99999e-01,3.77245e-03,9.99999e-01,9.99968e-01
4.516125529e+00,6.91916e-04,9.99999e-01,6.91939e-04,9.99999e-01,9.99965e-01
4.538706157e+00,3.86301e-03,9.99999e-01,3.86316e-03,9.99999e-01,9.99961e-01
4.561399688e+00,3.91748e-03,9.99999e-01,3.91765e-03,9.99999e-01,9.99956e-01
4.584206686e+00,6.07826e-03,9.99999e-01,6.07856e-03,9.99999e-01,9.99950e-01
4.607127720e+00,2.71395e-03,9.99999e-01,2.71411e-03,9.99999e-01,9.99943e-01
4.630163358e+00,4.03748e-05,9.99999e-01,4.03773e-05,9.99999e-01,9.99935e-01
4.653314175e+00,2.22550e-05,9.99999e-01,2.22567e-05,9.99999e-01,9.99926e-01
4.676580746e+00,1.77495e-06,9.99999e-01,1.77510e-06,9.99999e-01,9.99914e-01
4.699963650e+00,1.08457e-05,9.99999e-01,1.08468e-05,9.99999e-01,9.99900e-01
4.723463468e+00,3.88118e-07,9.99999e-01,3.88164e-07,9.99999e-01,9.99882e-01
4.747080785e+00,3.18398e-05,9.99999e-01,3.18442e-05,9.99999e-01,9.99861e-01
4.770816189e+00,1.74972e-06,9.99999e-01,1.75001e-06,9.99999e-01,9.99835e-01
4.794670270e+00,4.48896e-09,9.99999e-01,4.48983e-09,9.99999e-01,9.99805e-01
4.818643622e+00,9.72425e-10,9.99999e-01,9.72650e-10,9.99999e-01,9.99767e-01
4.842736840e+00,4.80753e-09,9.99999e-01,4.80885e-09,9.99999e-01,9.99726e-01
4.866950524e+00,3.21296e-08,9.99999e-01,3.21401e-08,9.99999e-01,9.99675e-01
4.891285276e+00,6.88917e-11,9.99999e-01,6.89185e-11,9.99999e-01,9.99609e-01
4.915741703e+00,2.45163e-10,9.99999e-01,2.45274e-10,9.99999e-01,9.99544e-01
4.940320411e+00,1.75685e-11,9.99999e-01,1.75780e-11,9.99999e-01,9.99456e-01
4.965022013e+00,1.34337e-15,9.99999e-01,1.34421e-15,9.99999e-01,9.99368e-01
4.989847123e+00,1.14634e-13,9.99999e-01,1.14716e-13,9.99999e-01,9.99287e-01
5.014796359e+00,2.69539e-16,9.99999e-01,2.69761e-16,9.99999e-01,9.99175e-01
5.039870341e+00,3.34476e-16,9.99999e-01,3.34796e-16,9.99999e-01,9.99042e-01
5.065069693e+00,4.69908e-16,9.99999e-01,4.70445e-16,9.99999e-01,9.98858e-01
5.090395041e+00,1.34235e-23,9.99999e-01,1.34412e-23,9.99999e-01,9.98680e-01
5.115847016e+00,6.05912e-24,9.99999e-01,6.06843e-24,9.99999e-01,9.98465e-01
5.141426251e+00,3.77306e-31,9.99999e-01,3.77975e-31,9.99999e-01,9.98229e-01
5.167133383e+00,6.48718e-36,9.99999e-01,6.50023e-36,9.99999e-01,9.97992e-01
5.192969049e+00,8.17886e-36,9.99999e-01,8.19753e-36,9.99999e-01,9.97721e-01
5.218933895e+00,7.64746e-57,9.99999e-01,7.66688e-57,9.99999e-01,9.97467e-01
5.245028564e+00,3.56496e-43,9.99999e-01,3.57491e-43,9.99999e-01,9.97216e-01
5.271253707e+00,1.16995e-44,9.99999e-01,1.17362e-44,9.99999e-01,9.96874e-01
5.297609976e+00,1.93135e-54,9.99999e-01,1.93806e-54,9.99999e-01,9.96539e-01
5.324098025e+00,9.52285e-55,9.99999e-01,9.55887e-55,9.99999e-01,9.96231e-01
5.350718516e+00,2.57875e-67,9.99999e-01,2.58992e-67,9.99999e-01,9.95685e-01
5.377472108e+00,3.07209e-70,9.99999e-01,3.08625e-70,9.99999e-01,9.95409e-01
5.404359469e+00,3.26168e-70,9.99999e-01,3.27874e-70,9.99999e-01,9.94797e-01
5.431381266e+00,8.63245e-131,9.99999e-01,8.68105e-131,9.99999e-01,9.94401e-01
5.458538172e+00,8.56991e-131,9.99999e-01,8.62334e-131,9.99999e-01,9.93803e-01
5.485830863e+00,1.33507e-140,9.99999e-01,1.34436e-140,9.99999e-01,9.93087e-01
5.513260018e+00,1.61389e-148,9.99999e-01,1.62627e-148,9.99999e-01,9.92387e-01
5.540826318e+00,2.37907e-155,9.99999e-01,2.39938e-155,9.99999e-01,9.91535e-01
5.568530449e+00,2.58881e-244,9.99999e-01,2.61307e-244,9.99999e-01,9.90713e-01
5.596373101e+00,3.78330e-233,9.99999e-01,3.82271e-233,9.99999e-01,9.89690e-01
5.624354967e+00,1.10833e-210,9.99999e-01,1.12133e-210,9.99999e-01,9.88404e-01
5.652476742e+00,1.44820e-229,9.99999e-01,1.46675e-229,9.99999e-01,9.87353e-01
5.680739126e+00,3.43623e-265,9.99999e-01,3.48454e-265,9.99999e-01,9.86134e-01
5.709142821e+00,3.17792e-289,9.99999e-01,3.22658e-289,9.99999e-01,9.84918e-01
5.737688535e+00,1.20132e-280,9.99999e-01,1.22170e-280,9.99999e-01,9.83316e-01
5.766376978e+00,1.68352e-212,9.99999e-01,1.71329e-212,9.99999e-01,9.82618e-01
5.795208863e+00,3.96026e-194,9.99999e-01,4.03432e-194,9.99999e-01,9.81641e-01
5.824184907e+00,2.74164e-236,9.99999e-01,2.79587e-236,9.99999e-01,9.80601e-01
5.853305832e+00,9.21536e-233,9.99999e-01,9.40330e-233,9.99999e-01,9.80013e-01
5.882572361e+00,2.54865e-286,9.99999e-01,2.60208e-286,9.99999e-01,9.79468e-01
5.911985223e+00,2.51873e-275,9.99999e-01,2.57302e-275,9.99999e-01,9.78900e-01
5.941545149e+00,4.95050e-283,9.99999e-01,5.05781e-283,9.99999e-01,9.78783e-01
5.971252874e+00,7.02218e-244,9.99999e-01,7.17866e-244,9.99999e-01,9.78202e-01
6.001109139e+00,4.63032e-164,9.99999e-01,4.73535e-164,9.99999e-01,9.77818e-01
6.031114685e+00,2.54959e-180,9.99999e-01,2.60700e-180,9.99999e-01,9.77978e-01
6.061270258e+00,2.78425e-179,9.99999e-01,2.84554e-179,9.99999e-01,9.78459e-01
6.091576609e+00,3.44298e-152,9.99999e-01,3.51867e-152,9.99999e-01,9.78486e-01
6.122034492e+00,3.33731e-95,9.99999e-01,3.41078e-95,9.99999e-01,9.78459e-01
6.152644665e+00,9.41482e-97,9.99999e-01,9.62287e-97,9.99999e-01,9.78378e-01
6.183407888e+00,7.80489e-64,9.99999e-01,7.97746e-64,9.99999e-01,9.78367e-01
6.214324928e+00,4.03841e-43,9.99999e-01,4.12742e-43,9.99999e-01,9.78435e-01
6.245396552e+00,6.82484e-30,9.99999e-01,6.97626e-30,9.99999e-01,9.78294e-01
6.276623535e+00,2.08897e-30,9.99999e-01,2.13694e-30,9.99999e-01,9.77551e-01
6.308006653e+00,3.03247e-30,9.99999e-01,3.10612e-30,9.99999e-01,9.76289e-01
6.339546686e+00,9.74454e-66,9.99999e-01,9.99273e-66,9.99999e-01,9.75161e-01
6.371244419e+00,2.33282e-144,9.99999e-01,2.39348e-144,9.99999e-01,9.74655e-01
6.403100641e+00,7.88324e-205,9.99999e-01,8.08694e-205,9.99999e-01,9.74811e-01
6.435116145e+00,0.00000e+00,9.99999e-01,0.00000e+00,9.99999e-01,9.74943e-01
6.467291725e+00,0.00000e+00,9.99999e-01,0.00000e+00,9.99999e-01,9.74979e-01
6.499628184e+00,0.00000e+00,9.99999e-01,0.00000e+00,9.99999e-01,9.75094e-01
6.532126325e+00,0.00000e+00,9.99999e-01,0.00000e+00,9.99999e-01,9.75612e-01
6.564786956e+00,0.00000e+00,9.99999e-01,0.00000e+00,9.99999e-01,9.77060e-01
6.597610891e+00,0.00000e+00,9.99999e-01,0.00000e+00,9.99999e-01,9.77823e-01
6.630598946e+00,0.00000e+00,9.99999e-01,0.00000e+00,9.99999e-01,9.78472e-01
6.663751940e+00,0.00000e+00,9.99999e-01,0.00000e+00,9.99999e-01,9.79695e-01
6.697070700e+00,0.00000e+00,9.99999e-01,0.00000e+00,9.99999e-01,9.81141e-01
6.730556054e+00,9.25533e-246,9.99999e-01,9.42046e-246,9.99999e-01,9.82470e-01
6.764208834e+00,9.26135e-246,9.99999e-01,9.41435e-246,9.99999e-01,9.83747e-01
6.798029878e+00,3.13238e-302,9.99999e-01,3.17991e-302,9.99999e-01,9.85052e-01
6.832020027e+00,3.13342e-302,9.99999e-01,3.17937e-302,9.99999e-01,9.85548e-01
6.866180128e+00,0.00000e+00,9.99999e-01,0.00000e+00,9.99999e-01,9.86441e-01
6.900511028e+00,1.06293e-197,9.99999e-01,1.07632e-197,9.99999e-01,9.87560e-01
6.935013583e+00,1.07614e-197,9.99999e-01,1.08894e-197,9.99999e-01,9.88246e-01
6.969688651e+00,3.34349e-249,9.99999e-01,3.38072e-249,9.99999e-01,9.88984e-01
7.004537095e+00,2.67740e-246,9.99999e-01,2.70597e-246,9.99999e-01,9.89441e-01
7.039559780e+00,6.05317e-267,9.99999e-01,6.11751e-267,9.99999e-01,9.89482e-01
7.074757579e+00,2.84499e-209,9.99999e-01,2.87191e-209,9.99999e-01,9.90627e-01
7.110131367e+00,1.55023e-207,9.99999e-01,1.56380e-207,9.99999e-01,9.91322e-01
7.145682024e+00,1.00947e-232,9.99999e-01,1.01786e-232,9.99999e-01,9.91758e-01
7.181410434e+00,4.73685e-297,9.99999e-01,4.77267e-297,9.99999e-01,9.92494e-01
7.217317486e+00,1.66498e-218,9.99999e-01,1.67657e-218,9.99999e-01,9.93086e-01
7.253404073e+00,1.64803e-218,9.99999e-01,1.65862e-218,9.99999e-01,9.93619e-01
7.289671094e+00,5.19316e-191,9.99999e-01,5.22376e-191,9.99999e-01,9.94141e-01
7.326119449e+00,1.70053e-190,9.99999e-01,1.70955e-190,9.99999e-01,9.94725e-01
7.362750046e+00,3.03188e-138,9.99999e-01,3.04627e-138,9.99999e-01,9.95278e-01
7.399563797e+00,1.67499e-113,9.99999e-01,1.68215e-113,9.99999e-01,9.95746e-01
7.436561616e+00,5.90649e-123,9.99999e-01,5.92893e-123,9.99999e-01,9.96215e-01
7.473744424e+00,1.11565e-115,9.99999e-01,1.11936e-115,9.99999e-01,9.96681e-01
7.511113146e+00,1.60951e-100,9.99999e-01,1.61412e-100,9.99999e-01,9.97144e-01
7.548668712e+00,1.58422e-104,9.99999e-01,1.58819e-104,9.99999e-01,9.97498e-01
7.586412055e+00,3.14250e-190,9.99999e-01,3.14933e-190,9.99999e-01,9.97829e-01
7.624344115e+00,2.05740e-92,9.99999e-01,2.06122e-92,9.99999e-01,9.98146e-01
7.662465836e+00,5.44993e-57,9.99999e-01,5.45858e-57,9.99999e-01,9.98416e-01
7.700778165e+00,2.82780e-57,9.99999e-01,2.83161e-57,9.99999e-01,9.98653e-01
7.739282056e+00,8.09475e-95,9.99999e-01,8.10422e-95,9.99999e-01,9.98832e-01
7.777978466e+00,8.83218e-65,9.99999e-01,8.84102e-65,9.99999e-01,9.98998e-01
7.816868359e+00,4.64868e-53,9.99999e-01,4.65263e-53,9.99999e-01,9.99150e-01
7.855952700e+00,2.16335e-53,9.99999e-01,2.16496e-53,9.99999e-01,9.99256e-01
7.895232464e+00,5.98210e-53,9.99999e-01,5.98602e-53,9.99999e-01,9.99344e-01
7.934708626e+00,1.28182e-31,9.99999e-01,1.28256e-31,9.99999e-01,9.99422e-01
7.974382169e+00,2.69379e-24,9.99999e-01,2.69520e-24,9.99999e-01,9.99477e-01
8.014254080e+00,7.20618e-25,9.99999e-01,7.20958e-25,9.99999e-01,9.99527e-01
8.054325351e+00,2.12949e-23,9.99999e-01,2.13040e-23,9.99999e-01,9.99573e-01
8.094596977e+00,3.48778e-19,9.99999e-01,3.48913e-19,9.99999e-01,9.99611e-01
8.135069962e+00,1.06685e-18,9.99999e-01,1.06723e-18,9.99999e-01,9.99646e-01
8.175745312e+00,2.23876e-19,9.99999e-01,2.23949e-19,9.99999e-01,9.99673e-01
8.216624039e+00,7.07570e-16,9.99999e-01,7.07785e-16,9.99999e-01,9.99695e-01
8.257707159e+00,1.77497e-10,9.99999e-01,1.77548e-10,9.99999e-01,9.99715e-01
8.298995695e+00,2.45268e-09,9.99999e-01,2.45334e-09,9.99999e-01,9.99730e-01
8.340490673e+00,9.32347e-11,9.99999e-01,9.32585e-11,9.99999e-01,9.99743e-01
8.382193126e+00,4.93186e-08,9.99999e-01,4.93306e-08,9.99999e-01,9.99755e-01
8.424104092e+00,9.41645e-09,9.99999e-01,9.41864e-09,9.99999e-01,9.99766e-01
8.466224613e+00,1.56512e-08,9.99999e-01,1.56547e-08,9.99999e-01,9.99775e-01
8.508555736e+00,1.24994e-07,9.99999e-01,1.25021e-07,9.99999e-01,9.99782e-01
8.551098514e+00,2.18157e-05,9.99999e-01,2.18203e-05,9.99999e-01,9.99789e-01
8.593854007e+00,9.55238e-04,9.99999e-01,9.55434e-04,9.99999e-01,9.99794e-01
8.636823277e+00,1.59213e-03,9.99999e-01,1.59245e-03,9.99999e-01,9.99799e-01
8.680007393e+00,5.95988e-05,9.99999e-01,5.96105e-05,9.99999e-01,9.99803e-01
8.723407430e+00,2.32126e-04,9.99999e-01,2.32171e-04,9.99999e-01,9.99806e-01
8.767024467e+00,6.59530e-05,9.99999e-01,6.59656e-05,9.99999e-01,9.99809e-01
8.810859590e+00,5.50411e-04,9.99999e-01,5.50515e-04,9.99999e-01,9.99811e-01
8.854913888e+00,1.68067e-02,9.99999e-01,1.68098e-02,9.99999e-01,9.99812e-01
8.899188457e+00,1.10148e-02,9.99999e-01,1.10168e-02,9.99999e-01,9.99814e-01
8.943684399e+00,2.11765e-03,9.99999e-01,2.11804e-03,9.99999e-01,9.99814e-01
8.988402821e+00,1.38384e-03,9.99999e-01,1.38410e-03,9.99999e-01,9.99815e-01
9.033344836e+00,6.43605e-04,9.99999e-01,6.43724e-04,9.99999e-01,9.99815e-01
9.078511560e+00,2.93604e-03,9.99999e-01,2.93658e-03,9.99999e-01,9.99815e-01
9.123904118e+00,1.45189e-02,9.99999e-01,1.45215e-02,9.99999e-01,9.99815e-01
9.169523638e+00,1.03011e-02,9.99999e-01,1.03030e-02,9.99999e-01,9.99814e-01
9.215371256e+00,6.00453e-02,9.99999e-01,6.00565e-02,9.99999e-01,9.99814e-01
9.261448113e+00,4.71143e-02,9.99999e-01,4.71231e-02,9.99999e-01,9.99813e-01
9.307755353e+00,1.22339e-02,9.99999e-01,1.22361e-02,9.99999e-01,9.99812e-01
9.354294130e+00,6.91210e-03,9.99999e-01,6.91340e-03,9.99999e-01,9.99811e-01
9.401065601e+00,3.46543e-04,9.99999e-01,3.46608e-04,9.99999e-01,9.99809e-01
9.448070929e+00,3.47408e-03,9.99999e-01,3.47474e-03,9.99999e-01,9.99808e-01
9.495311283e+00,3.88794e-02,9.99999e-01,3.88869e-02,9.99999e-01,9.99806e-01
9.542787840e+00,8.77781e-02,9.99999e-01,8.77951e-02,9.99999e-01,9.99805e-01
9.590501779e+00,2.56779e-02,9.99999e-01,2.56829e-02,9.99999e-01,9.99803e-01
9.638454288e+00,2.12897e-02,9.99999e-01,2.12939e-02,9.99999e-01,9.99801e-01
9.686646559e+00,2.67603e-02,9.99999e-01,2.67656e-02,9.99999e-01,9.99799e-01
9.735079792e+00,6.71949e-02,9.99999e-01,6.72085e-02,9.99999e-01,9.99797e-01
9.783755191e+00,4.05463e-02,9.99999e-01,4.05546e-02,9.99999e-01,9.99795e-01
9.832673967e+00,1.56940e-03,9.99999e-01,1.56972e-03,9.99999e-01,9.99793e-01
9.881837337e+00,1.85081e-05,9.99999e-01,1.85120e-05,9.99999e-01,9.99791e-01
9.931246523e+00,1.12552e-02,9.99999e-01,1.12576e-02,9.99999e-01,9.99789e-01
9.980902756e+00,3.93934e-02,9.99999e-01,3.94018e-02,9.99999e-01,9.99787e-01
1.003080727e+01,3.91652e-02,9.99999e-01,3.91736e-02,9.99999e-01,9.99785e-01
1.008096131e+01,6.05745e-02,9.99999e-01,6.05876e-02,9.99999e-01,9.99782e-01
1.013136611e+01,1.19450e-01,9.99999e-01,1.19476e-01,9.99999e-01,9.99780e-01
1.018202294e+01,1.46107e-01,9.99999e-01,1.46140e-01,9.99999e-01,9.99778e-01
1.023293306e+01,4.26496e-02,9.99999e-01,4.26591e-02,9.99999e-01,9.99775e-01
1.028409772e+01,3.26452e-03,9.99999e-01,3.26526e-03,9.99999e-01,9.99772e-01
1.033551821e+01,1.48437e-03,9.99999e-01,1.48471e-03,9.99999e-01,9.99770e-01
1.038719580e+01,1.32120e-04,9.99999e-01,1.32151e-04,9.99999e-01,9.99767e-01
1.043913178e+01,1.16353e-04,9.99999e-01,1.16380e-04,9.99999e-01,9.99765e-01
1.049132744e+01,4.34283e-03,9.99999e-01,4.34386e-03,9.99999e-01,9.99762e-01
1.054378408e+01,1.11303e-02,9.99999e-01,1.11330e-02,9.99999e-01,9.99758e-01
1.059650300e+01,8.61258e-03,9.99999e-01,8.61469e-03,9.99999e-01,9.99755e-01
1.064948551e+01,5.56007e-03,9.99999e-01,5.56146e-03,9.99999e-01,9.99750e-01
1.070273294e+01,8.95550e-04,9.99999e-01,8.95777e-04,9.99999e-01,9.99746e-01
1.075624661e+01,9.84507e-04,9.99999e-01,9.84762e-04,9.99999e-01,9.99741e-01
1.081002784e+01,1.34530e-03,9.99999e-01,1.34565e-03,9.99999e-01,9.99736e-01
1.086407798e+01,3.23766e-05,9.99999e-01,3.23852e-05,9.99999e-01,9.99732e-01
1.091839837e+01,6.85750e-07,9.99999e-01,6.85937e-07,9.99999e-01,9.99727e-01
1.097299036e+01,8.14541e-11,9.99999e-01,8.14766e-11,9.99999e-01,9.99722e-01
1.102785531e+01,2.26191e-12,9.99999e-01,2.26254e-12,9.99999e-01,9.99719e-01
1.108299459e+01,1.22493e-05,9.99999e-01,1.22527e-05,9.99999e-01,9.99716e-01
1.113840956e+01,6.77264e-04,9.99999e-01,6.77458e-04,9.99999e-01,9.99712e-01
1.119410161e+01,2.62319e-03,9.99999e-01,2.62395e-03,9.99999e-01,9.99708e-01
1.125007212e+01,3.49354e-04,9.99999e-01,3.49457e-04,9.99999e-01,9.99704e-01
1.130632248e+01,2.17564e-04,9.99999e-01,2.17629e-04,9.99999e-01,9.99700e-01
1.136285409e+01,1.22566e-03,9.99999e-01,1.22603e-03,9.99999e-01,9.99696e-01
1.141966836e+01,2.02930e-03,9.99999e-01,2.02992e-03,9.99999e-01,9.99692e-01
1.147676670e+01,5.33622e-04,9.99999e-01,5.33788e-04,9.99999e-01,9.99688e-01
1.153415054e+01,2.91560e-05,9.99999e-01,2.91652e-05,9.99999e-01,9.99684e-01
1.159182129e+01,9.37597e-08,9.99999e-01,9.37897e-08,9.99999e-01,9.99679e-01
1.164978039e+01,2.86836e-10,9.99999e-01,2.86930e-10,9.99999e-01,9.99674e-01
1.170802930e+01,1.78494e-13,9.99999e-01,1.78552e-13,9.99999e-01,9.99670e-01
1.176656944e+01,2.05870e-08,9.99999e-01,2.05939e-08,9.99999e-01,9.99665e-01
1.182540229e+01,3.27539e-06,9.99999e-01,3.27650e-06,9.99999e-01,9.99660e-01
1.188452930e+01,3.99813e-06,9.99999e-01,3.99950e-06,9.99999e-01,9.99656e-01
1.194395195e+01,1.29585e-05,9.99999e-01,1.29631e-05,9.99999e-01,9.99650e-01
1.200367171e+01,1.25200e-04,9.99999e-01,1.25244e-04,9.99999e-01,9.99644e-01
1.206369007e+01,1.38060e-05,9.99999e-01,1.38110e-05,9.99999e-01,9.99638e-01
1.212400852e+01,1.18796e-04,9.99999e-01,1.18840e-04,9.99999e-01,9.99632e-01
1.218462856e+01,1.03958e-04,9.99999e-01,1.03997e-04,9.99999e-01,9.99626e-01
1.224555170e+01,1.11968e-06,9.99999e-01,1.12011e-06,9.99999e-01,9.99618e-01
1.230677946e+01,1.15645e-10,9.99999e-01,1.15690e-10,9.99999e-01,9.99611e-01
1.236831336e+01,1.65059e-12,9.99999e-01,1.65125e-12,9.99999e-01,9.99603e-01
1.243015492e+01,1.28586e-21,9.99999e-01,1.28638e-21,9.99999e-01,9.99595e-01
1.249230570e+01,2.46748e-20,9.99999e-01,2.46850e-20,9.99999e-01,9.99586e-01
1.255476723e+01,9.76116e-18,9.99999e-01,9.76528e-18,9.99999e-01,9.99577e-01
1.261754106e+01,5.01841e-09,9.99999e-01,5.02058e-09,9.99999e-01,9.99567e-01
1.268062877e+01,1.22828e-07,9.99999e-01,1.22883e-07,9.99999e-01,9.99557e-01
1.274403191e+01,9.66553e-08,9.99999e-01,9.66990e-08,9.99999e-01,9.99547e-01
1.280775207e+01,9.52169e-07,9.99999e-01,9.52610e-07,9.99999e-01,9.99536e-01
1.287179083e+01,4.24579e-08,9.99999e-01,4.24780e-08,9.99999e-01,9.99524e-01
1.293614979e+01,9.38252e-08,9.99999e-01,9.38708e-08,9.99999e-01,9.99513e-01
1.300083054e+01,5.15225e-10,9.99999e-01,5.15482e-10,9.99999e-01,9.99501e-01
1.306583469e+01,3.11681e-12,9.99999e-01,3.11840e-12,9.99999e-01,9.99488e-01
1.313116386e+01,8.68976e-13,9.99999e-01,8.69432e-13,9.99999e-01,9.99475e-01
1.319681968e+01,1.05069e-13,9.99999e-01,1.05125e-13,9.99999e-01,9.99461e-01
1.326280378e+01,2.24012e-20,9.99999e-01,2.24136e-20,9.99999e-01,9.99447e-01
1.332911780e+01,1.93345e-22,9.99999e-01,1.93454e-22,9.99999e-01,9.99432e-01
1.339576339e+01,4.59156e-23,9.99999e-01,4.59424e-23,9.99999e-01,9.99416e-01
1.346274221e+01,3.46128e-34,9.99999e-01,3.46336e-34,9.99999e-01,9.99399e-01
1.353005592e+01,3.98932e-18,9.99999e-01,3.99178e-18,9.99999e-01,9.99382e-01
1.359770620e+01,8.07740e-17,9.99999e-01,8.08254e-17,9.99999e-01,9.99363e-01
1.366569473e+01,2.12022e-16,9.99999e-01,2.12161e-16,9.99999e-01,9.99344e-01
1.373402320e+01,3.35616e-12,9.99999e-01,3.35843e-12,9.99999e-01,9.99323e-01
1.380269332e+01,1.63038e-11,9.99999e-01,1.63152e-11,9.99999e-01,9.99303e-01
1.387170678e+01,1.47042e-14,9.99999e-01,1.47147e-14,9.99999e-01,9.99282e-01
1.394106532e+01,2.80523e-17,9.99999e-01,2.80731e-17,9.99999e-01,9.99259e-01
1.401077064e+01,3.45035e-20,9.99999e-01,3.45299e-20,9.99999e-01,9.99235e-01
1.408082450e+01,1.34495e-20,9.99999e-01,1.34601e-20,9.99999e-01,9.99211e-01
1.415122862e+01,8.53021e-29,9.99999e-01,8.53715e-29,9.99999e-01,9.99186e-01
1.422198476e+01,6.75894e-39,9.99999e-01,6.76462e-39,9.99999e-01,9.99160e-01
1.429309469e+01,3.01964e-38,9.99999e-01,3.02226e-38,9.99999e-01,9.99134e-01
1.436456016e+01,5.67278e-47,9.99999e-01,5.67786e-47,9.99999e-01,9.99105e-01
1.443638296e+01,1.27237e-54,9.99999e-01,1.27355e-54,9.99999e-01,9.99076e-01
1.450856487e+01,3.78085e-36,9.99999e-01,3.78446e-36,9.99999e-01,9.99045e-01
1.458110770e+01,2.59733e-26,9.99999e-01,2.59989e-26,9.99999e-01,9.99012e-01
1.465401324e+01,3.50563e-24,9.99999e-01,3.50921e-24,9.99999e-01,9.98979e-01
1.472728330e+01,7.15036e-24,9.99999e-01,7.15791e-24,9.99999e-01,9.98945e-01
1.480091972e+01,6.16345e-26,9.99999e-01,6.17019e-26,9.99999e-01,9.98907e-01
1.487492432e+01,1.30736e-44,9.99999e-01,1.30884e-44,9.99999e-01,9.98869e-01
1.494929894e+01,6.24070e-35,9.99999e-01,6.24800e-35,9.99999e-01,9.98830e-01
1.502404544e+01,1.15970e-29,9.99999e-01,1.16111e-29,9.99999e-01,9.98787e-01
1.509916566e+01,9.20665e-29,9.99999e-01,9.21822e-29,9.99999e-01,9.98744e-01
1.517466149e+01,7.03145e-31,9.99999e-01,7.04060e-31,9.99999e-01,9.98699e-01
1.525053480e+01,1.19782e-28,9.99999e-01,1.19943e-28,9.99999e-01,9.98651e-01
1.532678747e+01,3.97869e-33,9.99999e-01,3.98426e-33,9.99999e-01,9.98602e-01
1.540342141e+01,2.34939e-42,9.99999e-01,2.35279e-42,9.99999e-01,9.98551e-01
1.548043852e+01,3.74459e-47,9.99999e-01,3.75023e-47,9.99999e-01,9.98496e-01
1.555784071e+01,4.18508e-59,9.99999e-01,4.19161e-59,9.99999e-01,9.98441e-01
1.563562991e+01,5.28771e-89,9.99999e-01,5.29626e-89,9.99999e-01,9.98384e-01
1.571380806e+01,5.63763e-90,9.99999e-01,5.64709e-90,9.99999e-01,9.98323e-01
1.579237710e+01,1.42381e-64,9.99999e-01,1.42629e-64,9.99999e-01,9.98261e-01
1.587133899e+01,7.46172e-57,9.99999e-01,7.47519e-57,9.99999e-01,9.98198e-01
1.595069568e+01,2.22399e-61,9.99999e-01,2.22817e-61,9.99999e-01,9.98126e-01
1.603044916e+01,3.81803e-85,9.99999e-01,3.82548e-85,9.99999e-01,9.98053e-01
1.611060141e+01,6.33830e-82,9.99999e-01,6.35112e-82,9.99999e-01,9.97980e-01
1.619115441e+01,4.80303e-80,9.99999e-01,4.81314e-80,9.99999e-01,9.97898e-01
1.627211019e+01,1.01985e-89,9.99999e-01,1.02208e-89,9.99999e-01,9.97815e-01
1.635347074e+01,1.79990e-82,9.99999e-01,1.80399e-82,9.99999e-01,9.97732e-01
1.643523809e+01,3.54244e-84,9.99999e-01,3.55080e-84,9.99999e-01,9.97643e-01
1.651741428e+01,2.08397e-88,9.99999e-01,2.08909e-88,9.99999e-01,9.97551e-01
1.660000135e+01,4.17922e-112,9.99999e-01,4.18986e-112,9.99999e-01,9.97458e-01
1.668300136e+01,8.87083e-115,9.99999e-01,8.89427e-115,9.99999e-01,9.97363e-01
1.676641637e+01,3.46169e-102,9.99999e-01,3.47118e-102,9.99999e-01,9.97263e-01
1.685024845e+01,9.08160e-105,9.99999e-01,9.10743e-105,9.99999e-01,9.97163e-01
1.693449969e+01,2.97595e-130,9.99999e-01,2.98472e-130,9.99999e-01,9.97061e-01
1.701917219e+01,2.10715e-139,9.99999e-01,2.11360e-139,9.99999e-01,9.96948e-01
1.710426805e+01,1.73251e-179,9.99999e-01,1.73801e-179,9.99999e-01,9.96834e-01
1.718978939e+01,2.62129e-196,9.99999e-01,2.62992e-196,9.99999e-01,9.96718e-01
1.727573834e+01,7.45251e-202,9.99999e-01,7.47797e-202,9.99999e-01,9.96594e-01
1.736211703e+01,3.12781e-215,9.99999e-01,3.13892e-215,9.99999e-01,9.96459e-01
1.744892761e+01,1.07801e-184,9.99999e-01,1.08199e-184,9.99999e-01,9.96324e-01
1.753617225e+01,2.74360e-147,9.99999e-01,2.75410e-147,9.99999e-01,9.96188e-01
1.762385311e+01,1.74545e-145,9.99999e-01,1.75239e-145,9.99999e-01,9.96039e-01
1.771197238e+01,2.02498e-154,9.99999e-01,2.03333e-154,9.99999e-01,9.95890e-01
1.780053224e+01,1.56453e-168,9.99999e-01,1.57122e-168,9.99999e-01,9.95740e-01
1.788953490e+01,7.38005e-182,9.99999e-01,7.41283e-182,9.99999e-01,9.95578e-01
1.797898258e+01,3.52782e-209,9.99999e-01,3.54412e-209,9.99999e-01,9.95400e-01
1.806887749e+01,8.80021e-213,9.99999e-01,8.84245e-213,9.99999e-01,9.95222e-01
1.815922188e+01,5.44381e-284,9.99999e-01,5.47092e-284,9.99999e-01,9.95043e-01
1.825001799e+01,5.30104e-212,9.99999e-01,5.32851e-212,9.99999e-01,9.94844e-01
1.834126808e+01,1.70310e-204,9.99999e-01,1.71227e-204,9.99999e-01,9.94639e-01
1.843297442e+01,1.80466e-206,9.99999e-01,1.81476e-206,9.99999e-01,9.94433e-01
1.852513929e+01,1.99455e-277,9.99999e-01,2.00614e-277,9.99999e-01,9.94223e-01
1.861776499e+01,0.00000e+00,9.99999e-01,0.00000e+00,9.99999e-01,9.93996e-01
1.871085381e+01,5.40983e-264,9.99999e-01,5.44375e-264,9.99999e-01,9.93768e-01
1.880440808e+01,1.21752e-225,9.99999e-01,1.22543e-225,9.99999e-01,9.93539e-01
1.889843012e+01,4.20562e-226,9.99999e-01,4.23400e-226,9.99999e-01,9.93297e-01
1.899292227e+01,1.64579e-316,9.99999e-01,1.65733e-316,9.99999e-01,9.93037e-01
1.908788688e+01,2.52286e-303,9.99999e-01,2.54121e-303,9.99999e-01,9.92776e-01
1.918332632e+01,2.06076e-304,9.99999e-01,2.07630e-304,9.99999e-01,9.92513e-01
1.927924295e+01,0.00000e+00,9.99999e-01,0.00000e+00,9.99999e-01,9.92240e-01
1.937563916e+01,0.00000e+00,9.99999e-01,0.00000e+00,9.99999e-01,9.91960e-01
1.947251736e+01,0.00000e+00,9.99999e-01,0.00000e+00,9.99999e-01,9.91679e-01
1.956987994e+01,0.00000e+00,9.99999e-01,0.00000e+00,9.99999e-01,9.91396e-01
1.966772934e+01,0.00000e+00,9.99999e-01,0.00000e+00,9.99999e-01,9.91072e-01
1.976606799e+01,0.00000e+00,9.99999e-01,0.00000e+00,9.99999e-01,9.90728e-01
1.986489833e+01,0.00000e+00,9.99999e-01,0.00000e+00,9.99999e-01,9.90383e-01
1.996422282e+01,0.00000e+00,9.99999e-01,0.00000e+00,9.99999e-01,9.90036e-01
