#,Wave/freq,Total,H2O,Rayleigh,CIA
4.000000000e-01,9.99524e-01,9.99931e-01,9.99593e-01,9.99999e-01
4.020000000e-01,9.99558e-01,9.99957e-01,9.99601e-01,9.99999e-01
4.040100000e-01,9.99591e-01,9.99981e-01,9.99609e-01,9.99999e-01
4.060300500e-01,9.99612e-01,9.99995e-01,9.99616e-01,9.99999e-01
4.080602003e-01,9.99622e-01,9.99998e-01,9.99624e-01,9.99999e-01
4.101005013e-01,9.99631e-01,9.99999e-01,9.99631e-01,9.99999e-01
4.121510038e-01,9.99636e-01,9.99996e-01,9.99638e-01,9.99999e-01
4.142117588e-01,9.99627e-01,9.99980e-01,9.99646e-01,9.99999e-01
4.162828176e-01,9.99568e-01,9.99914e-01,9.99653e-01,9.99999e-01
4.183642317e-01,9.99609e-01,9.99949e-01,9.99659e-01,9.99999e-01
4.204560528e-01,9.99635e-01,9.99968e-01,9.99666e-01,9.99999e-01
4.225583331e-01,9.99661e-01,9.99988e-01,9.99673e-01,9.99999e-01
4.246711247e-01,9.99670e-01,9.99990e-01,9.99679e-01,9.99999e-01
4.267944804e-01,9.99672e-01,9.99985e-01,9.99685e-01,9.99999e-01
4.289284528e-01,9.99681e-01,9.99989e-01,9.99692e-01,9.99999e-01
4.310730950e-01,9.99693e-01,9.99995e-01,9.99698e-01,9.99999e-01
4.332284605e-01,9.99703e-01,9.99998e-01,9.99704e-01,9.99999e-01
4.353946028e-01,9.99709e-01,9.99999e-01,9.99709e-01,9.99999e-01
4.375715758e-01,9.99707e-01,9.99991e-01,9.99715e-01,9.99999e-01
4.397594337e-01,9.99646e-01,9.99924e-01,9.99721e-01,9.99999e-01
4.419582309e-01,9.99345e-01,9.99617e-01,9.99726e-01,9.99999e-01
4.441680220e-01,9.99437e-01,9.99704e-01,9.99732e-01,9.99999e-01
4.463888621e-01,9.99429e-01,9.99691e-01,9.99737e-01,9.99999e-01
4.486208064e-01,9.99552e-01,9.99808e-01,9.99742e-01,9.99999e-01
4.508639105e-01,9.99658e-01,9.99910e-01,9.99747e-01,9.99999e-01
4.531182300e-01,9.99717e-01,9.99964e-01,9.99752e-01,9.99999e-01
4.553838212e-01,9.99733e-01,9.99975e-01,9.99757e-01,9.99999e-01
4.576607403e-01,9.99751e-01,9.99988e-01,9.99762e-01,9.99999e-01
4.599490440e-01,9.99759e-01,9.99991e-01,9.99767e-01,9.99999e-01
4.622487892e-01,9.99770e-01,9.99998e-01,9.99771e-01,9.99999e-01
4.645600332e-01,9.99770e-01,9.99994e-01,9.99776e-01,9.99999e-01
4.668828333e-01,9.99689e-01,9.99908e-01,9.99780e-01,9.99999e-01
4.692172475e-01,9.99591e-01,9.99806e-01,9.99784e-01,9.99999e-01
4.715633337e-01,9.99662e-01,9.99873e-01,9.99789e-01,9.99999e-01
4.739211504e-01,9.99672e-01,9.99879e-01,9.99793e-01,9.99999e-01
4.762907561e-01,9.99734e-01,9.99937e-01,9.99797e-01,9.99999e-01
4.786722099e-01,9.99775e-01,9.99973e-01,9.99801e-01,9.99999e-01
4.810655710e-01,9.99797e-01,9.99991e-01,9.99805e-01,9.99999e-01
4.834708988e-01,9.99734e-01,9.99924e-01,9.99809e-01,9.99999e-01
4.858882533e-01,9.99676e-01,9.99863e-01,9.99812e-01,9.99999e-01
4.883176946e-01,9.99702e-01,9.99885e-01,9.99816e-01,9.99999e-01
4.907592831e-01,9.99716e-01,9.99896e-01,9.99820e-01,9.99999e-01
4.932130795e-01,9.99750e-01,9.99926e-01,9.99823e-01,9.99999e-01
4.956791449e-01,9.99788e-01,9.99960e-01,9.99827e-01,9.99999e-01
4.981575406e-01,9.99636e-01,9.99805e-01,9.99830e-01,9.99999e-01
5.006483283e-01,9.99328e-01,9.99493e-01,9.99833e-01,9.99999e-01
5.031515699e-01,9.97286e-01,9.97448e-01,9.99837e-01,9.99999e-01
5.056673278e-01,9.98496e-01,9.98655e-01,9.99840e-01,9.99999e-01
5.081956644e-01,9.98148e-01,9.98303e-01,9.99843e-01,9.99999e-01
5.107366428e-01,9.98701e-01,9.98854e-01,9.99846e-01,9.99999e-01
5.132903260e-01,9.99196e-01,9.99345e-01,9.99849e-01,9.99999e-01
5.158567776e-01,9.99576e-01,9.99723e-01,9.99852e-01,9.99999e-01
5.184360615e-01,9.99745e-01,9.99889e-01,9.99855e-01,9.99999e-01
5.210282418e-01,9.99816e-01,9.99958e-01,9.99858e-01,9.99999e-01
5.236333830e-01,9.99694e-01,9.99833e-01,9.99861e-01,9.99999e-01
5.262515499e-01,9.99759e-01,9.99895e-01,9.99863e-01,9.99999e-01
5.288828077e-01,9.99770e-01,9.99903e-01,9.99866e-01,9.99999e-01
5.315272217e-01,9.99785e-01,9.99915e-01,9.99869e-01,9.99999e-01
5.341848578e-01,9.99816e-01,9.99944e-01,9.99871e-01,9.99999e-01
5.368557821e-01,9.99680e-01,9.99805e-01,9.99874e-01,9.99999e-01
5.395400610e-01,9.99174e-01,9.99297e-01,9.99876e-01,9.99999e-01
5.422377613e-01,9.98978e-01,9.99098e-01,9.99879e-01,9.99999e-01
5.449489501e-01,9.99040e-01,9.99158e-01,9.99881e-01,9.99999e-01
5.476736949e-01,9.99141e-01,9.99257e-01,9.99883e-01,9.99999e-01
5.504120634e-01,9.99347e-01,9.99460e-01,9.99886e-01,9.99999e-01
5.531641237e-01,9.99617e-01,9.99728e-01,9.99888e-01,9.99999e-01
5.559299443e-01,9.99759e-01,9.99868e-01,9.99890e-01,9.99999e-01
5.587095940e-01,9.99810e-01,9.99917e-01,9.99892e-01,9.99999e-01
5.615031420e-01,9.99803e-01,9.99908e-01,9.99894e-01,9.99999e-01
5.643106577e-01,9.99792e-01,9.99895e-01,9.99896e-01,9.99999e-01
5.671322110e-01,9.98626e-01,9.98727e-01,9.99898e-01,9.99999e-01
5.699678720e-01,9.98566e-01,9.98664e-01,9.99900e-01,9.99999e-01
5.728177114e-01,9.98505e-01,9.98601e-01,9.99902e-01,9.99999e-01
5.756818000e-01,9.98623e-01,9.98718e-01,9.99904e-01,9.99999e-01
5.785602090e-01,9.98790e-01,9.98883e-01,9.99906e-01,9.99999e-01
5.814530100e-01,9.98786e-01,9.98877e-01,9.99908e-01,9.99999e-01
5.843602750e-01,9.98568e-01,9.98657e-01,9.99910e-01,9.99999e-01
5.872820764e-01,9.88412e-01,9.88498e-01,9.99912e-01,9.99999e-01
5.902184868e-01,9.86038e-01,9.86123e-01,9.99913e-01,9.99999e-01
5.931695792e-01,9.90089e-01,9.90173e-01,9.99915e-01,9.99999e-01
5.961354271e-01,9.89155e-01,9.89237e-01,9.99917e-01,9.99999e-01
5.991161043e-01,9.92061e-01,9.92141e-01,9.99918e-01,9.99999e-01
6.021116848e-01,9.95457e-01,9.95536e-01,9.99920e-01,9.99999e-01
6.051222432e-01,9.97662e-01,9.97739e-01,9.99921e-01,9.99999e-01
6.081478544e-01,9.98947e-01,9.99023e-01,9.99923e-01,9.99999e-01
6.111885937e-01,9.99512e-01,9.99587e-01,9.99924e-01,9.99999e-01
6.142445367e-01,9.99742e-01,9.99815e-01,9.99926e-01,9.99999e-01
6.173157594e-01,9.99826e-01,9.99897e-01,9.99927e-01,9.99999e-01
6.204023382e-01,9.99843e-01,9.99913e-01,9.99929e-01,9.99999e-01
6.235043498e-01,9.99548e-01,9.99617e-01,9.99930e-01,9.99999e-01
6.266218716e-01,9.97923e-01,9.97990e-01,9.99932e-01,9.99999e-01
6.297549810e-01,9.99196e-01,9.99262e-01,9.99933e-01,9.99999e-01
6.329037559e-01,9.98480e-01,9.98544e-01,9.99934e-01,9.99999e-01
6.360682746e-01,9.98694e-01,9.98758e-01,9.99935e-01,9.99999e-01
6.392486160e-01,9.98330e-01,9.98392e-01,9.99937e-01,9.99999e-01
6.424448591e-01,9.97779e-01,9.97840e-01,9.99938e-01,9.99999e-01
6.456570834e-01,9.89955e-01,9.90015e-01,9.99939e-01,9.99999e-01
6.488853688e-01,9.92663e-01,9.92721e-01,9.99940e-01,9.99999e-01
6.521297956e-01,9.92526e-01,9.92584e-01,9.99941e-01,9.99999e-01
6.553904446e-01,9.92538e-01,9.92594e-01,9.99943e-01,9.99999e-01
6.586673968e-01,9.93614e-01,9.93669e-01,9.99944e-01,9.99999e-01
6.619607338e-01,9.96413e-01,9.96467e-01,9.99945e-01,9.99999e-01
6.652705375e-01,9.97825e-01,9.97878e-01,9.99946e-01,9.99999e-01
6.685968902e-01,9.99045e-01,9.99097e-01,9.99947e-01,9.99999e-01
6.719398746e-01,9.99492e-01,9.99543e-01,9.99948e-01,9.99999e-01
6.752995740e-01,9.99701e-01,9.99751e-01,9.99949e-01,9.99999e-01
6.786760719e-01,9.99591e-01,9.99640e-01,9.99950e-01,9.99999e-01
6.820694522e-01,9.99338e-01,9.99386e-01,9.99951e-01,9.99999e-01
6.854797995e-01,9.99161e-01,9.99208e-01,9.99952e-01,9.99999e-01
6.889071985e-01,9.98025e-01,9.98071e-01,9.99953e-01,9.99999e-01
6.923517345e-01,9.69087e-01,9.69131e-01,9.99954e-01,9.99999e-01
6.958134932e-01,9.83959e-01,9.84003e-01,9.99955e-01,9.99999e-01
6.992925606e-01,9.84579e-01,9.84622e-01,9.99955e-01,9.99999e-01
7.027890234e-01,9.81072e-01,9.81114e-01,9.99956e-01,9.99999e-01
7.063029686e-01,9.84042e-01,9.84084e-01,9.99957e-01,9.99999e-01
7.098344834e-01,9.84680e-01,9.84721e-01,9.99958e-01,9.99999e-01
7.133836558e-01,9.79563e-01,9.79603e-01,9.99959e-01,9.99998e-01
7.169505741e-01,8.49200e-01,8.49235e-01,9.99960e-01,9.99997e-01
7.205353270e-01,9.23459e-01,9.23496e-01,9.99960e-01,9.99997e-01
7.241380036e-01,9.02963e-01,9.02999e-01,9.99961e-01,9.99997e-01
7.277586936e-01,9.12070e-01,9.12105e-01,9.99962e-01,9.99997e-01
7.313974871e-01,9.06747e-01,9.06781e-01,9.99963e-01,9.99998e-01
7.350544745e-01,9.47787e-01,9.47822e-01,9.99963e-01,9.99998e-01
7.387297469e-01,9.61255e-01,9.61289e-01,9.99964e-01,9.99999e-01
7.424233956e-01,9.80843e-01,9.80877e-01,9.99965e-01,9.99999e-01
7.461355126e-01,9.88324e-01,9.88358e-01,9.99965e-01,9.99999e-01
7.498661902e-01,9.94537e-01,9.94570e-01,9.99966e-01,9.99999e-01
7.536155211e-01,9.97297e-01,9.97329e-01,9.99967e-01,9.99999e-01
7.573835987e-01,9.98593e-01,9.98624e-01,9.99967e-01,9.99999e-01
7.611705167e-01,9.99114e-01,9.99145e-01,9.99968e-01,9.99999e-01
7.649763693e-01,9.99433e-01,9.99463e-01,9.99969e-01,9.99999e-01
7.688012511e-01,9.99596e-01,9.99626e-01,9.99969e-01,9.99999e-01
7.726452574e-01,9.99663e-01,9.99692e-01,9.99970e-01,9.99999e-01
7.765084837e-01,9.99532e-01,9.99561e-01,9.99970e-01,9.99999e-01
7.803910261e-01,9.98076e-01,9.98104e-01,9.99971e-01,9.99999e-01
7.842929812e-01,9.93372e-01,9.93399e-01,9.99971e-01,9.99999e-01
7.882144461e-01,9.86472e-01,9.86499e-01,9.99972e-01,9.99999e-01
7.921555184e-01,9.92569e-01,9.92596e-01,9.99973e-01,9.99999e-01
7.961162960e-01,9.86854e-01,9.86880e-01,9.99973e-01,9.99999e-01
8.000968774e-01,9.84863e-01,9.84889e-01,9.99974e-01,9.99999e-01
8.040973618e-01,9.84853e-01,9.84878e-01,9.99974e-01,9.99999e-01
8.081178486e-01,9.66171e-01,9.66195e-01,9.99975e-01,9.99998e-01
8.121584379e-01,8.67273e-01,8.67295e-01,9.99975e-01,9.99997e-01
8.162192301e-01,8.45461e-01,8.45483e-01,9.99976e-01,9.99997e-01
8.203003262e-01,9.20486e-01,9.20510e-01,9.99976e-01,9.99997e-01
8.244018279e-01,8.92677e-01,8.92699e-01,9.99976e-01,9.99996e-01
8.285238370e-01,9.03975e-01,9.03997e-01,9.99977e-01,9.99997e-01
8.326664562e-01,9.03307e-01,9.03328e-01,9.99977e-01,9.99998e-01
8.368297885e-01,9.29668e-01,9.29689e-01,9.99978e-01,9.99998e-01
8.410139374e-01,9.57552e-01,9.57572e-01,9.99978e-01,9.99999e-01
8.452190071e-01,9.78942e-01,9.78962e-01,9.99979e-01,9.99999e-01
8.494451021e-01,9.87696e-01,9.87716e-01,9.99979e-01,9.99999e-01
8.536923276e-01,9.92711e-01,9.92731e-01,9.99979e-01,9.99999e-01
8.579607893e-01,9.95492e-01,9.95511e-01,9.99980e-01,9.99999e-01
8.622505932e-01,9.97130e-01,9.97149e-01,9.99980e-01,9.99999e-01
8.665618462e-01,9.98214e-01,9.98232e-01,9.99981e-01,9.99999e-01
8.708946554e-01,9.97956e-01,9.97974e-01,9.99981e-01,9.99999e-01
8.752491287e-01,9.97274e-01,9.97292e-01,9.99981e-01,9.99999e-01
8.796253743e-01,9.96229e-01,9.96247e-01,9.99982e-01,9.99999e-01
8.840235012e-01,9.95699e-01,9.95716e-01,9.99982e-01,9.99999e-01
8.884436187e-01,9.84370e-01,9.84387e-01,9.99982e-01,9.99998e-01
8.928858368e-01,8.49286e-01,8.49302e-01,9.99983e-01,9.99997e-01
8.973502660e-01,7.51004e-01,7.51019e-01,9.99983e-01,9.99995e-01
9.018370173e-01,8.64499e-01,8.64516e-01,9.99983e-01,9.99995e-01
9.063462024e-01,8.78448e-01,8.78466e-01,9.99984e-01,9.99994e-01
9.108779334e-01,8.17561e-01,8.17578e-01,9.99984e-01,9.99994e-01
9.154323231e-01,7.95002e-01,7.95018e-01,9.99984e-01,9.99993e-01
9.200094847e-01,8.36203e-01,8.36221e-01,9.99984e-01,9.99992e-01
9.246095321e-01,7.61448e-01,7.61468e-01,9.99985e-01,9.99986e-01
9.292325798e-01,1.83101e-01,1.83109e-01,9.99985e-01,9.99972e-01
9.338787427e-01,1.12054e-01,1.12060e-01,9.99985e-01,9.99964e-01
9.385481364e-01,4.09743e-01,4.09763e-01,9.99986e-01,9.99963e-01
9.432408771e-01,3.01895e-01,3.01911e-01,9.99986e-01,9.99959e-01
9.479570815e-01,1.90595e-01,1.90604e-01,9.99986e-01,9.99964e-01
9.526968669e-01,2.77050e-01,2.77061e-01,9.99986e-01,9.99973e-01
9.574603512e-01,2.93860e-01,2.93870e-01,9.99987e-01,9.99979e-01
9.622476530e-01,3.63013e-01,3.63022e-01,9.99987e-01,9.99986e-01
9.670588912e-01,5.53975e-01,5.53986e-01,9.99987e-01,9.99991e-01
9.718941857e-01,6.84080e-01,6.84091e-01,9.99987e-01,9.99994e-01
9.767536566e-01,7.29229e-01,7.29239e-01,9.99988e-01,9.99996e-01
9.816374249e-01,7.90604e-01,7.90615e-01,9.99988e-01,9.99997e-01
9.865456120e-01,8.63078e-01,8.63088e-01,9.99988e-01,9.99998e-01
9.914783401e-01,9.12781e-01,9.12792e-01,9.99988e-01,9.99999e-01
9.964357318e-01,9.51509e-01,9.51519e-01,9.99988e-01,9.99999e-01
1.001417910e+00,9.70634e-01,9.70644e-01,9.99989e-01,9.99999e-01
1.006425000e+00,9.83129e-01,9.83139e-01,9.99989e-01,9.99999e-01
1.011457125e+00,9.89506e-01,9.89516e-01,9.99989e-01,9.99999e-01
1.016514411e+00,9.92856e-01,9.92865e-01,9.99989e-01,9.99999e-01
1.021596983e+00,9.94300e-01,9.94309e-01,9.99989e-01,9.99999e-01
1.026704968e+00,9.95549e-01,9.95558e-01,9.99990e-01,9.99999e-01
1.031838492e+00,9.96764e-01,9.96773e-01,9.99990e-01,9.99999e-01
1.036997685e+00,9.98071e-01,9.98080e-01,9.99990e-01,9.99999e-01
1.042182673e+00,9.97698e-01,9.97707e-01,9.99990e-01,9.99999e-01
1.047393587e+00,9.96955e-01,9.96963e-01,9.99990e-01,9.99999e-01
1.052630555e+00,9.95824e-01,9.95833e-01,9.99991e-01,9.99999e-01
1.057893707e+00,9.93039e-01,9.93048e-01,9.99991e-01,9.99999e-01
1.063183176e+00,9.88584e-01,9.88593e-01,9.99991e-01,9.99999e-01
1.068499092e+00,9.80979e-01,9.80987e-01,9.99991e-01,9.99999e-01
1.073841587e+00,9.77779e-01,9.77787e-01,9.99991e-01,9.99999e-01
1.079210795e+00,9.71640e-01,9.71649e-01,9.99991e-01,9.99998e-01
1.084606849e+00,9.57389e-01,9.57397e-01,9.99991e-01,9.99998e-01
1.090029883e+00,9.39315e-01,9.39324e-01,9.99992e-01,9.99997e-01
1.095480033e+00,8.43454e-01,8.43464e-01,9.99992e-01,9.99995e-01
1.100957433e+00,6.51903e-01,6.51913e-01,9.99992e-01,9.99992e-01
1.106462220e+00,3.51062e-01,3.51070e-01,9.99992e-01,9.99983e-01
1.111994531e+00,1.17566e-01,1.17570e-01,9.99992e-01,9.99967e-01
1.117554504e+00,3.52578e-02,3.52596e-02,9.99992e-01,9.99953e-01
1.123142276e+00,1.01623e-01,1.01629e-01,9.99992e-01,9.99945e-01
1.128757988e+00,2.02680e-01,2.02693e-01,9.99993e-01,9.99940e-01
1.134401778e+00,9.08650e-02,9.08715e-02,9.99993e-01,9.99933e-01
1.140073787e+00,3.68904e-01,3.68925e-01,9.99993e-01,9.99946e-01
1.145774156e+00,1.43455e-01,1.43463e-01,9.99993e-01,9.99954e-01
1.151503026e+00,1.16859e-01,1.16865e-01,9.99993e-01,9.99960e-01
1.157260541e+00,1.46268e-01,1.46274e-01,9.99993e-01,9.99970e-01
1.163046844e+00,2.38456e-01,2.38462e-01,9.99993e-01,9.99980e-01
1.168862078e+00,3.58487e-01,3.58492e-01,9.99993e-01,9.99990e-01
1.174706389e+00,5.29733e-01,5.29739e-01,9.99994e-01,9.99994e-01
1.180579921e+00,6.77615e-01,6.77621e-01,9.99994e-01,9.99996e-01
1.186482820e+00,8.01202e-01,8.01208e-01,9.99994e-01,9.99996e-01
1.192415234e+00,8.78293e-01,8.78299e-01,9.99994e-01,9.99997e-01
1.198377311e+00,8.96366e-01,8.96372e-01,9.99994e-01,9.99997e-01
1.204369197e+00,9.01984e-01,9.01990e-01,9.99994e-01,9.99997e-01
1.210391043e+00,9.05895e-01,9.05900e-01,9.99994e-01,9.99998e-01
1.216442998e+00,9.19441e-01,9.19446e-01,9.99994e-01,9.99998e-01
1.222525213e+00,9.36574e-01,9.36578e-01,9.99994e-01,9.99999e-01
1.228637839e+00,9.55487e-01,9.55492e-01,9.99994e-01,9.99999e-01
1.234781029e+00,9.66776e-01,9.66780e-01,9.99995e-01,9.99999e-01
1.240954934e+00,9.78849e-01,9.78853e-01,9.99995e-01,9.99999e-01
1.247159708e+00,9.83493e-01,9.83498e-01,9.99995e-01,9.99999e-01
1.253395507e+00,9.85322e-01,9.85326e-01,9.99995e-01,9.99999e-01
1.259662485e+00,9.86037e-01,9.86041e-01,9.99995e-01,9.99999e-01
1.265960797e+00,9.77810e-01,9.77815e-01,9.99995e-01,9.99999e-01
1.272290601e+00,9.65326e-01,9.65331e-01,9.99995e-01,9.99998e-01
1.278652054e+00,9.32396e-01,9.32401e-01,9.99995e-01,9.99998e-01
1.285045314e+00,8.81043e-01,8.81048e-01,9.99995e-01,9.99997e-01
1.291470541e+00,8.02203e-01,8.02209e-01,9.99995e-01,9.99995e-01
1.297927893e+00,7.31776e-01,7.31785e-01,9.99995e-01,9.99991e-01
1.304417533e+00,6.93724e-01,6.93736e-01,9.99995e-01,9.99985e-01
1.310939621e+00,6.57373e-01,6.57391e-01,9.99995e-01,9.99975e-01
1.317494319e+00,6.36170e-01,6.36198e-01,9.99996e-01,9.99959e-01
1.324081790e+00,5.13155e-01,5.13190e-01,9.99996e-01,9.99933e-01
1.330702199e+00,1.36756e-01,1.36771e-01,9.99996e-01,9.99889e-01
1.337355710e+00,2.72364e-03,2.72422e-03,9.99996e-01,9.99789e-01
1.344042489e+00,4.85933e-05,4.86154e-05,9.99996e-01,9.99548e-01
1.350762701e+00,1.58368e-13,1.58482e-13,9.99996e-01,9.99279e-01
1.357516515e+00,6.81675e-20,6.82285e-20,9.99996e-01,9.99107e-01
1.364304097e+00,2.17376e-12,2.17585e-12,9.99996e-01,9.99043e-01
1.371125618e+00,6.64329e-08,6.64972e-08,9.99996e-01,9.99035e-01
1.377981246e+00,2.14085e-07,2.14307e-07,9.99996e-01,9.98964e-01
1.384871152e+00,1.54438e-10,1.54594e-10,9.99996e-01,9.98993e-01
1.391795508e+00,1.72179e-12,1.72326e-12,9.99996e-01,9.99146e-01
1.398754485e+00,7.34211e-10,7.34751e-10,9.99996e-01,9.99266e-01
1.405748258e+00,8.02061e-10,8.02591e-10,9.99996e-01,9.99342e-01
1.412776999e+00,1.05612e-09,1.05669e-09,9.99996e-01,9.99471e-01
1.419840884e+00,1.96156e-09,1.96233e-09,9.99996e-01,9.99605e-01
1.426940089e+00,8.88930e-07,8.89150e-07,9.99996e-01,9.99755e-01
1.434074789e+00,8.80235e-06,8.80371e-06,9.99997e-01,9.99847e-01
1.441245163e+00,7.17542e-05,7.17628e-05,9.99997e-01,9.99881e-01
1.448451389e+00,1.47620e-03,1.47634e-03,9.99997e-01,9.99901e-01
1.455693646e+00,1.16959e-02,1.16969e-02,9.99997e-01,9.99918e-01
1.462972114e+00,1.71484e-02,1.71496e-02,9.99997e-01,9.99930e-01
1.470286975e+00,9.29463e-03,9.29523e-03,9.99997e-01,9.99937e-01
1.477638409e+00,1.38974e-02,1.38982e-02,9.99997e-01,9.99946e-01
1.485026601e+00,2.64867e-02,2.64878e-02,9.99997e-01,9.99958e-01
1.492451734e+00,7.03890e-02,7.03911e-02,9.99997e-01,9.99971e-01
1.499913993e+00,1.57919e-01,1.57922e-01,9.99997e-01,9.99984e-01
1.507413563e+00,2.60565e-01,2.60568e-01,9.99997e-01,9.99991e-01
1.514950631e+00,4.25507e-01,4.25510e-01,9.99997e-01,9.99994e-01
1.522525384e+00,5.73251e-01,5.73253e-01,9.99997e-01,9.99996e-01
1.530138011e+00,6.63157e-01,6.63159e-01,9.99997e-01,9.99998e-01
1.537788701e+00,7.92030e-01,7.92032e-01,9.99997e-01,9.99998e-01
1.545477645e+00,8.61856e-01,8.61858e-01,9.99997e-01,9.99999e-01
1.553205033e+00,8.85441e-01,8.85442e-01,9.99997e-01,9.99999e-01
1.560971058e+00,9.27533e-01,9.27535e-01,9.99997e-01,9.99999e-01
1.568775913e+00,9.51461e-01,9.51463e-01,9.99997e-01,9.99999e-01
1.576619793e+00,9.62121e-01,9.62123e-01,9.99997e-01,9.99999e-01
1.584502892e+00,9.76788e-01,9.76789e-01,9.99997e-01,9.99999e-01
1.592425406e+00,9.78476e-01,9.78477e-01,9.99997e-01,9.99999e-01
1.600387533e+00,9.85098e-01,9.85100e-01,9.99997e-01,9.99999e-01
1.608389471e+00,9.84590e-01,9.84591e-01,9.99997e-01,9.99999e-01
1.616431418e+00,9.84224e-01,9.84226e-01,9.99997e-01,9.99999e-01
1.624513575e+00,9.83146e-01,9.83148e-01,9.99998e-01,9.99999e-01
1.632636143e+00,9.73695e-01,9.73697e-01,9.99998e-01,9.99999e-01
1.640799324e+00,9.65106e-01,9.65107e-01,9.99998e-01,9.99999e-01
1.649003321e+00,9.55678e-01,9.55680e-01,9.99998e-01,9.99999e-01
1.657248337e+00,9.41808e-01,9.41810e-01,9.99998e-01,9.99999e-01
1.665534579e+00,9.21720e-01,9.21722e-01,9.99998e-01,9.99998e-01
1.673862252e+00,8.94713e-01,8.94715e-01,9.99998e-01,9.99998e-01
1.682231563e+00,9.07784e-01,9.07786e-01,9.99998e-01,9.99998e-01
1.690642721e+00,8.43755e-01,8.43758e-01,9.99998e-01,9.99997e-01
1.699095934e+00,8.23137e-01,8.23140e-01,9.99998e-01,9.99996e-01
1.707591414e+00,8.11131e-01,8.11136e-01,9.99998e-01,9.99995e-01
1.716129371e+00,7.71421e-01,7.71427e-01,9.99998e-01,9.99992e-01
1.724710018e+00,6.80657e-01,6.80665e-01,9.99998e-01,9.99989e-01
1.733333568e+00,6.06476e-01,6.06486e-01,9.99998e-01,9.99985e-01
1.742000236e+00,4.64901e-01,4.64912e-01,9.99998e-01,9.99976e-01
1.750710237e+00,2.49628e-01,2.49637e-01,9.99998e-01,9.99963e-01
1.759463788e+00,7.78604e-02,7.78649e-02,9.99998e-01,9.99942e-01
1.768261107e+00,1.12950e-02,1.12960e-02,9.99998e-01,9.99907e-01
1.777102413e+00,6.87317e-04,6.87417e-04,9.99998e-01,9.99855e-01
1.785987925e+00,1.12459e-05,1.12486e-05,9.99998e-01,9.99767e-01
1.794917864e+00,6.02415e-07,6.02658e-07,9.99998e-01,9.99597e-01
1.803892454e+00,1.00079e-11,1.00140e-11,9.99998e-01,9.99389e-01
1.812911916e+00,2.55259e-15,2.55471e-15,9.99998e-01,9.99168e-01
1.821976476e+00,4.65798e-15,4.66256e-15,9.99998e-01,9.99020e-01
1.831086358e+00,1.30330e-16,1.30474e-16,9.99998e-01,9.98897e-01
1.840241790e+00,1.16980e-13,1.17123e-13,9.99998e-01,9.98781e-01
1.849442999e+00,8.33214e-13,8.34310e-13,9.99998e-01,9.98686e-01
1.858690214e+00,8.14207e-20,8.15446e-20,9.99998e-01,9.98481e-01
1.867983665e+00,1.51391e-20,1.51648e-20,9.99998e-01,9.98308e-01
1.877323583e+00,1.59834e-08,1.60091e-08,9.99998e-01,9.98390e-01
1.886710201e+00,1.77779e-07,1.78021e-07,9.99998e-01,9.98635e-01
1.896143752e+00,1.16731e-06,1.16874e-06,9.99998e-01,9.98769e-01
1.905624471e+00,2.68820e-12,2.69128e-12,9.99998e-01,9.98854e-01
1.915152593e+00,9.37968e-15,9.38972e-15,9.99998e-01,9.98931e-01
1.924728356e+00,2.31856e-16,2.32075e-16,9.99998e-01,9.99057e-01
1.934351998e+00,2.25581e-18,2.25757e-18,9.99998e-01,9.99223e-01
1.944023758e+00,2.27894e-10,2.28021e-10,9.99998e-01,9.99440e-01
1.953743877e+00,7.89561e-10,7.89851e-10,9.99998e-01,9.99633e-01
1.963512596e+00,6.57666e-07,6.57816e-07,9.99998e-01,9.99771e-01
1.973330159e+00,3.44149e-05,3.44196e-05,9.99998e-01,9.99861e-01
1.983196810e+00,4.02876e-03,4.02912e-03,9.99998e-01,9.99911e-01
1.993112794e+00,1.25073e-02,1.25080e-02,9.99998e-01,9.99941e-01
2.003078358e+00,5.81762e-02,5.81784e-02,9.99998e-01,9.99961e-01
2.013093750e+00,1.55600e-01,1.55604e-01,9.99998e-01,9.99975e-01
2.023159218e+00,3.34714e-01,3.34720e-01,9.99998e-01,9.99983e-01
2.033275015e+00,4.37171e-01,4.37176e-01,9.99998e-01,9.99989e-01
2.043441390e+00,5.95836e-01,5.95840e-01,9.99998e-01,9.99992e-01
2.053658597e+00,6.50705e-01,6.50708e-01,9.99998e-01,9.99995e-01
2.063926890e+00,7.46600e-01,7.46603e-01,9.99998e-01,9.99996e-01
2.074246524e+00,7.76718e-01,7.76720e-01,9.99998e-01,9.99997e-01
2.084617757e+00,8.47506e-01,8.47508e-01,9.99998e-01,9.99997e-01
2.095040845e+00,8.77586e-01,8.77588e-01,9.99998e-01,9.99998e-01
2.105516050e+00,8.94163e-01,8.94165e-01,9.99998e-01,9.99998e-01
2.116043630e+00,8.98543e-01,8.98544e-01,9.99998e-01,9.99998e-01
2.126623848e+00,9.36909e-01,9.36911e-01,9.99998e-01,9.99998e-01
2.137256967e+00,9.39881e-01,9.39883e-01,9.99999e-01,9.99998e-01
2.147943252e+00,9.42085e-01,9.42087e-01,9.99999e-01,9.99998e-01
2.158682968e+00,9.46893e-01,9.46894e-01,9.99999e-01,9.99998e-01
2.169476383e+00,9.43555e-01,9.43557e-01,9.99999e-01,9.99998e-01
2.180323765e+00,9.35722e-01,9.35724e-01,9.99999e-01,9.99998e-01
2.191225384e+00,9.22252e-01,9.22254e-01,9.99999e-01,9.99997e-01
2.202181511e+00,9.04202e-01,9.04204e-01,9.99999e-01,9.99997e-01
2.213192418e+00,9.03636e-01,9.03638e-01,9.99999e-01,9.99997e-01
2.224258381e+00,8.86717e-01,8.86720e-01,9.99999e-01,9.99997e-01
2.235379672e+00,9.03142e-01,9.03145e-01,9.99999e-01,9.99997e-01
2.246556571e+00,8.34865e-01,8.34868e-01,9.99999e-01,9.99996e-01
2.257789354e+00,8.70211e-01,8.70215e-01,9.99999e-01,9.99995e-01
2.269078300e+00,7.10071e-01,7.10074e-01,9.99999e-01,9.99994e-01
2.280423692e+00,7.52674e-01,7.52679e-01,9.99999e-01,9.99993e-01
2.291825810e+00,5.74284e-01,5.74288e-01,9.99999e-01,9.99991e-01
2.303284939e+00,6.08980e-01,6.08987e-01,9.99999e-01,9.99988e-01
2.314801364e+00,4.31115e-01,4.31122e-01,9.99999e-01,9.99983e-01
2.326375371e+00,4.16963e-01,4.16972e-01,9.99999e-01,9.99978e-01
2.338007248e+00,3.92253e-01,3.92265e-01,9.99999e-01,9.99970e-01
2.349697284e+00,2.00561e-01,2.00569e-01,9.99999e-01,9.99960e-01
2.361445770e+00,2.55228e-01,2.55242e-01,9.99999e-01,9.99945e-01
2.373252999e+00,1.67195e-01,1.67208e-01,9.99999e-01,9.99924e-01
2.385119264e+00,4.60265e-02,4.60312e-02,9.99999e-01,9.99896e-01
2.397044861e+00,1.44711e-01,1.44733e-01,9.99999e-01,9.99843e-01
2.409030085e+00,2.85750e-02,2.85815e-02,9.99999e-01,9.99770e-01
2.421075235e+00,4.14252e-02,4.14382e-02,9.99999e-01,9.99685e-01
2.433180612e+00,1.28315e-02,1.28369e-02,9.99999e-01,9.99574e-01
2.445346515e+00,1.42331e-03,1.42412e-03,9.99999e-01,9.99430e-01
2.457573247e+00,1.40889e-04,1.40997e-04,9.99999e-01,9.99232e-01
2.469861113e+00,4.11093e-07,4.11520e-07,9.99999e-01,9.98962e-01
2.482210419e+00,6.60335e-15,6.61300e-15,9.99999e-01,9.98540e-01
2.494621471e+00,6.93918e-21,6.95357e-21,9.99999e-01,9.97931e-01
2.507094578e+00,1.47373e-39,1.47819e-39,9.99999e-01,9.96980e-01
2.519630051e+00,2.16979e-61,2.17940e-61,9.99999e-01,9.95591e-01
2.532228202e+00,1.45585e-83,1.46448e-83,9.99999e-01,9.94102e-01
2.544889343e+00,9.27686e-110,9.34728e-110,9.99999e-01,9.92465e-01
2.557613789e+00,2.21685e-110,2.23668e-110,9.99999e-01,9.91136e-01
2.570401858e+00,4.62054e-184,4.66527e-184,9.99999e-01,9.90412e-01
2.583253867e+00,1.08517e-155,1.09666e-155,9.99999e-01,9.89522e-01
2.596170137e+00,4.89245e-132,4.94505e-132,9.99999e-01,9.89362e-01
2.609150988e+00,1.76168e-92,1.78192e-92,9.99999e-01,9.88644e-01
2.622196742e+00,1.13568e-77,1.14909e-77,9.99999e-01,9.88333e-01
2.635307726e+00,5.97555e-35,6.04930e-35,9.99999e-01,9.87808e-01
2.648484265e+00,3.15839e-42,3.20296e-42,9.99999e-01,9.86086e-01
2.661726686e+00,8.46526e-75,8.59842e-75,9.99999e-01,9.84513e-01
2.675035320e+00,1.56974e-276,1.59317e-276,9.99999e-01,9.85292e-01
2.688410496e+00,1.66635e-133,1.68980e-133,9.99999e-01,9.86123e-01
2.701852549e+00,1.62963e-116,1.65037e-116,9.99999e-01,9.87433e-01
2.715361811e+00,1.72391e-115,1.74431e-115,9.99999e-01,9.88305e-01
2.728938620e+00,3.02130e-82,3.05295e-82,9.99999e-01,9.89630e-01
2.742583314e+00,6.42793e-88,6.49277e-88,9.99999e-01,9.90013e-01
2.756296230e+00,6.49496e-91,6.55784e-91,9.99999e-01,9.90410e-01
2.770077711e+00,2.70526e-125,2.72775e-125,9.99999e-01,9.91754e-01
2.783928100e+00,4.05181e-125,4.08260e-125,9.99999e-01,9.92458e-01
2.797847740e+00,6.32820e-95,6.36949e-95,9.99999e-01,9.93517e-01
2.811836979e+00,2.17176e-101,2.18303e-101,9.99999e-01,9.94835e-01
2.825896164e+00,1.30314e-87,1.30835e-87,9.99999e-01,9.96014e-01
2.840025645e+00,1.39690e-66,1.40131e-66,9.99999e-01,9.96850e-01
2.854225773e+00,4.65105e-58,4.66269e-58,9.99999e-01,9.97502e-01
2.868496902e+00,9.63453e-55,9.65188e-55,9.99999e-01,9.98202e-01
2.882839386e+00,1.26040e-43,1.26206e-43,9.99999e-01,9.98681e-01
2.897253583e+00,3.40066e-37,3.40426e-37,9.99999e-01,9.98941e-01
2.911739851e+00,4.24436e-25,4.24795e-25,9.99999e-01,9.99154e-01
2.926298550e+00,1.27848e-17,1.27930e-17,9.99999e-01,9.99361e-01
2.940930043e+00,3.03724e-17,3.03879e-17,9.99999e-01,9.99491e-01
2.955634693e+00,2.93728e-17,2.93853e-17,9.99999e-01,9.99576e-01
2.970412867e+00,4.67413e-15,4.67568e-15,9.99999e-01,9.99668e-01
2.985264931e+00,7.96201e-12,7.96406e-12,9.99999e-01,9.99742e-01
3.000191256e+00,1.75258e-09,1.75297e-09,9.99999e-01,9.99780e-01
3.015192212e+00,7.88152e-09,7.88296e-09,9.99999e-01,9.99816e-01
3.030268173e+00,1.38533e-07,1.38555e-07,9.99999e-01,9.99842e-01
3.045419514e+00,1.14054e-08,1.14070e-08,9.99999e-01,9.99856e-01
3.060646612e+00,7.71104e-06,7.71202e-06,9.99999e-01,9.99872e-01
3.075949845e+00,1.23981e-05,1.23996e-05,9.99999e-01,9.99879e-01
3.091329594e+00,1.86774e-05,1.86795e-05,9.99999e-01,9.99888e-01
3.106786242e+00,7.62456e-05,7.62535e-05,9.99999e-01,9.99896e-01
3.122320173e+00,3.30249e-04,3.30282e-04,9.99999e-01,9.99901e-01
3.137931774e+00,3.89645e-04,3.89681e-04,9.99999e-01,9.99906e-01
3.153621433e+00,6.38478e-03,6.38539e-03,9.99999e-01,9.99904e-01
3.169389540e+00,1.01240e-02,1.01251e-02,9.99999e-01,9.99893e-01
3.185236488e+00,4.56210e-03,4.56266e-03,9.99999e-01,9.99875e-01
3.201162670e+00,2.46683e-05,2.46715e-05,9.99999e-01,9.99869e-01
3.217168483e+00,2.88407e-04,2.88445e-04,9.99999e-01,9.99866e-01
3.233254326e+00,4.54087e-03,4.54146e-03,9.99999e-01,9.99868e-01
3.249420598e+00,2.87732e-02,2.87767e-02,9.99999e-01,9.99877e-01
3.265667701e+00,4.07228e-03,4.07275e-03,9.99999e-01,9.99884e-01
3.281996039e+00,1.11147e-02,1.11159e-02,9.99999e-01,9.99889e-01
3.298406019e+00,1.10726e-03,1.10738e-03,9.99999e-01,9.99897e-01
3.314898049e+00,7.88394e-04,7.88470e-04,9.99999e-01,9.99903e-01
3.331472540e+00,2.56294e-03,2.56317e-03,9.99999e-01,9.99910e-01
3.348129902e+00,1.60393e-03,1.60405e-03,9.99999e-01,9.99922e-01
3.364870552e+00,5.22717e-03,5.22750e-03,9.99999e-01,9.99937e-01
3.381694905e+00,1.16898e-02,1.16904e-02,9.99999e-01,9.99952e-01
3.398603379e+00,3.07846e-02,3.07857e-02,9.99999e-01,9.99964e-01
3.415596396e+00,8.16952e-02,8.16971e-02,9.99999e-01,9.99975e-01
3.432674378e+00,9.04796e-02,9.04812e-02,9.99999e-01,9.99981e-01
3.449837750e+00,1.88968e-01,1.88971e-01,9.99999e-01,9.99985e-01
3.467086939e+00,3.17199e-01,3.17203e-01,9.99999e-01,9.99988e-01
3.484422373e+00,3.34527e-01,3.34530e-01,9.99999e-01,9.99990e-01
3.501844485e+00,5.32057e-01,5.32061e-01,9.99999e-01,9.99991e-01
3.519353708e+00,5.91354e-01,5.91359e-01,9.99999e-01,9.99992e-01
3.536950476e+00,6.19946e-01,6.19950e-01,9.99999e-01,9.99992e-01
3.554635228e+00,7.45334e-01,7.45338e-01,9.99999e-01,9.99993e-01
3.572408405e+00,7.52348e-01,7.52353e-01,9.99999e-01,9.99993e-01
3.590270447e+00,8.19964e-01,8.19969e-01,9.99999e-01,9.99993e-01
3.608221799e+00,8.57157e-01,8.57162e-01,9.99999e-01,9.99993e-01
3.626262908e+00,8.76612e-01,8.76617e-01,9.99999e-01,9.99994e-01
3.644394222e+00,9.24072e-01,9.24077e-01,9.99999e-01,9.99994e-01
3.662616193e+00,8.77358e-01,8.77363e-01,9.99999e-01,9.99994e-01
3.680929274e+00,8.09185e-01,8.09189e-01,9.99999e-01,9.99994e-01
3.699333921e+00,9.05506e-01,9.05511e-01,9.99999e-01,9.99994e-01
3.717830590e+00,9.25332e-01,9.25336e-01,9.99999e-01,9.99994e-01
3.736419743e+00,9.13269e-01,9.13274e-01,9.99999e-01,9.99994e-01
3.755101842e+00,9.07155e-01,9.07160e-01,9.99999e-01,9.99994e-01
3.773877351e+00,9.22792e-01,9.22796e-01,9.99999e-01,9.99994e-01
3.792746738e+00,9.07696e-01,9.07700e-01,9.99999e-01,9.99994e-01
3.811710472e+00,8.87863e-01,8.87867e-01,9.99999e-01,9.99994e-01
3.830769024e+00,8.79498e-01,8.79502e-01,9.99999e-01,9.99994e-01
3.849922869e+00,8.29491e-01,8.29494e-01,9.99999e-01,9.99994e-01
3.869172484e+00,8.06632e-01,8.06636e-01,9.99999e-01,9.99994e-01
3.888518346e+00,8.85137e-01,8.85141e-01,9.99999e-01,9.99994e-01
3.907960938e+00,8.72646e-01,8.72650e-01,9.99999e-01,9.99994e-01
3.927500742e+00,4.63088e-01,4.63090e-01,9.99999e-01,9.99994e-01
3.947138246e+00,5.91810e-01,5.91813e-01,9.99999e-01,9.99994e-01
3.966873937e+00,2.99202e-01,2.99203e-01,9.99999e-01,9.99994e-01
3.986708307e+00,7.92172e-01,7.92176e-01,9.99999e-01,9.99994e-01
4.006641849e+00,9.19059e-01,9.19064e-01,9.99999e-01,9.99994e-01
4.026675058e+00,9.06685e-01,9.06690e-01,9.99999e-01,9.99994e-01
4.046808433e+00,8.88012e-01,8.88017e-01,9.99999e-01,9.99994e-01
4.067042475e+00,8.72087e-01,8.72092e-01,9.99999e-01,9.99993e-01
4.087377688e+00,8.63461e-01,8.63466e-01,9.99999e-01,9.99993e-01
4.107814576e+00,8.16224e-01,8.16229e-01,9.99999e-01,9.99993e-01
4.128353649e+00,7.27025e-01,7.27030e-01,9.99999e-01,9.99993e-01
4.148995417e+00,6.73661e-01,6.73666e-01,9.99999e-01,9.99992e-01
4.169740394e+00,5.32247e-01,5.32251e-01,9.99999e-01,9.99992e-01
4.190589096e+00,4.66019e-01,4.66023e-01,9.99999e-01,9.99992e-01
4.211542042e+00,3.01701e-01,3.01703e-01,9.99999e-01,9.99991e-01
4.232599752e+00,2.66041e-01,2.66043e-01,9.99999e-01,9.99991e-01
4.253762751e+00,1.87083e-01,1.87085e-01,9.99999e-01,9.99990e-01
4.275031564e+00,9.89275e-02,9.89285e-02,9.99999e-01,9.99990e-01
4.296406722e+00,5.09870e-02,5.09875e-02,9.99999e-01,9.99989e-01
4.317888756e+00,7.06651e-02,7.06659e-02,9.99999e-01,9.99988e-01
4.339478200e+00,3.59025e-02,3.59029e-02,9.99999e-01,9.99987e-01
4.361175591e+00,2.38750e-02,2.38753e-02,9.99999e-01,9.99986e-01
4.382981469e+00,2.36527e-02,2.36531e-02,9.99999e-01,9.99985e-01
4.404896376e+00,2.18644e-02,2.18648e-02,9.99999e-01,9.99984e-01
4.426920858e+00,8.60935e-03,8.60949e-03,9.99999e-01,9.99983e-01
4.449055462e+00,2.00055e-02,2.00059e-02,9.99999e-01,9.99981e-01
4.471300739e+00,7.38527e-03,7.38542e-03,9.99999e-01,9.99979e-01
4.493657243e+00,1.81965e-02,1.81969e-02,9.99999e-01,9.99977e-01
4.516125529e+00,4.12538e-03,4.12548e-03,9.99999e-01,9.99975e-01
4.538706157e+00,1.56647e-02,1.56651e-02,9.99999e-01,9.99972e-01
4.561399688e+00,1.48282e-02,1.48286e-02,9.99999e-01,9.99968e-01
4.584206686e+00,2.41443e-02,2.41451e-02,9.99999e-01,9.99964e-01
4.607127720e+00,1.14633e-02,1.14638e-02,9.99999e-01,9.99959e-01
4.630163358e+00,5.97432e-04,5.97459e-04,9.99999e-01,9.99953e-01
4.653314175e+00,3.68606e-04,3.68625e-04,9.99999e-01,9.99947e-01
4.676580746e+00,4.17120e-05,4.17146e-05,9.99999e-01,9.99938e-01
4.699963650e+00,2.24176e-04,2.24192e-04,9.99999e-01,9.99928e-01
4.723463468e+00,1.69143e-05,1.69157e-05,9.99999e-01,9.99915e-01
4.747080785e+00,5.66861e-04,5.66917e-04,9.99999e-01,9.99900e-01
4.770816189e+00,4.62708e-05,4.62762e-05,9.99999e-01,9.99881e-01
4.794670270e+00,8.69890e-07,8.70011e-07,9.99999e-01,9.99860e-01
4.818643622e+00,3.09922e-07,3.09973e-07,9.99999e-01,9.99833e-01
4.842736840e+00,4.27797e-07,4.27880e-07,9.99999e-01,9.99804e-01
4.866950524e+00,3.60823e-06,3.60906e-06,9.99999e-01,9.99767e-01
4.891285276e+00,2.03210e-08,2.03267e-08,9.99999e-01,9.99720e-01
4.915741703e+00,1.11739e-07,1.11776e-07,9.99999e-01,9.99674e-01
4.940320411e+00,7.25401e-09,7.25683e-09,9.99999e-01,9.99611e-01
4.965022013e+00,1.24708e-11,1.24765e-11,9.99999e-01,9.99549e-01
4.989847123e+00,4.50985e-10,4.51214e-10,9.99999e-01,9.99491e-01
5.014796359e+00,2.83319e-12,2.83486e-12,9.99999e-01,9.99410e-01
5.039870341e+00,4.79346e-12,4.79674e-12,9.99999e-01,9.99315e-01
5.065069693e+00,6.55355e-12,6.55890e-12,9.99999e-01,9.99183e-01
5.090395041e+00,3.02410e-17,3.02695e-17,9.99999e-01,9.99057e-01
5.115847016e+00,1.02088e-17,1.02200e-17,9.99999e-01,9.98903e-01
5.141426251e+00,7.16894e-23,7.17802e-23,9.99999e-01,9.98735e-01
5.167133383e+00,3.57796e-26,3.58310e-26,9.99999e-01,9.98565e-01
5.192969049e+00,4.31895e-26,4.32600e-26,9.99999e-01,9.98371e-01
5.218933895e+00,3.56171e-41,3.56817e-41,9.99999e-01,9.98190e-01
5.245028564e+00,2.75312e-31,2.75861e-31,9.99999e-01,9.98010e-01
5.271253707e+00,1.62591e-32,1.62955e-32,9.99999e-01,9.97766e-01
5.297609976e+00,2.37983e-39,2.38573e-39,9.99999e-01,9.97527e-01
5.324098025e+00,1.02086e-39,1.02362e-39,9.99999e-01,9.97305e-01
5.350718516e+00,1.09625e-48,1.09964e-48,9.99999e-01,9.96917e-01
5.377472108e+00,9.76768e-51,9.79983e-51,9.99999e-01,9.96718e-01
5.404359469e+00,1.06030e-50,1.06426e-50,9.99999e-01,9.96281e-01
5.431381266e+00,5.73905e-94,5.76210e-94,9.99999e-01,9.95998e-01
5.458538172e+00,5.53435e-94,5.55897e-94,9.99999e-01,9.95570e-01
5.485830863e+00,7.52490e-101,7.56227e-101,9.99999e-01,9.95057e-01
5.513260018e+00,1.60174e-106,1.61050e-106,9.99999e-01,9.94557e-01
5.540826318e+00,1.66208e-111,1.67220e-111,9.99999e-01,9.93947e-01
5.568530449e+00,5.51054e-175,5.54737e-175,9.99999e-01,9.93359e-01
5.596373101e+00,5.04583e-167,5.08332e-167,9.99999e-01,9.92624e-01
5.624354967e+00,6.38171e-151,6.43508e-151,9.99999e-01,9.91705e-01
5.652476742e+00,1.85354e-164,1.87047e-164,9.99999e-01,9.90951e-01
5.680739126e+00,6.89934e-190,6.96848e-190,9.99999e-01,9.90078e-01
5.709142821e+00,4.90250e-207,4.95599e-207,9.99999e-01,9.89206e-01
5.737688535e+00,7.15725e-201,7.24376e-201,9.99999e-01,9.88056e-01
5.766376978e+00,2.70620e-152,2.74028e-152,9.99999e-01,9.87561e-01
5.795208863e+00,4.02652e-139,4.08014e-139,9.99999e-01,9.86856e-01
5.824184907e+00,2.95328e-169,2.99487e-169,9.99999e-01,9.86113e-01
5.853305832e+00,1.06300e-166,1.07843e-166,9.99999e-01,9.85691e-01
5.882572361e+00,5.90560e-205,5.99371e-205,9.99999e-01,9.85300e-01
5.911985223e+00,4.70270e-197,4.77484e-197,9.99999e-01,9.84892e-01
5.941545149e+00,1.30173e-202,1.32181e-202,9.99999e-01,9.84810e-01
5.971252874e+00,1.15658e-174,1.17492e-174,9.99999e-01,9.84389e-01
6.001109139e+00,1.18695e-117,1.20610e-117,9.99999e-01,9.84118e-01
6.031114685e+00,2.54101e-129,2.58171e-129,9.99999e-01,9.84235e-01
6.061270258e+00,1.41367e-128,1.43581e-128,9.99999e-01,9.84578e-01
6.091576609e+00,3.85579e-109,3.91610e-109,9.99999e-01,9.84597e-01
6.122034492e+00,1.41664e-68,1.43883e-68,9.99999e-01,9.84578e-01
6.152644665e+00,1.09587e-69,1.11310e-69,9.99999e-01,9.84520e-01
6.183407888e+00,3.40524e-46,3.45880e-46,9.99999e-01,9.84512e-01
6.214324928e+00,2.73401e-31,2.77688e-31,9.99999e-01,9.84560e-01
6.245396552e+00,9.91106e-22,1.00675e-21,9.99999e-01,9.84459e-01
6.276623535e+00,2.96400e-22,3.01243e-22,9.99999e-01,9.83922e-01
6.308006653e+00,4.14734e-22,4.21901e-22,9.99999e-01,9.83012e-01
6.339546686e+00,1.48045e-47,1.50727e-47,9.99999e-01,9.82206e-01
6.371244419e+00,1.17964e-103,1.20145e-103,9.99999e-01,9.81845e-01
6.403100641e+00,8.43260e-147,8.58753e-147,9.99999e-01,9.81957e-01
6.435116145e+00,0.00000e+00,0.00000e+00,9.99999e-01,9.82052e-01
6.467291725e+00,0.00000e+00,0.00000e+00,9.99999e-01,9.82078e-01
6.499628184e+00,0.00000e+00,0.00000e+00,9.99999e-01,9.82163e-01
6.532126325e+00,0.00000e+00,0.00000e+00,9.99999e-01,9.82535e-01
6.564786956e+00,0.00000e+00,0.00000e+00,9.99999e-01,9.83580e-01
6.597610891e+00,0.00000e+00,0.00000e+00,9.99999e-01,9.84123e-01
6.630598946e+00,0.00000e+00,0.00000e+00,9.99999e-01,9.84593e-01
6.663751940e+00,0.00000e+00,0.00000e+00,9.99999e-01,9.85471e-01
6.697070700e+00,9.06059e-258,9.18447e-258,9.99999e-01,9.86510e-01
6.730556054e+00,5.00170e-176,5.06520e-176,9.99999e-01,9.87463e-01
6.764208834e+00,4.96752e-176,5.02593e-176,9.99999e-01,9.88379e-01
6.798029878e+00,2.52441e-216,2.55167e-216,9.99999e-01,9.89314e-01
6.832020027e+00,2.51805e-216,2.54435e-216,9.99999e-01,9.89666e-01
6.866180128e+00,6.14550e-249,6.20563e-249,9.99999e-01,9.90309e-01
6.900511028e+00,9.75655e-142,9.84406e-142,9.99999e-01,9.91109e-01
6.935013583e+00,1.02415e-141,1.03283e-141,9.99999e-01,9.91600e-01
6.969688651e+00,1.77844e-178,1.79255e-178,9.99999e-01,9.92129e-01
7.004537095e+00,2.51419e-176,2.53331e-176,9.99999e-01,9.92452e-01
7.039559780e+00,3.82143e-191,3.85036e-191,9.99999e-01,9.92487e-01
7.074757579e+00,5.62574e-150,5.66365e-150,9.99999e-01,9.93306e-01
7.110131367e+00,9.99979e-149,1.00622e-148,9.99999e-01,9.93800e-01
7.145682024e+00,1.00615e-166,1.01211e-166,9.99999e-01,9.94114e-01
7.181410434e+00,1.38274e-212,1.39019e-212,9.99999e-01,9.94641e-01
7.217317486e+00,1.47411e-156,1.48142e-156,9.99999e-01,9.95063e-01
7.253404073e+00,1.39690e-156,1.40329e-156,9.99999e-01,9.95444e-01
7.289671094e+00,5.82377e-137,5.84822e-137,9.99999e-01,9.95817e-01
7.326119449e+00,1.35617e-136,1.36129e-136,9.99999e-01,9.96235e-01
7.362750046e+00,2.64025e-99,2.64918e-99,9.99999e-01,9.96629e-01
7.399563797e+00,1.76073e-81,1.76609e-81,9.99999e-01,9.96964e-01
7.436561616e+00,2.14380e-88,2.14961e-88,9.99999e-01,9.97299e-01
7.473744424e+00,3.31550e-83,3.32337e-83,9.99999e-01,9.97632e-01
7.511113146e+00,3.20902e-72,3.21557e-72,9.99999e-01,9.97963e-01
7.548668712e+00,3.04269e-75,3.04813e-75,9.99999e-01,9.98215e-01
7.586412055e+00,2.20732e-136,2.21074e-136,9.99999e-01,9.98451e-01
7.624344115e+00,1.35175e-66,1.35353e-66,9.99999e-01,9.98678e-01
7.662465836e+00,3.80610e-41,3.81040e-41,9.99999e-01,9.98870e-01
7.700778165e+00,1.77351e-41,1.77521e-41,9.99999e-01,9.99039e-01
7.739282056e+00,3.12486e-68,3.12746e-68,9.99999e-01,9.99167e-01
7.777978466e+00,9.57432e-47,9.58116e-47,9.99999e-01,9.99286e-01
7.816868359e+00,2.56445e-38,2.56601e-38,9.99999e-01,9.99394e-01
7.855952700e+00,9.89512e-39,9.90037e-39,9.99999e-01,9.99469e-01
7.895232464e+00,1.97789e-38,1.97882e-38,9.99999e-01,9.99532e-01
7.934708626e+00,3.27376e-23,3.27511e-23,9.99999e-01,9.99587e-01
7.974382169e+00,1.05144e-17,1.05183e-17,9.99999e-01,9.99626e-01
8.014254080e+00,2.29044e-18,2.29121e-18,9.99999e-01,9.99663e-01
8.054325351e+00,2.54124e-17,2.54201e-17,9.99999e-01,9.99695e-01
8.094596977e+00,4.00071e-14,4.00181e-14,9.99999e-01,9.99722e-01
8.135069962e+00,9.48750e-14,9.48989e-14,9.99999e-01,9.99747e-01
8.175745312e+00,1.79161e-14,1.79203e-14,9.99999e-01,9.99766e-01
8.216624039e+00,1.20609e-11,1.20636e-11,9.99999e-01,9.99782e-01
8.257707159e+00,4.12528e-08,4.12611e-08,9.99999e-01,9.99796e-01
8.298995695e+00,6.16245e-07,6.16363e-07,9.99999e-01,9.99807e-01
8.340490673e+00,3.43757e-08,3.43820e-08,9.99999e-01,9.99817e-01
8.382193126e+00,5.20835e-06,5.20926e-06,9.99999e-01,9.99825e-01
8.424104092e+00,9.40266e-07,9.40423e-07,9.99999e-01,9.99832e-01
8.466224613e+00,2.33260e-06,2.33298e-06,9.99999e-01,9.99839e-01
8.508555736e+00,4.42691e-06,4.42759e-06,9.99999e-01,9.99844e-01
8.551098514e+00,4.04700e-04,4.04761e-04,9.99999e-01,9.99849e-01
8.593854007e+00,6.48421e-03,6.48515e-03,9.99999e-01,9.99853e-01
8.636823277e+00,9.66958e-03,9.67096e-03,9.99999e-01,9.99856e-01
8.680007393e+00,7.53293e-04,7.53399e-04,9.99999e-01,9.99859e-01
8.723407430e+00,2.49178e-03,2.49213e-03,9.99999e-01,9.99861e-01
8.767024467e+00,9.49379e-04,9.49508e-04,9.99999e-01,9.99863e-01
8.810859590e+00,3.27105e-03,3.27149e-03,9.99999e-01,9.99865e-01
8.854913888e+00,5.29841e-02,5.29912e-02,9.99999e-01,9.99866e-01
8.899188457e+00,3.68792e-02,3.68841e-02,9.99999e-01,9.99867e-01
8.943684399e+00,1.20734e-02,1.20750e-02,9.99999e-01,9.99867e-01
8.988402821e+00,8.87297e-03,8.87414e-03,9.99999e-01,9.99868e-01
9.033344836e+00,4.45813e-03,4.45872e-03,9.99999e-01,9.99868e-01
9.078511560e+00,1.43822e-02,1.43841e-02,9.99999e-01,9.99868e-01
9.123904118e+00,4.74739e-02,4.74801e-02,9.99999e-01,9.99868e-01
9.169523638e+00,3.21845e-02,3.21887e-02,9.99999e-01,9.99867e-01
9.215371256e+00,1.33889e-01,1.33907e-01,9.99999e-01,9.99867e-01
9.261448113e+00,1.11855e-01,1.11870e-01,9.99999e-01,9.99866e-01
9.307755353e+00,4.16801e-02,4.16856e-02,9.99999e-01,9.99866e-01
9.354294130e+00,2.57212e-02,2.57246e-02,9.99999e-01,9.99865e-01
9.401065601e+00,3.20968e-03,3.21011e-03,9.99999e-01,9.99864e-01
9.448070929e+00,1.44373e-02,1.44393e-02,9.99999e-01,9.99863e-01
9.495311283e+00,9.67037e-02,9.67170e-02,9.99999e-01,9.99862e-01
9.542787840e+00,1.74804e-01,1.74828e-01,9.99999e-01,9.99860e-01
9.590501779e+00,6.10701e-02,6.10786e-02,9.99999e-01,9.99859e-01
9.638454288e+00,6.28825e-02,6.28914e-02,9.99999e-01,9.99858e-01
9.686646559e+00,7.17884e-02,7.17986e-02,9.99999e-01,9.99856e-01
9.735079792e+00,1.44645e-01,1.44666e-01,9.99999e-01,9.99855e-01
9.783755191e+00,9.63986e-02,9.64126e-02,9.99999e-01,9.99854e-01
9.832673967e+00,7.41979e-03,7.42088e-03,9.99999e-01,9.99852e-01
9.881837337e+00,3.33230e-04,3.33280e-04,9.99999e-01,9.99851e-01
9.931246523e+00,3.66021e-02,3.66076e-02,9.99999e-01,9.99849e-01
9.980902756e+00,9.84618e-02,9.84767e-02,9.99999e-01,9.99848e-01
1.003080727e+01,9.88264e-02,9.88415e-02,9.99999e-01,9.99846e-01
1.008096131e+01,1.34197e-01,1.34217e-01,9.99999e-01,9.99844e-01
1.013136611e+01,2.17483e-01,2.17517e-01,9.99999e-01,9.99843e-01
1.018202294e+01,2.53032e-01,2.53072e-01,9.99999e-01,9.99841e-01
1.023293306e+01,9.75420e-02,9.75576e-02,9.99999e-01,9.99839e-01
1.028409772e+01,1.51801e-02,1.51826e-02,9.99999e-01,9.99837e-01
1.033551821e+01,9.28927e-03,9.29079e-03,9.99999e-01,9.99836e-01
1.038719580e+01,1.22519e-03,1.22539e-03,9.99999e-01,9.99834e-01
1.043913178e+01,1.28936e-03,1.28957e-03,9.99999e-01,9.99832e-01
1.049132744e+01,1.81169e-02,1.81200e-02,9.99999e-01,9.99830e-01
1.054378408e+01,3.95582e-02,3.95650e-02,9.99999e-01,9.99827e-01
1.059650300e+01,3.31710e-02,3.31768e-02,9.99999e-01,9.99825e-01
1.064948551e+01,2.36629e-02,2.36671e-02,9.99999e-01,9.99822e-01
1.070273294e+01,5.75845e-03,5.75950e-03,9.99999e-01,9.99818e-01
1.075624661e+01,6.83877e-03,6.84003e-03,9.99999e-01,9.99815e-01
1.081002784e+01,8.27451e-03,8.27606e-03,9.99999e-01,9.99811e-01
1.086407798e+01,4.31879e-04,4.31961e-04,9.99999e-01,9.99808e-01
1.091839837e+01,2.60229e-05,2.60280e-05,9.99999e-01,9.99805e-01
1.097299036e+01,3.80364e-08,3.80440e-08,9.99999e-01,9.99801e-01
1.102785531e+01,3.78063e-09,3.78139e-09,9.99999e-01,9.99799e-01
1.108299459e+01,1.97224e-04,1.97264e-04,9.99999e-01,9.99797e-01
1.113840956e+01,4.99402e-03,4.99504e-03,9.99999e-01,9.99794e-01
1.119410161e+01,1.40320e-02,1.40350e-02,9.99999e-01,9.99791e-01
1.125007212e+01,3.14412e-03,3.14478e-03,9.99999e-01,9.99789e-01
1.130632248e+01,2.04389e-03,2.04433e-03,9.99999e-01,9.99786e-01
1.136285409e+01,7.96641e-03,7.96814e-03,9.99999e-01,9.99783e-01
1.141966836e+01,1.16586e-02,1.16611e-02,9.99999e-01,9.99780e-01
1.147676670e+01,4.44750e-03,4.44849e-03,9.99999e-01,9.99777e-01
1.153415054e+01,3.34060e-04,3.34135e-04,9.99999e-01,9.99774e-01
1.159182129e+01,8.16746e-06,8.16933e-06,9.99999e-01,9.99771e-01
1.164978039e+01,6.01209e-08,6.01348e-08,9.99999e-01,9.99767e-01
1.170802930e+01,4.16123e-10,4.16221e-10,9.99999e-01,9.99764e-01
1.176656944e+01,1.89835e-06,1.89881e-06,9.99999e-01,9.99761e-01
1.182540229e+01,1.01572e-04,1.01596e-04,9.99999e-01,9.99757e-01
1.188452930e+01,1.12411e-04,1.12439e-04,9.99999e-01,9.99754e-01
1.194395195e+01,3.01607e-04,3.01682e-04,9.99999e-01,9.99750e-01
1.200367171e+01,1.58798e-03,1.58838e-03,9.99999e-01,9.99746e-01
1.206369007e+01,2.45438e-04,2.45501e-04,9.99999e-01,9.99741e-01
1.212400852e+01,1.48193e-03,1.48232e-03,9.99999e-01,9.99737e-01
1.218462856e+01,1.31775e-03,1.31811e-03,9.99999e-01,9.99733e-01
1.224555170e+01,2.34718e-05,2.34782e-05,9.99999e-01,9.99727e-01
1.230677946e+01,6.96231e-08,6.96424e-08,9.99999e-01,9.99722e-01
1.236831336e+01,1.43392e-09,1.43432e-09,9.99999e-01,9.99716e-01
1.243015492e+01,8.28632e-16,8.28871e-16,9.99999e-01,9.99710e-01
1.249230570e+01,6.55932e-15,6.56126e-15,9.99999e-01,9.99704e-01
1.255476723e+01,4.84090e-13,4.84236e-13,9.99999e-01,9.99698e-01
1.261754106e+01,6.89077e-07,6.89290e-07,9.99999e-01,9.99691e-01
1.268062877e+01,1.11560e-05,1.11595e-05,9.99999e-01,9.99684e-01
1.274403191e+01,6.30910e-06,6.31114e-06,9.99999e-01,9.99676e-01
1.280775207e+01,4.63206e-05,4.63359e-05,9.99999e-01,9.99668e-01
1.287179083e+01,3.46280e-06,3.46397e-06,9.99999e-01,9.99660e-01
1.293614979e+01,8.56356e-06,8.56653e-06,9.99999e-01,9.99652e-01
1.300083054e+01,9.06789e-08,9.07112e-08,9.99999e-01,9.99643e-01
1.306583469e+01,5.11096e-09,5.11283e-09,9.99999e-01,9.99634e-01
1.313116386e+01,1.64157e-09,1.64219e-09,9.99999e-01,9.99625e-01
1.319681968e+01,3.72477e-10,3.72620e-10,9.99999e-01,9.99615e-01
1.326280378e+01,3.48240e-15,3.48377e-15,9.99999e-01,9.99605e-01
1.332911780e+01,2.44668e-16,2.44767e-16,9.99999e-01,9.99594e-01
1.339576339e+01,5.34176e-17,5.34398e-17,9.99999e-01,9.99583e-01
1.346274221e+01,5.43702e-25,5.43935e-25,9.99999e-01,9.99571e-01
1.353005592e+01,2.27652e-13,2.27753e-13,9.99999e-01,9.99558e-01
1.359770620e+01,2.50439e-12,2.50552e-12,9.99999e-01,9.99545e-01
1.366569473e+01,3.18972e-12,3.19122e-12,9.99999e-01,9.99531e-01
1.373402320e+01,4.67288e-09,4.67514e-09,9.99999e-01,9.99517e-01
1.380269332e+01,1.74011e-08,1.74098e-08,9.99999e-01,9.99502e-01
1.387170678e+01,7.75628e-11,7.76026e-11,9.99999e-01,9.99487e-01
1.394106532e+01,1.11432e-12,1.11490e-12,9.99999e-01,9.99471e-01
1.401077064e+01,7.08882e-15,7.09269e-15,9.99999e-01,9.99454e-01
1.408082450e+01,4.47540e-15,4.47792e-15,9.99999e-01,9.99437e-01
1.415122862e+01,3.90673e-21,3.90900e-21,9.99999e-01,9.99418e-01
1.422198476e+01,2.19445e-28,2.19577e-28,9.99999e-01,9.99400e-01
1.429309469e+01,1.13273e-27,1.13343e-27,9.99999e-01,9.99381e-01
1.436456016e+01,3.92951e-34,3.93202e-34,9.99999e-01,9.99361e-01
1.443638296e+01,1.96018e-39,1.96147e-39,9.99999e-01,9.99340e-01
1.450856487e+01,1.91748e-26,1.91879e-26,9.99999e-01,9.99318e-01
1.458110770e+01,3.16541e-19,3.16765e-19,9.99999e-01,9.99295e-01
1.465401324e+01,1.46724e-17,1.46831e-17,9.99999e-01,9.99271e-01
1.472728330e+01,2.40185e-17,2.40366e-17,9.99999e-01,9.99246e-01
1.480091972e+01,3.81571e-19,3.81868e-19,9.99999e-01,9.99219e-01
1.487492432e+01,1.83442e-32,1.83590e-32,9.99999e-01,9.99192e-01
1.494929894e+01,1.41415e-25,1.41533e-25,9.99999e-01,9.99164e-01
1.502404544e+01,1.33442e-21,1.33557e-21,9.99999e-01,9.99134e-01
1.509916566e+01,7.36488e-21,7.37148e-21,9.99999e-01,9.99103e-01
1.517466149e+01,1.36508e-22,1.36635e-22,9.99999e-01,9.99071e-01
1.525053480e+01,9.95956e-21,9.96916e-21,9.99999e-01,9.99036e-01
1.532678747e+01,3.21155e-24,3.21476e-24,9.99999e-01,9.99002e-01
1.540342141e+01,1.09204e-30,1.09317e-30,9.99999e-01,9.98965e-01
1.548043852e+01,3.90028e-34,3.90447e-34,9.99999e-01,9.98926e-01
1.555784071e+01,7.94110e-43,7.94994e-43,9.99999e-01,9.98887e-01
1.563562991e+01,5.11170e-64,5.11760e-64,9.99999e-01,9.98846e-01
1.571380806e+01,8.12592e-65,8.13566e-65,9.99999e-01,9.98802e-01
1.579237710e+01,9.93037e-47,9.94271e-47,9.99999e-01,9.98758e-01
1.587133899e+01,6.86484e-41,6.87368e-41,9.99999e-01,9.98713e-01
1.595069568e+01,2.01925e-44,2.02196e-44,9.99999e-01,9.98661e-01
1.603044916e+01,2.61063e-61,2.61426e-61,9.99999e-01,9.98609e-01
1.611060141e+01,4.37178e-59,4.37809e-59,9.99999e-01,9.98557e-01
1.619115441e+01,1.58667e-57,1.58905e-57,9.99999e-01,9.98499e-01
1.627211019e+01,1.38927e-64,1.39144e-64,9.99999e-01,9.98440e-01
1.635347074e+01,3.12117e-59,3.12623e-59,9.99999e-01,9.98380e-01
1.643523809e+01,1.85854e-60,1.86168e-60,9.99999e-01,9.98317e-01
1.651741428e+01,9.61804e-64,9.63489e-64,9.99999e-01,9.98251e-01
1.660000135e+01,1.19791e-80,1.20009e-80,9.99999e-01,9.98185e-01
1.668300136e+01,1.45037e-82,1.45310e-82,9.99999e-01,9.98117e-01
1.676641637e+01,2.28171e-73,2.28618e-73,9.99999e-01,9.98045e-01
1.685024845e+01,2.30402e-75,2.30869e-75,9.99999e-01,9.97973e-01
1.693449969e+01,1.56335e-93,1.56664e-93,9.99999e-01,9.97901e-01
1.701917219e+01,3.87940e-100,3.88787e-100,9.99999e-01,9.97820e-01
1.710426805e+01,9.66719e-129,9.68910e-129,9.99999e-01,9.97738e-01
1.718978939e+01,9.83433e-141,9.85742e-141,9.99999e-01,9.97656e-01
1.727573834e+01,1.50645e-144,1.51013e-144,9.99999e-01,9.97567e-01
1.736211703e+01,2.96930e-154,2.97682e-154,9.99999e-01,9.97471e-01
1.744892761e+01,1.86448e-132,1.86939e-132,9.99999e-01,9.97374e-01
1.753617225e+01,9.15185e-106,9.17683e-106,9.99999e-01,9.97277e-01
1.762385311e+01,2.67805e-104,2.68564e-104,9.99999e-01,9.97171e-01
1.771197238e+01,7.36044e-111,7.38211e-111,9.99999e-01,9.97064e-01
1.780053224e+01,9.00317e-121,9.03065e-121,9.99999e-01,9.96957e-01
1.788953490e+01,1.92487e-130,1.93097e-130,9.99999e-01,9.96841e-01
1.797898258e+01,9.64300e-150,9.67478e-150,9.99999e-01,9.96714e-01
1.806887749e+01,1.66334e-152,1.66903e-152,9.99999e-01,9.96587e-01
1.815922188e+01,2.52377e-203,2.53274e-203,9.99999e-01,9.96459e-01
1.825001799e+01,5.98600e-152,6.00813e-152,9.99999e-01,9.96316e-01
1.834126808e+01,1.34765e-146,1.35283e-146,9.99999e-01,9.96169e-01
1.843297442e+01,5.32367e-148,5.34492e-148,9.99999e-01,9.96022e-01
1.852513929e+01,1.20210e-198,1.20708e-198,9.99999e-01,9.95872e-01
1.861776499e+01,1.49219e-241,1.49862e-241,9.99999e-01,9.95710e-01
1.871085381e+01,4.58495e-189,4.60545e-189,9.99999e-01,9.95547e-01
1.880440808e+01,2.84331e-161,2.85649e-161,9.99999e-01,9.95383e-01
1.889843012e+01,3.10092e-164,3.11584e-164,9.99999e-01,9.95210e-01
1.899292227e+01,1.55488e-226,1.56265e-226,9.99999e-01,9.95024e-01
1.908788688e+01,4.73320e-217,4.75776e-217,9.99999e-01,9.94837e-01
1.918332632e+01,6.97862e-218,7.01615e-218,9.99999e-01,9.94649e-01
1.927924295e+01,4.29070e-269,4.31462e-269,9.99999e-01,9.94454e-01
1.937563916e+01,0.00000e+00,0.00000e+00,9.99999e-01,9.94254e-01
1.947251736e+01,0.00000e+00,0.00000e+00,9.99999e-01,9.94053e-01
1.956987994e+01,0.00000e+00,0.00000e+00,9.99999e-01,9.93850e-01
1.966772934e+01,0.00000e+00,0.00000e+00,9.99999e-01,9.93618e-01
1.976606799e+01,0.00000e+00,0.00000e+00,9.99999e-01,9.93372e-01
1.986489833e+01,0.00000e+00,0.00000e+00,9.99999e-01,9.93125e-01
1.996422282e+01,0.00000e+00,0.00000e+00,9.99999e-01,9.92877e-01
