#,Wave/freq,Total,N2,O2,CO2,Rayleigh,CIA
4.000000000e-01,9.97033e-10,9.99999e-01,9.99999e-01,9.99999e-01,9.97033e-10,9.99999e-01
4.020000000e-01,1.50207e-09,9.99999e-01,9.99999e-01,9.99999e-01,1.50207e-09,9.99999e-01
4.040100000e-01,2.24374e-09,9.99999e-01,9.99999e-01,9.99999e-01,2.24374e-09,9.99999e-01
4.060300500e-01,3.32516e-09,9.99999e-01,9.99999e-01,9.99999e-01,3.32516e-09,9.99999e-01
4.080602003e-01,4.88964e-09,9.99999e-01,9.99999e-01,9.99999e-01,4.88964e-09,9.99999e-01
4.101005013e-01,7.13567e-09,9.99999e-01,9.99999e-01,9.99999e-01,7.13567e-09,9.99999e-01
4.121510038e-01,1.03359e-08,9.99999e-01,9.99999e-01,9.99999e-01,1.03359e-08,9.99999e-01
4.142117588e-01,1.48623e-08,9.99999e-01,9.99999e-01,9.99999e-01,1.48623e-08,9.99999e-01
4.162828176e-01,2.12181e-08,9.99999e-01,9.99999e-01,9.99999e-01,2.12181e-08,9.99999e-01
4.183642317e-01,3.00797e-08,9.99999e-01,9.99999e-01,9.99999e-01,3.00797e-08,9.99999e-01
4.204560528e-01,4.23493e-08,9.99999e-01,9.99999e-01,9.99999e-01,4.23493e-08,9.99999e-01
4.225583331e-01,5.92221e-08,9.99999e-01,9.99999e-01,9.99999e-01,5.92221e-08,9.99999e-01
4.246711247e-01,8.22707e-08,9.99999e-01,9.99999e-01,9.99999e-01,8.22707e-08,9.99999e-01
4.267944804e-01,1.13550e-07,9.99999e-01,9.99999e-01,9.99999e-01,1.13550e-07,9.99999e-01
4.289284528e-01,1.55727e-07,9.99999e-01,9.99999e-01,9.99999e-01,1.55727e-07,9.99999e-01
4.310730950e-01,2.12242e-07,9.99999e-01,9.99999e-01,9.99999e-01,2.12242e-07,9.99999e-01
4.332284605e-01,2.87504e-07,9.99999e-01,9.99999e-01,9.99999e-01,2.87504e-07,9.99999e-01
4.353946028e-01,3.87125e-07,9.99999e-01,9.99999e-01,9.99999e-01,3.87125e-07,9.99999e-01
4.375715758e-01,5.18211e-07,9.99999e-01,9.99999e-01,9.99999e-01,5.18211e-07,9.99999e-01
4.397594337e-01,6.89701e-07,9.99999e-01,9.99999e-01,9.99999e-01,6.89701e-07,9.99999e-01
4.419582309e-01,9.12773e-07,9.99999e-01,9.99999e-01,9.99999e-01,9.12773e-07,9.99999e-01
4.441680220e-01,1.20133e-06,9.99999e-01,9.99999e-01,9.99999e-01,1.20133e-06,9.99999e-01
4.463888621e-01,1.57254e-06,9.99999e-01,9.99999e-01,9.99999e-01,1.57254e-06,9.99999e-01
4.486208064e-01,2.04754e-06,9.99999e-01,9.99999e-01,9.99999e-01,2.04754e-06,9.99999e-01
4.508639105e-01,2.65217e-06,9.99999e-01,9.99999e-01,9.99999e-01,2.65217e-06,9.99999e-01
4.531182300e-01,3.41781e-06,9.99999e-01,9.99999e-01,9.99999e-01,3.41781e-06,9.99999e-01
4.553838212e-01,4.38248e-06,9.99999e-01,9.99999e-01,9.99999e-01,4.38248e-06,9.99999e-01
4.576607403e-01,5.59190e-06,9.99999e-01,9.99999e-01,9.99999e-01,5.59190e-06,9.99999e-01
4.599490440e-01,7.10082e-06,9.99999e-01,9.99999e-01,9.99999e-01,7.10082e-06,9.99999e-01
4.622487892e-01,8.97445e-06,9.99999e-01,9.99999e-01,9.99999e-01,8.97445e-06,9.99999e-01
4.645600332e-01,1.12901e-05,9.99999e-01,9.99999e-01,9.99999e-01,1.12901e-05,9.99999e-01
4.668828333e-01,1.41390e-05,9.99999e-01,9.99999e-01,9.99999e-01,1.41390e-05,9.99999e-01
4.692172475e-01,1.76283e-05,9.99999e-01,9.99999e-01,9.99999e-01,1.76283e-05,9.99999e-01
4.715633337e-01,2.18832e-05,9.99999e-01,9.99999e-01,9.99999e-01,2.18832e-05,9.99999e-01
4.739211504e-01,2.70492e-05,9.99999e-01,9.99999e-01,9.99999e-01,2.70492e-05,9.99999e-01
4.762907561e-01,3.32951e-05,9.99999e-01,9.99999e-01,9.99999e-01,3.32951e-05,9.99999e-01
4.786722099e-01,4.08155e-05,9.99999e-01,9.99999e-01,9.99999e-01,4.08155e-05,9.99999e-01
4.810655710e-01,4.98336e-05,9.99999e-01,9.99999e-01,9.99999e-01,4.98336e-05,9.99999e-01
4.834708988e-01,6.06047e-05,9.99999e-01,9.99999e-01,9.99999e-01,6.06047e-05,9.99999e-01
4.858882533e-01,7.34197e-05,9.99999e-01,9.99999e-01,9.99999e-01,7.34197e-05,9.99999e-01
4.883176946e-01,8.86080e-05,9.99999e-01,9.99999e-01,9.99999e-01,8.86080e-05,9.99999e-01
4.907592831e-01,1.06542e-04,9.99999e-01,9.99999e-01,9.99999e-01,1.06542e-04,9.99999e-01
4.932130795e-01,1.27640e-04,9.99999e-01,9.99999e-01,9.99999e-01,1.27640e-04,9.99999e-01
4.956791449e-01,1.52371e-04,9.99999e-01,9.99999e-01,9.99999e-01,1.52371e-04,9.99999e-01
4.981575406e-01,1.81259e-04,9.99999e-01,9.99999e-01,9.99999e-01,1.81259e-04,9.99999e-01
5.006483283e-01,2.14886e-04,9.99999e-01,9.99999e-01,9.99999e-01,2.14886e-04,9.99999e-01
5.031515699e-01,2.53896e-04,9.99999e-01,9.99999e-01,9.99999e-01,2.53896e-04,9.99999e-01
5.056673278e-01,2.99001e-04,9.99999e-01,9.99999e-01,9.99999e-01,2.99001e-04,9.99999e-01
5.081956644e-01,3.50984e-04,9.99999e-01,9.99999e-01,9.99999e-01,3.50984e-04,9.99999e-01
5.107366428e-01,4.10701e-04,9.99999e-01,9.99999e-01,9.99999e-01,4.10701e-04,9.99999e-01
5.132903260e-01,4.79090e-04,9.99999e-01,9.99999e-01,9.99999e-01,4.79090e-04,9.99999e-01
5.158567776e-01,5.57170e-04,9.99999e-01,9.99999e-01,9.99999e-01,5.57170e-04,9.99999e-01
5.184360615e-01,6.46044e-04,9.99999e-01,9.99999e-01,9.99999e-01,6.46044e-04,9.99999e-01
5.210282418e-01,7.46909e-04,9.99999e-01,9.99999e-01,9.99999e-01,7.46909e-04,9.99999e-01
5.236333830e-01,8.61050e-04,9.99999e-01,9.99999e-01,9.99999e-01,8.61050e-04,9.99999e-01
5.262515499e-01,9.89849e-04,9.99999e-01,9.99999e-01,9.99999e-01,9.89849e-04,9.99999e-01
5.288828077e-01,1.13479e-03,9.99999e-01,9.99999e-01,9.99999e-01,1.13479e-03,9.99999e-01
5.315272217e-01,1.29744e-03,9.99999e-01,9.99999e-01,9.99999e-01,1.29744e-03,9.99999e-01
5.341848578e-01,1.47948e-03,9.99999e-01,9.99999e-01,9.99999e-01,1.47948e-03,9.99999e-01
5.368557821e-01,1.68270e-03,9.99999e-01,9.99999e-01,9.99999e-01,1.68270e-03,9.99999e-01
5.395400610e-01,1.90898e-03,9.99999e-01,9.99999e-01,9.99999e-01,1.90898e-03,9.99999e-01
5.422377613e-01,2.16029e-03,9.99999e-01,9.99999e-01,9.99999e-01,2.16029e-03,9.99999e-01
5.449489501e-01,2.43872e-03,9.99999e-01,9.99999e-01,9.99999e-01,2.43872e-03,9.99999e-01
5.476736949e-01,2.74645e-03,9.99999e-01,9.99999e-01,9.99999e-01,2.74645e-03,9.99999e-01
5.504120634e-01,3.08576e-03,9.99999e-01,9.99999e-01,9.99999e-01,3.08576e-03,9.99999e-01
5.531641237e-01,3.45903e-03,9.99999e-01,9.99999e-01,9.99999e-01,3.45903e-03,9.99999e-01
5.559299443e-01,3.86870e-03,9.99999e-01,9.99999e-01,9.99999e-01,3.86870e-03,9.99999e-01
5.587095940e-01,4.31735e-03,9.99999e-01,9.99999e-01,9.99999e-01,4.31735e-03,9.99999e-01
5.615031420e-01,4.80759e-03,9.99999e-01,9.99999e-01,9.99999e-01,4.80759e-03,9.99999e-01
5.643106577e-01,5.34214e-03,9.99999e-01,9.99999e-01,9.99999e-01,5.34214e-03,9.99999e-01
5.671322110e-01,5.92377e-03,9.99999e-01,9.99999e-01,9.99999e-01,5.92377e-03,9.99999e-01
5.699678720e-01,6.55534e-03,9.99999e-01,9.99999e-01,9.99999e-01,6.55534e-03,9.99999e-01
5.728177114e-01,7.23973e-03,9.99999e-01,9.99999e-01,9.99999e-01,7.23973e-03,9.99999e-01
5.756818000e-01,7.97992e-03,9.99999e-01,9.99999e-01,9.99999e-01,7.97992e-03,9.99999e-01
5.785602090e-01,8.77888e-03,9.99999e-01,9.99999e-01,9.99999e-01,8.77888e-03,9.99999e-01
5.814530100e-01,9.63965e-03,9.99999e-01,9.99999e-01,9.99999e-01,9.63965e-03,9.99999e-01
5.843602750e-01,1.05653e-02,9.99999e-01,9.99999e-01,9.99999e-01,1.05653e-02,9.99999e-01
5.872820764e-01,1.15588e-02,9.99999e-01,9.99999e-01,9.99999e-01,1.15588e-02,9.99999e-01
5.902184868e-01,1.26234e-02,9.99999e-01,9.99999e-01,9.99999e-01,1.26234e-02,9.99999e-01
5.931695792e-01,1.37620e-02,9.99999e-01,9.99999e-01,9.99999e-01,1.37620e-02,9.99999e-01
5.961354271e-01,1.49778e-02,9.99999e-01,9.99999e-01,9.99999e-01,1.49778e-02,9.99999e-01
5.991161043e-01,1.62738e-02,9.99999e-01,9.99999e-01,9.99999e-01,1.62738e-02,9.99999e-01
6.021116848e-01,1.76529e-02,9.99999e-01,9.99999e-01,9.99999e-01,1.76529e-02,9.99999e-01
6.051222432e-01,1.91181e-02,9.99999e-01,9.99999e-01,9.99999e-01,1.91181e-02,9.99999e-01
6.081478544e-01,2.06724e-02,9.99999e-01,9.99999e-01,9.99999e-01,2.06724e-02,9.99999e-01
6.111885937e-01,2.23186e-02,9.99999e-01,9.99999e-01,9.99999e-01,2.23186e-02,9.99999e-01
6.142445367e-01,2.40594e-02,9.99999e-01,9.99999e-01,9.99999e-01,2.40594e-02,9.99999e-01
6.173157594e-01,2.58975e-02,9.99999e-01,9.99999e-01,9.99999e-01,2.58975e-02,9.99999e-01
6.204023382e-01,2.78356e-02,9.99999e-01,9.99999e-01,9.99999e-01,2.78356e-02,9.99999e-01
6.235043498e-01,2.98760e-02,9.99999e-01,9.99999e-01,9.99999e-01,2.98760e-02,9.99999e-01
6.266218716e-01,3.20213e-02,9.99999e-01,9.99999e-01,9.99999e-01,3.20213e-02,9.99999e-01
6.297549810e-01,3.42736e-02,9.99999e-01,9.99999e-01,9.99999e-01,3.42736e-02,9.99999e-01
6.329037559e-01,3.66352e-02,9.99999e-01,9.99999e-01,9.99999e-01,3.66352e-02,9.99999e-01
6.360682746e-01,3.91079e-02,9.99999e-01,9.99999e-01,9.99999e-01,3.91079e-02,9.99999e-01
6.392486160e-01,4.16938e-02,9.99999e-01,9.99999e-01,9.99999e-01,4.16938e-02,9.99999e-01
6.424448591e-01,4.43944e-02,9.99999e-01,9.99999e-01,9.99999e-01,4.43944e-02,9.99999e-01
6.456570834e-01,4.72114e-02,9.99999e-01,9.99999e-01,9.99999e-01,4.72114e-02,9.99999e-01
6.488853688e-01,5.01462e-02,9.99999e-01,9.99999e-01,9.99999e-01,5.01462e-02,9.99999e-01
6.521297956e-01,5.31999e-02,9.99999e-01,9.99999e-01,9.99999e-01,5.31999e-02,9.99999e-01
6.553904446e-01,5.63738e-02,9.99999e-01,9.99999e-01,9.99999e-01,5.63738e-02,9.99999e-01
6.586673968e-01,5.96687e-02,9.99999e-01,9.99999e-01,9.99999e-01,5.96687e-02,9.99999e-01
6.619607338e-01,6.30854e-02,9.99999e-01,9.99999e-01,9.99999e-01,6.30854e-02,9.99999e-01
6.652705375e-01,6.66244e-02,9.99999e-01,9.99999e-01,9.99999e-01,6.66244e-02,9.99999e-01
6.685968902e-01,7.02861e-02,9.99999e-01,9.99999e-01,9.99999e-01,7.02861e-02,9.99999e-01
6.719398746e-01,7.40707e-02,9.99999e-01,9.99999e-01,9.99999e-01,7.40707e-02,9.99999e-01
6.752995740e-01,7.79783e-02,9.99999e-01,9.99999e-01,9.99999e-01,7.79783e-02,9.99999e-01
6.786760719e-01,8.20087e-02,9.99999e-01,9.99999e-01,9.99999e-01,8.20087e-02,9.99999e-01
6.820694522e-01,8.61617e-02,9.99999e-01,9.99999e-01,9.99999e-01,8.61617e-02,9.99999e-01
6.854797995e-01,9.04366e-02,9.99999e-01,9.99999e-01,9.99999e-01,9.04366e-02,9.99999e-01
6.889071985e-01,9.48329e-02,9.99999e-01,9.99999e-01,9.99999e-01,9.48329e-02,9.99999e-01
6.923517345e-01,9.93497e-02,9.99999e-01,9.99999e-01,9.99999e-01,9.93497e-02,9.99999e-01
6.958134932e-01,1.03986e-01,9.99999e-01,9.99999e-01,9.99999e-01,1.03986e-01,9.99999e-01
6.992925606e-01,1.08741e-01,9.99999e-01,9.99999e-01,9.99999e-01,1.08741e-01,9.99999e-01
7.027890234e-01,1.13612e-01,9.99999e-01,9.99999e-01,9.99999e-01,1.13612e-01,9.99999e-01
7.063029686e-01,1.18600e-01,9.99999e-01,9.99999e-01,9.99999e-01,1.18600e-01,9.99999e-01
7.098344834e-01,1.23701e-01,9.99999e-01,9.99999e-01,9.99999e-01,1.23701e-01,9.99999e-01
7.133836558e-01,1.28914e-01,9.99999e-01,9.99999e-01,9.99999e-01,1.28914e-01,9.99999e-01
7.169505741e-01,1.34238e-01,9.99999e-01,9.99999e-01,9.99999e-01,1.34238e-01,9.99999e-01
7.205353270e-01,1.39669e-01,9.99999e-01,9.99999e-01,9.99999e-01,1.39669e-01,9.99999e-01
7.241380036e-01,1.45207e-01,9.99999e-01,9.99999e-01,9.99999e-01,1.45207e-01,9.99999e-01
7.277586936e-01,1.50848e-01,9.99999e-01,9.99999e-01,9.99999e-01,1.50848e-01,9.99999e-01
7.313974871e-01,1.56591e-01,9.99999e-01,9.99999e-01,9.99999e-01,1.56591e-01,9.99999e-01
7.350544745e-01,1.62432e-01,9.99999e-01,9.99999e-01,9.99999e-01,1.62432e-01,9.99999e-01
7.387297469e-01,1.68369e-01,9.99999e-01,9.99999e-01,9.99999e-01,1.68369e-01,9.99999e-01
7.424233956e-01,1.74400e-01,9.99999e-01,9.99999e-01,9.99999e-01,1.74400e-01,9.99999e-01
7.461355126e-01,1.80521e-01,9.99999e-01,9.99999e-01,9.99999e-01,1.80521e-01,9.99999e-01
7.498661902e-01,1.86729e-01,9.99999e-01,9.99999e-01,9.99999e-01,1.86729e-01,9.99999e-01
7.536155211e-01,1.93022e-01,9.99999e-01,9.99999e-01,9.99999e-01,1.93022e-01,9.99999e-01
7.573835987e-01,1.99397e-01,9.99999e-01,9.99999e-01,9.99999e-01,1.99397e-01,9.99999e-01
7.611705167e-01,2.05850e-01,9.99999e-01,9.99999e-01,9.99999e-01,2.05850e-01,9.99999e-01
7.649763693e-01,2.12378e-01,9.99999e-01,9.99999e-01,9.99999e-01,2.12378e-01,9.99999e-01
7.688012511e-01,2.18978e-01,9.99999e-01,9.99999e-01,9.99999e-01,2.18978e-01,9.99999e-01
7.726452574e-01,2.25647e-01,9.99999e-01,9.99999e-01,9.99999e-01,2.25647e-01,9.99999e-01
7.765084837e-01,2.32381e-01,9.99999e-01,9.99999e-01,9.99999e-01,2.32381e-01,9.99999e-01
7.803910261e-01,2.24717e-01,9.99999e-01,9.99999e-01,9.39539e-01,2.39178e-01,9.99999e-01
7.842929812e-01,1.84311e-01,9.99999e-01,9.99999e-01,7.49133e-01,2.46032e-01,9.99999e-01
7.882144461e-01,1.85988e-01,9.99999e-01,9.99999e-01,7.35295e-01,2.52942e-01,9.99999e-01
7.921555184e-01,2.16206e-01,9.99999e-01,9.99999e-01,8.31868e-01,2.59904e-01,9.99999e-01
7.961162960e-01,2.35839e-01,9.99999e-01,9.99999e-01,8.83573e-01,2.66915e-01,9.99999e-01
8.000968774e-01,2.56176e-01,9.99999e-01,9.99999e-01,9.35049e-01,2.73970e-01,9.99999e-01
8.040973618e-01,2.71455e-01,9.99999e-01,9.99999e-01,9.65802e-01,2.81067e-01,9.99999e-01
8.081178486e-01,2.83631e-01,9.99999e-01,9.99999e-01,9.84140e-01,2.88202e-01,9.99999e-01
8.121584379e-01,2.93919e-01,9.99999e-01,9.99999e-01,9.95081e-01,2.95372e-01,9.99999e-01
8.162192301e-01,3.02244e-01,9.99999e-01,9.99999e-01,9.98911e-01,3.02574e-01,9.99999e-01
8.203003262e-01,3.09798e-01,9.99999e-01,9.99999e-01,9.99983e-01,3.09803e-01,9.99999e-01
8.244018279e-01,3.17058e-01,9.99999e-01,9.99999e-01,9.99999e-01,3.17058e-01,9.99999e-01
8.285238370e-01,3.24334e-01,9.99999e-01,9.99999e-01,9.99999e-01,3.24334e-01,9.99999e-01
8.326664562e-01,3.31628e-01,9.99999e-01,9.99999e-01,9.99999e-01,3.31628e-01,9.99999e-01
8.368297885e-01,3.38937e-01,9.99999e-01,9.99999e-01,9.99999e-01,3.38937e-01,9.99999e-01
8.410139374e-01,3.46259e-01,9.99999e-01,9.99999e-01,9.99999e-01,3.46259e-01,9.99999e-01
8.452190071e-01,3.53589e-01,9.99999e-01,9.99999e-01,9.99999e-01,3.53589e-01,9.99999e-01
8.494451021e-01,3.60925e-01,9.99999e-01,9.99999e-01,9.99999e-01,3.60925e-01,9.99999e-01
8.536923276e-01,3.68264e-01,9.99999e-01,9.99999e-01,9.99999e-01,3.68264e-01,9.99999e-01
8.579607893e-01,3.75602e-01,9.99999e-01,9.99999e-01,9.99999e-01,3.75602e-01,9.99999e-01
8.622505932e-01,3.82938e-01,9.99999e-01,9.99999e-01,9.99999e-01,3.82938e-01,9.99999e-01
8.665618462e-01,3.48404e-01,9.99999e-01,9.99999e-01,8.92729e-01,3.90268e-01,9.99999e-01
8.708946554e-01,1.93358e-01,9.99999e-01,9.99999e-01,4.86326e-01,3.97589e-01,9.99999e-01
8.752491287e-01,2.24297e-01,9.99999e-01,9.99999e-01,5.53959e-01,4.04899e-01,9.99999e-01
8.796253743e-01,2.96615e-01,9.99999e-01,9.99999e-01,7.19598e-01,4.12195e-01,9.99999e-01
8.840235012e-01,3.53133e-01,9.99999e-01,9.99999e-01,8.41845e-01,4.19474e-01,9.99999e-01
8.884436187e-01,3.98673e-01,9.99999e-01,9.99999e-01,9.34240e-01,4.26734e-01,9.99999e-01
8.928858368e-01,4.22164e-01,9.99999e-01,9.99999e-01,9.72788e-01,4.33973e-01,9.99999e-01
8.973502660e-01,4.38245e-01,9.99999e-01,9.99999e-01,9.93328e-01,4.41188e-01,9.99999e-01
9.018370173e-01,4.48047e-01,9.99999e-01,9.99999e-01,9.99262e-01,4.48377e-01,9.99999e-01
9.063462024e-01,4.47027e-01,9.99999e-01,9.99999e-01,9.81317e-01,4.55538e-01,9.99999e-01
9.108779334e-01,4.42971e-01,9.99999e-01,9.99999e-01,9.57427e-01,4.62668e-01,9.99999e-01
9.154323231e-01,4.64998e-01,9.99999e-01,9.99999e-01,9.89852e-01,4.69765e-01,9.99999e-01
9.200094847e-01,4.14655e-01,9.99999e-01,9.99999e-01,8.69609e-01,4.76828e-01,9.99999e-01
9.246095321e-01,3.91283e-01,9.99999e-01,9.99999e-01,8.08677e-01,4.83855e-01,9.99999e-01
9.292325798e-01,4.16114e-01,9.99999e-01,9.99999e-01,8.47753e-01,4.90843e-01,9.99999e-01
9.338787427e-01,4.24018e-01,9.99999e-01,9.99999e-01,8.51797e-01,4.97792e-01,9.99999e-01
9.385481364e-01,4.48371e-01,9.99999e-01,9.99999e-01,8.88394e-01,5.04698e-01,9.99999e-01
9.432408771e-01,4.75737e-01,9.99999e-01,9.99999e-01,9.29971e-01,5.11561e-01,9.99999e-01
9.479570815e-01,4.99415e-01,9.99999e-01,9.99999e-01,9.63415e-01,5.18379e-01,9.99999e-01
9.526968669e-01,5.15805e-01,9.99999e-01,9.99999e-01,9.82204e-01,5.25151e-01,9.99999e-01
9.574603512e-01,5.27806e-01,9.99999e-01,9.99999e-01,9.92349e-01,5.31874e-01,9.99999e-01
9.622476530e-01,5.37261e-01,9.99999e-01,9.99999e-01,9.97608e-01,5.38549e-01,9.99999e-01
9.670588912e-01,5.44782e-01,9.99999e-01,9.99999e-01,9.99282e-01,5.45172e-01,9.99999e-01
9.718941857e-01,5.51717e-01,9.99999e-01,9.99999e-01,9.99949e-01,5.51744e-01,9.99999e-01
9.767536566e-01,5.58264e-01,9.99999e-01,9.99999e-01,9.99999e-01,5.58264e-01,9.99999e-01
9.816374249e-01,5.64729e-01,9.99999e-01,9.99999e-01,9.99999e-01,5.64729e-01,9.99999e-01
9.865456120e-01,5.71139e-01,9.99999e-01,9.99999e-01,9.99999e-01,5.71139e-01,9.99999e-01
9.914783401e-01,5.77493e-01,9.99999e-01,9.99999e-01,9.99999e-01,5.77493e-01,9.99999e-01
9.964357318e-01,5.83790e-01,9.99999e-01,9.99999e-01,9.99999e-01,5.83790e-01,9.99999e-01
1.001417910e+00,5.90029e-01,9.99999e-01,9.99999e-01,9.99999e-01,5.90029e-01,9.99999e-01
1.006425000e+00,5.96210e-01,9.99999e-01,9.99999e-01,9.99999e-01,5.96210e-01,9.99999e-01
1.011457125e+00,6.02332e-01,9.99999e-01,9.99999e-01,9.99999e-01,6.02332e-01,9.99999e-01
1.016514411e+00,6.08394e-01,9.99999e-01,9.99999e-01,9.99999e-01,6.08394e-01,9.99999e-01
1.021596983e+00,6.14333e-01,9.99999e-01,9.99999e-01,9.99898e-01,6.14395e-01,9.99999e-01
1.026704968e+00,6.15764e-01,9.99999e-01,9.99999e-01,9.92631e-01,6.20335e-01,9.99999e-01
1.031838492e+00,5.82164e-01,9.99999e-01,9.99999e-01,9.29658e-01,6.26213e-01,9.99999e-01
1.036997685e+00,5.15966e-02,9.99999e-01,9.99999e-01,8.16362e-02,6.32030e-01,9.99999e-01
1.042182673e+00,1.33349e-02,9.99999e-01,9.99999e-01,2.09082e-02,6.37784e-01,9.99999e-01
1.047393587e+00,2.44187e-02,9.99999e-01,9.99999e-01,3.79482e-02,6.43475e-01,9.99999e-01
1.052630555e+00,4.73115e-05,9.99999e-01,9.99999e-01,7.28875e-05,6.49103e-01,9.99999e-01
1.057893707e+00,1.64128e-04,9.99999e-01,9.99999e-01,2.50705e-04,6.54668e-01,9.99999e-01
1.063183176e+00,1.36888e-03,9.99999e-01,9.99999e-01,2.07353e-03,6.60169e-01,9.99999e-01
1.068499092e+00,7.42563e-03,9.99999e-01,9.99999e-01,1.11562e-02,6.65606e-01,9.99999e-01
1.073841587e+00,3.82466e-02,9.99999e-01,9.99999e-01,5.70011e-02,6.70979e-01,9.99999e-01
1.079210795e+00,1.10611e-01,9.99999e-01,9.99999e-01,1.63555e-01,6.76288e-01,9.99999e-01
1.084606849e+00,2.47747e-01,9.99999e-01,9.99999e-01,3.63514e-01,6.81534e-01,9.99999e-01
1.090029883e+00,4.05056e-01,9.99999e-01,9.99999e-01,5.89846e-01,6.86715e-01,9.99999e-01
1.095480033e+00,5.33141e-01,9.99999e-01,9.99999e-01,7.70622e-01,6.91832e-01,9.99999e-01
1.100957433e+00,6.14476e-01,9.99999e-01,9.99999e-01,8.81747e-01,6.96884e-01,9.99999e-01
1.106462220e+00,6.66260e-01,9.99999e-01,9.99999e-01,9.49259e-01,7.01873e-01,9.99999e-01
1.111994531e+00,6.93280e-01,9.99999e-01,9.99999e-01,9.80874e-01,7.06798e-01,9.99999e-01
1.117554504e+00,7.08315e-01,9.99999e-01,9.99999e-01,9.95300e-01,7.11659e-01,9.99999e-01
1.123142276e+00,7.16236e-01,9.99999e-01,9.99999e-01,9.99690e-01,7.16457e-01,9.99999e-01
1.128757988e+00,7.21191e-01,9.99999e-01,9.99999e-01,9.99999e-01,7.21191e-01,9.99999e-01
1.134401778e+00,7.25863e-01,9.99999e-01,9.99999e-01,9.99999e-01,7.25863e-01,9.99999e-01
1.140073787e+00,7.30471e-01,9.99999e-01,9.99999e-01,9.99999e-01,7.30471e-01,9.99999e-01
1.145774156e+00,7.35016e-01,9.99999e-01,9.99999e-01,9.99999e-01,7.35016e-01,9.99999e-01
1.151503026e+00,7.39500e-01,9.99999e-01,9.99999e-01,9.99999e-01,7.39500e-01,9.99999e-01
1.157260541e+00,7.43921e-01,9.99999e-01,9.99999e-01,9.99999e-01,7.43921e-01,9.99999e-01
1.163046844e+00,7.48281e-01,9.99999e-01,9.99999e-01,9.99999e-01,7.48281e-01,9.99999e-01
1.168862078e+00,7.52579e-01,9.99999e-01,9.99999e-01,9.99999e-01,7.52579e-01,9.99999e-01
1.174706389e+00,7.56816e-01,9.99999e-01,9.99999e-01,9.99999e-01,7.56816e-01,9.99999e-01
1.180579921e+00,7.60993e-01,9.99999e-01,9.99999e-01,9.99999e-01,7.60993e-01,9.99999e-01
1.186482820e+00,7.65099e-01,9.99999e-01,9.99999e-01,9.99985e-01,7.65110e-01,9.99999e-01
1.192415234e+00,7.49419e-01,9.99999e-01,9.99999e-01,9.74325e-01,7.69166e-01,9.99999e-01
1.198377311e+00,4.17475e-01,9.99999e-01,9.99999e-01,5.39956e-01,7.73164e-01,9.99999e-01
1.204369197e+00,6.49694e-20,9.99999e-01,9.99999e-01,8.36045e-20,7.77103e-01,9.99999e-01
1.210391043e+00,3.88049e-78,9.99999e-01,9.99999e-01,4.96871e-78,7.80984e-01,9.99999e-01
1.216442998e+00,1.00110e-67,9.99999e-01,9.99999e-01,1.27560e-67,7.84806e-01,9.99999e-01
1.222525213e+00,1.01091e-66,9.99999e-01,9.99999e-01,1.28196e-66,7.88572e-01,9.99999e-01
1.228637839e+00,1.34722e-51,9.99999e-01,9.99999e-01,1.70043e-51,7.92280e-01,9.99999e-01
1.234781029e+00,1.90685e-32,9.99999e-01,9.99999e-01,2.39574e-32,7.95932e-01,9.99999e-01
1.240954934e+00,1.11246e-21,9.99999e-01,9.99999e-01,1.39139e-21,7.99529e-01,9.99999e-01
1.247159708e+00,6.31309e-11,9.99999e-01,9.99999e-01,7.86119e-11,8.03070e-01,9.99999e-01
1.253395507e+00,2.44119e-07,9.99999e-01,9.99999e-01,3.02668e-07,8.06556e-01,9.99999e-01
1.259662485e+00,1.51433e-04,9.99999e-01,9.99999e-01,1.86957e-04,8.09989e-01,9.99999e-01
1.265960797e+00,6.35133e-03,9.99999e-01,9.99999e-01,7.80868e-03,8.13367e-01,9.99999e-01
1.272290601e+00,9.32221e-02,9.99999e-01,9.99999e-01,1.14146e-01,8.16693e-01,9.99999e-01
1.278652054e+00,8.04773e-02,9.99999e-01,9.99999e-01,9.81471e-02,8.19966e-01,9.99999e-01
1.285045314e+00,3.84483e-04,9.99999e-01,9.99999e-01,4.67065e-04,8.23187e-01,9.99999e-01
1.291470541e+00,1.20361e-09,9.99999e-01,9.99999e-01,1.45652e-09,8.26357e-01,9.99999e-01
1.297927893e+00,1.28530e-04,9.99999e-01,9.99999e-01,1.54953e-04,8.29476e-01,9.99999e-01
1.304417533e+00,1.55825e-02,9.99999e-01,9.99999e-01,1.87167e-02,8.32545e-01,9.99999e-01
1.310939621e+00,3.68025e-03,9.99999e-01,9.99999e-01,4.40450e-03,8.35564e-01,9.99999e-01
1.317494319e+00,5.12971e-27,9.99999e-01,9.99999e-01,6.11746e-27,8.38534e-01,9.99999e-01
1.324081790e+00,5.22167e-18,9.99999e-01,9.99999e-01,6.20551e-18,8.41456e-01,9.99999e-01
1.330702199e+00,1.07630e-10,9.99999e-01,9.99999e-01,1.27473e-10,8.44330e-01,9.99999e-01
1.337355710e+00,5.21743e-10,9.99999e-01,9.99999e-01,6.15874e-10,8.47157e-01,9.99999e-01
1.344042489e+00,2.15597e-10,9.99999e-01,9.99999e-01,2.53662e-10,8.49937e-01,9.99999e-01
1.350762701e+00,5.83039e-11,9.99999e-01,9.99999e-01,6.83778e-11,8.52671e-01,9.99999e-01
1.357516515e+00,5.11125e-07,9.99999e-01,9.99999e-01,5.97556e-07,8.55360e-01,9.99999e-01
1.364304097e+00,4.33763e-05,9.99999e-01,9.99999e-01,5.05549e-05,8.58003e-01,9.99999e-01
1.371125618e+00,5.38737e-03,9.99999e-01,9.99999e-01,6.25999e-03,8.60603e-01,9.99999e-01
1.377981246e+00,1.16198e-02,9.99999e-01,9.99999e-01,1.34619e-02,8.63158e-01,9.99999e-01
1.384871152e+00,7.04724e-02,9.99999e-01,9.99999e-01,8.14077e-02,8.65671e-01,9.99999e-01
1.391795508e+00,8.56166e-02,9.99999e-01,9.99999e-01,9.86205e-02,8.68141e-01,9.99999e-01
1.398754485e+00,2.05415e-01,9.99999e-01,9.99999e-01,2.35955e-01,8.70569e-01,9.99999e-01
1.405748258e+00,3.03321e-01,9.99999e-01,9.99999e-01,3.47464e-01,8.72956e-01,9.99999e-01
1.412776999e+00,4.47643e-01,9.99999e-01,9.99999e-01,5.11415e-01,8.75302e-01,9.99999e-01
1.419840884e+00,4.04636e-01,9.99999e-01,9.99999e-01,4.61067e-01,8.77608e-01,9.99999e-01
1.426940089e+00,2.15906e-02,9.99999e-01,9.99999e-01,2.45383e-02,8.79874e-01,9.99999e-01
1.434074789e+00,0.00000e+00,9.99999e-01,9.99999e-01,0.00000e+00,8.82101e-01,9.99999e-01
1.441245163e+00,0.00000e+00,9.99999e-01,9.99999e-01,0.00000e+00,8.84289e-01,9.99999e-01
1.448451389e+00,0.00000e+00,9.99999e-01,9.99999e-01,0.00000e+00,8.86440e-01,9.99999e-01
1.455693646e+00,0.00000e+00,9.99999e-01,9.99999e-01,0.00000e+00,8.88553e-01,9.99999e-01
1.462972114e+00,3.02922e-310,9.99999e-01,9.99999e-01,3.40121e-310,8.90629e-01,9.99999e-01
1.470286975e+00,5.54546e-129,9.99999e-01,9.99999e-01,6.21222e-129,8.92669e-01,9.99999e-01
1.477638409e+00,3.31241e-81,9.99999e-01,9.99999e-01,3.70236e-81,8.94673e-01,9.99999e-01
1.485026601e+00,2.16916e-45,9.99999e-01,9.99999e-01,2.41920e-45,8.96642e-01,9.99999e-01
1.492451734e+00,1.10791e-38,9.99999e-01,9.99999e-01,1.23296e-38,8.98576e-01,9.99999e-01
1.499913993e+00,4.97310e-17,9.99999e-01,9.99999e-01,5.52273e-17,9.00477e-01,9.99999e-01
1.507413563e+00,8.57869e-16,9.99999e-01,9.99999e-01,9.50711e-16,9.02343e-01,9.99999e-01
1.514950631e+00,3.03101e-17,9.99999e-01,9.99999e-01,3.35223e-17,9.04177e-01,9.99999e-01
1.522525384e+00,7.79502e-58,9.99999e-01,9.99999e-01,8.60398e-58,9.05977e-01,9.99999e-01
1.530138011e+00,1.23629e-137,9.99999e-01,9.99999e-01,1.36193e-137,9.07746e-01,9.99999e-01
1.537788701e+00,6.66174e-102,9.99999e-01,9.99999e-01,7.32474e-102,9.09483e-01,9.99999e-01
1.545477645e+00,8.46675e-22,9.99999e-01,9.99999e-01,9.29197e-22,9.11189e-01,9.99999e-01
1.553205033e+00,8.20257e-16,9.99999e-01,9.99999e-01,8.98552e-16,9.12865e-01,9.99999e-01
1.560971058e+00,3.39279e-16,9.99999e-01,9.99999e-01,3.70995e-16,9.14510e-01,9.99999e-01
1.568775913e+00,0.00000e+00,9.99999e-01,9.99999e-01,0.00000e+00,9.16126e-01,9.99999e-01
1.576619793e+00,0.00000e+00,9.99999e-01,9.99999e-01,0.00000e+00,9.17712e-01,9.99999e-01
1.584502892e+00,0.00000e+00,9.99999e-01,9.99999e-01,0.00000e+00,9.19270e-01,9.99999e-01
1.592425406e+00,2.19024e-310,9.99999e-01,9.99999e-01,2.37862e-310,9.20800e-01,9.99999e-01
1.600387533e+00,0.00000e+00,9.99999e-01,9.99999e-01,0.00000e+00,9.22302e-01,9.99999e-01
1.608389471e+00,0.00000e+00,9.99999e-01,9.99999e-01,0.00000e+00,9.23776e-01,9.99999e-01
1.616431418e+00,0.00000e+00,9.99999e-01,9.99999e-01,0.00000e+00,9.25224e-01,9.99999e-01
1.624513575e+00,0.00000e+00,9.99999e-01,9.99999e-01,0.00000e+00,9.26646e-01,9.99999e-01
1.632636143e+00,8.37857e-293,9.99999e-01,9.99999e-01,9.02823e-293,9.28041e-01,9.99999e-01
1.640799324e+00,1.59174e-119,9.99999e-01,9.99999e-01,1.71263e-119,9.29411e-01,9.99999e-01
1.649003321e+00,1.59359e-119,9.99999e-01,9.99999e-01,1.71214e-119,9.30756e-01,9.99999e-01
1.657248337e+00,1.90489e-92,9.99999e-01,9.99999e-01,2.04370e-92,9.32076e-01,9.99999e-01
1.665534579e+00,4.61062e-93,9.99999e-01,9.99999e-01,4.93974e-93,9.33372e-01,9.99999e-01
1.673862252e+00,1.85257e-59,9.99999e-01,9.99999e-01,1.98211e-59,9.34644e-01,9.99999e-01
1.682231563e+00,2.82513e-41,9.99999e-01,9.99999e-01,3.01864e-41,9.35893e-01,9.99999e-01
1.690642721e+00,4.38448e-23,9.99999e-01,9.99999e-01,4.67868e-23,9.37118e-01,9.99999e-01
1.699095934e+00,8.13256e-15,9.99999e-01,9.99999e-01,8.66713e-15,9.38321e-01,9.99999e-01
1.707591414e+00,7.27836e-08,9.99999e-01,9.99999e-01,7.74704e-08,9.39502e-01,9.99999e-01
1.716129371e+00,7.22532e-05,9.99999e-01,9.99999e-01,7.68111e-05,9.40661e-01,9.99999e-01
1.724710018e+00,4.24579e-03,9.99999e-01,9.99999e-01,4.50817e-03,9.41798e-01,9.99999e-01
1.733333568e+00,2.64432e-02,9.99999e-01,9.99999e-01,2.80441e-02,9.42914e-01,9.99999e-01
1.742000236e+00,1.16468e-01,9.99999e-01,9.99999e-01,1.23376e-01,9.44009e-01,9.99999e-01
1.750710237e+00,8.56698e-04,9.99999e-01,9.99999e-01,9.06477e-04,9.45084e-01,9.99999e-01
1.759463788e+00,8.89177e-57,9.99999e-01,9.99999e-01,9.39794e-57,9.46139e-01,9.99999e-01
1.768261107e+00,2.02473e-59,9.99999e-01,9.99999e-01,2.13765e-59,9.47175e-01,9.99999e-01
1.777102413e+00,8.31302e-58,9.99999e-01,9.99999e-01,8.76724e-58,9.48191e-01,9.99999e-01
1.785987925e+00,3.05093e-54,9.99999e-01,9.99999e-01,3.21425e-54,9.49187e-01,9.99999e-01
1.794917864e+00,8.33567e-52,9.99999e-01,9.99999e-01,8.77285e-52,9.50166e-01,9.99999e-01
1.803892454e+00,8.21923e-50,9.99999e-01,9.99999e-01,8.64158e-50,9.51126e-01,9.99999e-01
1.812911916e+00,7.28955e-48,9.99999e-01,9.99999e-01,7.65654e-48,9.52067e-01,9.99999e-01
1.821976476e+00,6.28051e-48,9.99999e-01,9.99999e-01,6.59030e-48,9.52992e-01,9.99999e-01
1.831086358e+00,1.51046e-38,9.99999e-01,9.99999e-01,1.58346e-38,9.53898e-01,9.99999e-01
1.840241790e+00,7.53815e-33,9.99999e-01,9.99999e-01,7.89509e-33,9.54788e-01,9.99999e-01
1.849442999e+00,7.24504e-23,9.99999e-01,9.99999e-01,7.58117e-23,9.55661e-01,9.99999e-01
1.858690214e+00,1.81161e-21,9.99999e-01,9.99999e-01,1.89396e-21,9.56517e-01,9.99999e-01
1.867983665e+00,4.10286e-22,9.99999e-01,9.99999e-01,4.28560e-22,9.57358e-01,9.99999e-01
1.877323583e+00,2.87279e-108,9.99999e-01,9.99999e-01,2.99816e-108,9.58182e-01,9.99999e-01
1.886710201e+00,3.51273e-142,9.99999e-01,9.99999e-01,3.66294e-142,9.58991e-01,9.99999e-01
1.896143752e+00,2.37014e-162,9.99999e-01,9.99999e-01,2.46945e-162,9.59784e-01,9.99999e-01
1.905624471e+00,2.77394e-188,9.99999e-01,9.99999e-01,2.88782e-188,9.60563e-01,9.99999e-01
1.915152593e+00,5.92828e-146,9.99999e-01,9.99999e-01,6.16676e-146,9.61327e-01,9.99999e-01
1.924728356e+00,1.25340e-174,9.99999e-01,9.99999e-01,1.30281e-174,9.62076e-01,9.99999e-01
1.934351998e+00,0.00000e+00,9.99999e-01,9.99999e-01,0.00000e+00,9.62811e-01,9.99999e-01
1.944023758e+00,0.00000e+00,9.99999e-01,9.99999e-01,0.00000e+00,9.63532e-01,9.99999e-01
1.953743877e+00,0.00000e+00,9.99999e-01,9.99999e-01,0.00000e+00,9.64239e-01,9.99999e-01
1.963512596e+00,0.00000e+00,9.99999e-01,9.99999e-01,0.00000e+00,9.64933e-01,9.99999e-01
1.973330159e+00,0.00000e+00,9.99999e-01,9.99999e-01,0.00000e+00,9.65613e-01,9.99999e-01
1.983196810e+00,0.00000e+00,9.99999e-01,9.99999e-01,0.00000e+00,9.66281e-01,9.99999e-01
1.993112794e+00,0.00000e+00,9.99999e-01,9.99999e-01,0.00000e+00,9.66936e-01,9.99999e-01
2.003078358e+00,0.00000e+00,9.99999e-01,9.99999e-01,0.00000e+00,9.67578e-01,9.99983e-01
2.013093750e+00,0.00000e+00,9.99999e-01,9.99999e-01,0.00000e+00,9.68208e-01,9.99969e-01
2.023159218e+00,0.00000e+00,9.99999e-01,9.99999e-01,0.00000e+00,9.68826e-01,9.99951e-01
2.033275015e+00,0.00000e+00,9.99999e-01,9.99999e-01,0.00000e+00,9.69433e-01,9.99925e-01
2.043441390e+00,0.00000e+00,9.99999e-01,9.99999e-01,0.00000e+00,9.70027e-01,9.99877e-01
2.053658597e+00,0.00000e+00,9.99998e-01,9.99999e-01,0.00000e+00,9.70611e-01,9.99790e-01
2.063926890e+00,0.00000e+00,9.99997e-01,9.99999e-01,0.00000e+00,9.71183e-01,9.99640e-01
2.074246524e+00,0.00000e+00,9.99995e-01,9.99999e-01,0.00000e+00,9.71744e-01,9.99370e-01
2.084617757e+00,0.00000e+00,9.99993e-01,9.99999e-01,0.00000e+00,9.72294e-01,9.98954e-01
2.095040845e+00,0.00000e+00,9.99989e-01,9.99999e-01,0.00000e+00,9.72834e-01,9.98391e-01
2.105516050e+00,0.00000e+00,9.99987e-01,9.99999e-01,0.00000e+00,9.73363e-01,9.97694e-01
2.116043630e+00,0.00000e+00,9.99988e-01,9.99999e-01,0.00000e+00,9.73882e-01,9.97138e-01
2.126623848e+00,0.00000e+00,9.99990e-01,9.99999e-01,0.00000e+00,9.74391e-01,9.96760e-01
2.137256967e+00,0.00000e+00,9.99991e-01,9.99999e-01,0.00000e+00,9.74891e-01,9.96370e-01
2.147943252e+00,0.00000e+00,9.99995e-01,9.99999e-01,0.00000e+00,9.75381e-01,9.95637e-01
2.158682968e+00,3.56824e-240,9.99973e-01,9.99999e-01,3.67504e-240,9.75861e-01,9.94957e-01
2.169476383e+00,1.68324e-116,9.99990e-01,9.99999e-01,1.73057e-116,9.76332e-01,9.96233e-01
2.180323765e+00,1.20325e-72,9.99994e-01,9.99999e-01,1.23523e-72,9.76794e-01,9.97251e-01
2.191225384e+00,7.81458e-37,9.99994e-01,9.99999e-01,8.01486e-37,9.77247e-01,9.97713e-01
2.202181511e+00,6.58999e-24,9.99995e-01,9.99999e-01,6.75233e-24,9.77692e-01,9.98226e-01
2.213192418e+00,1.24518e-12,9.99996e-01,9.99999e-01,1.27461e-12,9.78127e-01,9.98757e-01
2.224258381e+00,2.42597e-08,9.99996e-01,9.99999e-01,2.48109e-08,9.78555e-01,9.99213e-01
2.235379672e+00,6.17189e-06,9.99997e-01,9.99999e-01,6.30729e-06,9.78974e-01,9.99549e-01
2.246556571e+00,2.96549e-04,9.99998e-01,9.99999e-01,3.02868e-04,9.79385e-01,9.99746e-01
2.257789354e+00,5.69353e-03,9.99998e-01,9.99999e-01,5.81179e-03,9.79788e-01,9.99859e-01
2.269078300e+00,9.54197e-03,9.99999e-01,9.99999e-01,9.73560e-03,9.80183e-01,9.99925e-01
2.280423692e+00,1.21945e-02,9.99999e-01,9.99999e-01,1.24366e-02,9.80571e-01,9.99956e-01
2.291825810e+00,5.25727e-02,9.99999e-01,9.99999e-01,5.35949e-02,9.80951e-01,9.99974e-01
2.303284939e+00,9.70621e-02,9.99999e-01,9.99999e-01,9.89106e-02,9.81323e-01,9.99985e-01
2.314801364e+00,1.25182e-01,9.99999e-01,9.99999e-01,1.27518e-01,9.81689e-01,9.99990e-01
2.326375371e+00,2.49664e-01,9.99999e-01,9.99999e-01,2.54228e-01,9.82047e-01,9.99999e-01
2.338007248e+00,2.20583e-01,9.99999e-01,9.99999e-01,2.24535e-01,9.82399e-01,9.99999e-01
2.349697284e+00,2.69538e-01,9.99999e-01,9.99999e-01,2.74271e-01,9.82743e-01,9.99999e-01
2.361445770e+00,3.47996e-01,9.99999e-01,9.99999e-01,3.53985e-01,9.83081e-01,9.99999e-01
2.373252999e+00,3.85393e-01,9.99999e-01,9.99999e-01,3.91893e-01,9.83413e-01,9.99999e-01
2.385119264e+00,6.52883e-01,9.99999e-01,9.99999e-01,6.63676e-01,9.83738e-01,9.99999e-01
2.397044861e+00,8.30366e-01,9.99999e-01,9.99999e-01,8.43819e-01,9.84056e-01,9.99999e-01
2.409030085e+00,7.33050e-01,9.99999e-01,9.99999e-01,7.44689e-01,9.84369e-01,9.99999e-01
2.421075235e+00,5.92913e-01,9.99999e-01,9.99999e-01,6.02140e-01,9.84675e-01,9.99999e-01
2.433180612e+00,7.69246e-02,9.99999e-01,9.99999e-01,7.80979e-02,9.84976e-01,9.99999e-01
2.445346515e+00,2.85472e-01,9.99999e-01,9.99999e-01,2.89740e-01,9.85270e-01,9.99999e-01
2.457573247e+00,3.71674e-03,9.99999e-01,9.99999e-01,3.77120e-03,9.85559e-01,9.99999e-01
2.469861113e+00,3.37636e-15,9.99999e-01,9.99999e-01,3.42484e-15,9.85842e-01,9.99999e-01
2.482210419e+00,1.79924e-68,9.99999e-01,9.99999e-01,1.82456e-68,9.86120e-01,9.99999e-01
2.494621471e+00,6.13250e-107,9.99999e-01,9.99999e-01,6.21710e-107,9.86392e-01,9.99999e-01
2.507094578e+00,4.76167e-104,9.99999e-01,9.99999e-01,4.82605e-104,9.86659e-01,9.99999e-01
2.519630051e+00,4.60921e-138,9.99999e-01,9.99999e-01,4.67029e-138,9.86921e-01,9.99999e-01
2.532228202e+00,2.06385e-186,9.99999e-01,9.99999e-01,2.09065e-186,9.87177e-01,9.99999e-01
2.544889343e+00,1.49330e-183,9.99999e-01,9.99999e-01,1.51231e-183,9.87429e-01,9.99999e-01
2.557613789e+00,1.10640e-217,9.99999e-01,9.99999e-01,1.12020e-217,9.87676e-01,9.99999e-01
2.570401858e+00,0.00000e+00,9.99999e-01,9.99999e-01,0.00000e+00,9.87918e-01,9.99999e-01
2.583253867e+00,0.00000e+00,9.99999e-01,9.99999e-01,0.00000e+00,9.88155e-01,9.99999e-01
2.596170137e+00,0.00000e+00,9.99999e-01,9.99999e-01,0.00000e+00,9.88388e-01,9.99999e-01
2.609150988e+00,0.00000e+00,9.99999e-01,9.99999e-01,0.00000e+00,9.88616e-01,9.99999e-01
2.622196742e+00,0.00000e+00,9.99999e-01,9.99999e-01,0.00000e+00,9.88839e-01,9.99999e-01
2.635307726e+00,0.00000e+00,9.99999e-01,9.99999e-01,0.00000e+00,9.89058e-01,9.99999e-01
2.648484265e+00,0.00000e+00,9.99999e-01,9.99999e-01,0.00000e+00,9.89273e-01,9.99999e-01
2.661726686e+00,0.00000e+00,9.99999e-01,9.99999e-01,0.00000e+00,9.89484e-01,9.99999e-01
2.675035320e+00,0.00000e+00,9.99999e-01,9.99999e-01,0.00000e+00,9.89691e-01,9.99999e-01
2.688410496e+00,0.00000e+00,9.99999e-01,9.99999e-01,0.00000e+00,9.89893e-01,9.99999e-01
2.701852549e+00,0.00000e+00,9.99999e-01,9.99999e-01,0.00000e+00,9.90092e-01,9.99999e-01
2.715361811e+00,0.00000e+00,9.99999e-01,9.99999e-01,0.00000e+00,9.90287e-01,9.99999e-01
2.728938620e+00,0.00000e+00,9.99999e-01,9.99999e-01,0.00000e+00,9.90478e-01,9.99999e-01
2.742583314e+00,0.00000e+00,9.99999e-01,9.99999e-01,0.00000e+00,9.90665e-01,9.99999e-01
2.756296230e+00,0.00000e+00,9.99999e-01,9.99999e-01,0.00000e+00,9.90848e-01,9.99999e-01
2.770077711e+00,0.00000e+00,9.99999e-01,9.99999e-01,0.00000e+00,9.91028e-01,9.99999e-01
2.783928100e+00,0.00000e+00,9.99999e-01,9.99999e-01,0.00000e+00,9.91205e-01,9.99999e-01
2.797847740e+00,0.00000e+00,9.99999e-01,9.99999e-01,0.00000e+00,9.91378e-01,9.99999e-01
2.811836979e+00,0.00000e+00,9.99999e-01,9.99999e-01,0.00000e+00,9.91547e-01,9.99999e-01
2.825896164e+00,0.00000e+00,9.99999e-01,9.99999e-01,0.00000e+00,9.91713e-01,9.99999e-01
2.840025645e+00,0.00000e+00,9.99999e-01,9.99999e-01,0.00000e+00,9.91876e-01,9.99999e-01
2.854225773e+00,0.00000e+00,9.99999e-01,9.99999e-01,0.00000e+00,9.92036e-01,9.99999e-01
2.868496902e+00,0.00000e+00,9.99999e-01,9.99999e-01,0.00000e+00,9.92193e-01,9.99999e-01
2.882839386e+00,0.00000e+00,9.99999e-01,9.99999e-01,0.00000e+00,9.92347e-01,9.99999e-01
2.897253583e+00,0.00000e+00,9.99999e-01,9.99999e-01,0.00000e+00,9.92497e-01,9.99999e-01
2.911739851e+00,0.00000e+00,9.99999e-01,9.99999e-01,0.00000e+00,9.92645e-01,9.99999e-01
2.926298550e+00,0.00000e+00,9.99999e-01,9.99999e-01,0.00000e+00,9.92789e-01,9.99999e-01
2.940930043e+00,0.00000e+00,9.99999e-01,9.99999e-01,0.00000e+00,9.92931e-01,9.99999e-01
2.955634693e+00,0.00000e+00,9.99999e-01,9.99999e-01,0.00000e+00,9.93071e-01,9.99999e-01
2.970412867e+00,0.00000e+00,9.99999e-01,9.99999e-01,0.00000e+00,9.93207e-01,9.99999e-01
2.985264931e+00,0.00000e+00,9.99999e-01,9.99999e-01,0.00000e+00,9.93341e-01,9.99999e-01
3.000191256e+00,0.00000e+00,9.99999e-01,9.99999e-01,0.00000e+00,9.93472e-01,9.99999e-01
3.015192212e+00,0.00000e+00,9.99999e-01,9.99999e-01,0.00000e+00,9.93600e-01,9.99999e-01
3.030268173e+00,0.00000e+00,9.99999e-01,9.99999e-01,0.00000e+00,9.93726e-01,9.99999e-01
3.045419514e+00,5.36894e-273,9.99999e-01,9.99999e-01,5.40216e-273,9.93850e-01,9.99999e-01
3.060646612e+00,6.78728e-125,9.99999e-01,9.99999e-01,6.82845e-125,9.93971e-01,9.99999e-01
3.075949845e+00,3.50140e-100,9.99999e-01,9.99999e-01,4.12994e-99,9.94090e-01,8.52847e-02
3.091329594e+00,1.55783e-96,9.99999e-01,9.99999e-01,5.52364e-94,9.94206e-01,2.83673e-03
3.106786242e+00,3.10411e-100,9.99999e-01,9.99999e-01,2.73386e-93,9.94320e-01,1.14192e-07
3.122320173e+00,4.62715e-84,9.99999e-01,9.99999e-01,8.82989e-65,9.94432e-01,5.26965e-20
3.137931774e+00,6.46390e-73,9.99999e-01,9.99999e-01,9.04548e-64,9.94542e-01,7.18520e-10
3.153621433e+00,4.20287e-68,9.99999e-01,9.99999e-01,9.60510e-66,9.94649e-01,4.39919e-03
3.169389540e+00,8.79105e-98,9.99999e-01,9.99999e-01,3.21825e-88,9.94754e-01,2.74602e-10
3.185236488e+00,1.50084e-86,9.99999e-01,9.99999e-01,7.26668e-71,9.94858e-01,2.07605e-16
3.201162670e+00,4.04791e-84,9.99999e-01,9.99999e-01,1.37384e-56,9.94959e-01,2.96134e-28
3.217168483e+00,4.03936e-94,9.99999e-01,9.99999e-01,2.06860e-54,9.95058e-01,1.96239e-40
3.233254326e+00,4.40700e-106,9.99999e-01,9.99999e-01,6.02164e-46,9.95156e-01,7.35421e-61
3.249420598e+00,4.57234e-125,9.99999e-01,9.99999e-01,2.65184e-26,9.95251e-01,1.73244e-99
3.265667701e+00,8.57491e-182,9.99999e-01,9.99999e-01,1.01568e-22,9.95345e-01,8.48197e-160
3.281996039e+00,1.20158e-266,9.99999e-01,9.99999e-01,4.75246e-17,9.95436e-01,2.53992e-250
3.298406019e+00,0.00000e+00,9.99999e-01,9.99999e-01,1.24006e-14,9.95526e-01,0.00000e+00
3.314898049e+00,0.00000e+00,9.99999e-01,9.99999e-01,3.13314e-14,9.95615e-01,0.00000e+00
3.331472540e+00,0.00000e+00,9.99999e-01,9.99999e-01,1.31190e-13,9.95701e-01,0.00000e+00
3.348129902e+00,2.08247e-310,9.99999e-01,9.99999e-01,8.08787e-11,9.95786e-01,2.58569e-300
3.364870552e+00,7.45127e-214,9.99999e-01,9.99999e-01,2.29276e-10,9.95869e-01,3.26338e-204
3.381694905e+00,4.15620e-134,9.99999e-01,9.99999e-01,5.91592e-09,9.95950e-01,7.05401e-126
3.398603379e+00,8.29876e-82,9.99999e-01,9.99999e-01,6.33853e-07,9.96030e-01,1.31447e-75
3.415596396e+00,5.50094e-50,9.99999e-01,9.99999e-01,1.49657e-06,9.96108e-01,3.69006e-44
3.432674378e+00,9.31877e-34,9.99999e-01,9.99999e-01,1.22186e-07,9.96185e-01,7.65588e-27
3.449837750e+00,6.76024e-22,9.99999e-01,9.99999e-01,3.69824e-10,9.96260e-01,1.83482e-12
3.467086939e+00,4.71848e-20,9.99999e-01,9.99999e-01,5.86979e-18,9.96334e-01,8.06815e-03
3.484422373e+00,1.90711e-24,9.99999e-01,9.99999e-01,4.14785e-24,9.96406e-01,4.61440e-01
3.501844485e+00,1.34069e-35,9.99999e-01,9.99999e-01,1.01924e-34,9.96477e-01,1.32003e-01
3.519353708e+00,8.14551e-42,9.99999e-01,9.99999e-01,8.18897e-42,9.96546e-01,9.98138e-01
3.536950476e+00,5.17084e-52,9.99999e-01,9.99999e-01,5.20703e-52,9.96614e-01,9.96421e-01
3.554635228e+00,6.82612e-51,9.99999e-01,9.99999e-01,6.90489e-51,9.96681e-01,9.91881e-01
3.572408405e+00,7.56362e-42,9.99999e-01,9.99999e-01,7.69303e-42,9.96747e-01,9.86385e-01
3.590270447e+00,2.58726e-39,9.99999e-01,9.99999e-01,2.61668e-39,9.96811e-01,9.91916e-01
3.608221799e+00,6.67501e-28,9.99999e-01,9.99999e-01,6.72789e-28,9.96874e-01,9.95251e-01
3.626262908e+00,6.14612e-16,9.99999e-01,9.99999e-01,6.17803e-16,9.96935e-01,9.97891e-01
3.644394222e+00,1.29050e-12,9.99999e-01,9.99999e-01,1.29739e-12,9.96996e-01,9.97682e-01
3.662616193e+00,1.98985e-06,9.99999e-01,9.99999e-01,2.00466e-06,9.97055e-01,9.95543e-01
3.680929274e+00,1.78952e-03,9.99999e-01,9.99999e-01,1.81700e-03,9.97113e-01,9.87725e-01
3.699333921e+00,4.39644e-02,9.99999e-01,9.99999e-01,4.51711e-02,9.97170e-01,9.76046e-01
3.717830590e+00,2.12868e-02,9.99999e-01,9.99999e-01,2.23318e-02,9.97226e-01,9.55858e-01
3.736419743e+00,1.94312e-04,9.99998e-01,9.99999e-01,2.08617e-04,9.97280e-01,9.33964e-01
3.755101842e+00,8.62058e-14,9.99998e-01,9.99999e-01,9.21289e-14,9.97334e-01,9.38208e-01
3.773877351e+00,1.50854e-31,9.99997e-01,9.99999e-01,1.58092e-31,9.97387e-01,9.56714e-01
3.792746738e+00,6.60455e-80,9.99995e-01,9.99999e-01,6.82492e-80,9.97438e-01,9.70196e-01
3.811710472e+00,4.77299e-52,9.99992e-01,9.99999e-01,4.92450e-52,9.97489e-01,9.71676e-01
3.830769024e+00,7.26893e-52,9.99988e-01,9.99999e-01,7.52133e-52,9.97538e-01,9.68830e-01
3.849922869e+00,1.45313e-71,9.99978e-01,9.99999e-01,1.51327e-71,9.97587e-01,9.62589e-01
3.869172484e+00,2.14238e-44,9.99970e-01,9.99999e-01,2.26241e-44,9.97634e-01,9.49199e-01
3.888518346e+00,5.26772e-19,9.99948e-01,9.99999e-01,5.67431e-19,9.97681e-01,9.30520e-01
3.907960938e+00,6.77122e-15,9.99936e-01,9.99999e-01,7.48462e-15,9.97727e-01,9.06775e-01
3.927500742e+00,3.43480e-15,9.99890e-01,9.99999e-01,3.90089e-15,9.97772e-01,8.82524e-01
3.947138246e+00,3.45163e-22,9.99847e-01,9.99999e-01,3.99840e-22,9.97816e-01,8.65191e-01
3.966873937e+00,1.10164e-33,9.99825e-01,9.99999e-01,1.31391e-33,9.97859e-01,8.40300e-01
3.986708307e+00,1.93984e-52,9.99716e-01,9.99999e-01,2.42341e-52,9.97901e-01,8.02220e-01
4.006641849e+00,1.26430e-95,9.99628e-01,9.99999e-01,1.67661e-95,9.97942e-01,7.55722e-01
4.026675058e+00,0.00000e+00,9.99694e-01,9.99999e-01,0.00000e+00,9.97983e-01,7.05204e-01
4.046808433e+00,0.00000e+00,9.99678e-01,9.99999e-01,0.00000e+00,9.98023e-01,6.54387e-01
4.067042475e+00,0.00000e+00,9.99542e-01,9.99999e-01,0.00000e+00,9.98062e-01,6.06963e-01
4.087377688e+00,0.00000e+00,9.99463e-01,9.99999e-01,0.00000e+00,9.98100e-01,5.65579e-01
4.107814576e+00,0.00000e+00,9.99373e-01,9.99999e-01,0.00000e+00,9.98137e-01,5.33851e-01
4.128353649e+00,0.00000e+00,9.99368e-01,9.99999e-01,0.00000e+00,9.98174e-01,5.13839e-01
4.148995417e+00,0.00000e+00,9.99563e-01,9.99999e-01,0.00000e+00,9.98210e-01,5.04646e-01
4.169740394e+00,0.00000e+00,9.99595e-01,9.99999e-01,0.00000e+00,9.98245e-01,5.06308e-01
4.190589096e+00,0.00000e+00,9.99624e-01,9.99999e-01,0.00000e+00,9.98280e-01,5.14677e-01
4.211542042e+00,0.00000e+00,9.99652e-01,9.99999e-01,0.00000e+00,9.98314e-01,5.16998e-01
4.232599752e+00,0.00000e+00,9.99788e-01,9.99999e-01,0.00000e+00,9.98347e-01,5.03356e-01
4.253762751e+00,0.00000e+00,9.99851e-01,9.99999e-01,0.00000e+00,9.98380e-01,4.62942e-01
4.275031564e+00,0.00000e+00,9.99755e-01,9.99999e-01,0.00000e+00,9.98412e-01,3.95667e-01
4.296406722e+00,0.00000e+00,9.97627e-01,9.99999e-01,0.00000e+00,9.98443e-01,3.75948e-01
4.317888756e+00,0.00000e+00,9.99535e-01,9.99999e-01,0.00000e+00,9.98474e-01,4.30371e-01
4.339478200e+00,0.00000e+00,9.99725e-01,9.99999e-01,0.00000e+00,9.98504e-01,5.16810e-01
4.361175591e+00,0.00000e+00,9.99777e-01,9.99999e-01,0.00000e+00,9.98533e-01,5.76117e-01
4.382981469e+00,0.00000e+00,9.99763e-01,9.99999e-01,0.00000e+00,9.98562e-01,6.08287e-01
4.404896376e+00,0.00000e+00,9.99669e-01,9.99999e-01,0.00000e+00,9.98591e-01,6.27188e-01
4.426920858e+00,0.00000e+00,9.99666e-01,9.99999e-01,0.00000e+00,9.98618e-01,6.43709e-01
4.449055462e+00,0.00000e+00,9.99768e-01,9.99999e-01,0.00000e+00,9.98646e-01,6.62894e-01
4.471300739e+00,0.00000e+00,9.99757e-01,9.99999e-01,0.00000e+00,9.98672e-01,6.86703e-01
4.493657243e+00,0.00000e+00,9.99790e-01,9.99999e-01,0.00000e+00,9.98699e-01,7.15105e-01
4.516125529e+00,0.00000e+00,9.99800e-01,9.99999e-01,0.00000e+00,9.98724e-01,7.46205e-01
4.538706157e+00,0.00000e+00,9.99763e-01,9.99999e-01,0.00000e+00,9.98749e-01,7.79334e-01
4.561399688e+00,0.00000e+00,9.99834e-01,9.99999e-01,0.00000e+00,9.98774e-01,8.12358e-01
4.584206686e+00,0.00000e+00,9.99869e-01,9.99999e-01,0.00000e+00,9.98798e-01,8.43547e-01
4.607127720e+00,0.00000e+00,9.99871e-01,9.99999e-01,0.00000e+00,9.98822e-01,8.72125e-01
4.630163358e+00,0.00000e+00,9.99918e-01,9.99999e-01,0.00000e+00,9.98845e-01,8.97455e-01
4.653314175e+00,0.00000e+00,9.99923e-01,9.99999e-01,0.00000e+00,9.98868e-01,9.18510e-01
4.676580746e+00,0.00000e+00,9.99926e-01,9.99999e-01,0.00000e+00,9.98890e-01,9.35790e-01
4.699963650e+00,0.00000e+00,9.99960e-01,9.99999e-01,0.00000e+00,9.98912e-01,9.49875e-01
4.723463468e+00,0.00000e+00,9.99952e-01,9.99999e-01,0.00000e+00,9.98934e-01,9.61064e-01
4.747080785e+00,0.00000e+00,9.99975e-01,9.99999e-01,0.00000e+00,9.98955e-01,9.69642e-01
4.770816189e+00,0.00000e+00,9.99976e-01,9.99999e-01,0.00000e+00,9.98975e-01,9.76458e-01
4.794670270e+00,0.00000e+00,9.99975e-01,9.99999e-01,0.00000e+00,9.98996e-01,9.81809e-01
4.818643622e+00,0.00000e+00,9.99988e-01,9.99999e-01,0.00000e+00,9.99015e-01,9.86065e-01
4.842736840e+00,0.00000e+00,9.99989e-01,9.99999e-01,0.00000e+00,9.99035e-01,9.89272e-01
4.866950524e+00,0.00000e+00,9.99993e-01,9.99999e-01,0.00000e+00,9.99054e-01,9.91647e-01
4.891285276e+00,0.00000e+00,9.99994e-01,9.99999e-01,0.00000e+00,9.99072e-01,9.93594e-01
4.915741703e+00,0.00000e+00,9.99996e-01,9.99999e-01,0.00000e+00,9.99091e-01,9.95096e-01
4.940320411e+00,0.00000e+00,9.99996e-01,9.99999e-01,0.00000e+00,9.99109e-01,9.96208e-01
4.965022013e+00,0.00000e+00,9.99997e-01,9.99999e-01,0.00000e+00,9.99126e-01,9.97090e-01
4.989847123e+00,0.00000e+00,9.99998e-01,9.99999e-01,0.00000e+00,9.99144e-01,9.97835e-01
5.014796359e+00,0.00000e+00,9.99998e-01,9.99999e-01,0.00000e+00,9.99160e-01,9.98452e-01
5.039870341e+00,0.00000e+00,9.99998e-01,9.99999e-01,0.00000e+00,9.99177e-01,9.98926e-01
5.065069693e+00,0.00000e+00,9.99998e-01,9.99999e-01,0.00000e+00,9.99193e-01,9.99285e-01
5.090395041e+00,0.00000e+00,9.99999e-01,9.99999e-01,0.00000e+00,9.99209e-01,9.99600e-01
5.115847016e+00,0.00000e+00,9.99999e-01,9.99999e-01,0.00000e+00,9.99225e-01,9.99770e-01
5.141426251e+00,0.00000e+00,9.99999e-01,9.99999e-01,0.00000e+00,9.99240e-01,9.99755e-01
5.167133383e+00,0.00000e+00,9.99999e-01,9.99999e-01,0.00000e+00,9.99255e-01,9.99907e-01
5.192969049e+00,0.00000e+00,9.99999e-01,9.99999e-01,0.00000e+00,9.99270e-01,9.99925e-01
5.218933895e+00,0.00000e+00,9.99999e-01,9.99999e-01,0.00000e+00,9.99284e-01,9.99821e-01
5.245028564e+00,0.00000e+00,9.99999e-01,9.99999e-01,0.00000e+00,9.99298e-01,9.99840e-01
5.271253707e+00,0.00000e+00,9.99999e-01,9.99999e-01,0.00000e+00,9.99312e-01,9.99882e-01
5.297609976e+00,0.00000e+00,9.99999e-01,9.99999e-01,0.00000e+00,9.99326e-01,9.99872e-01
5.324098025e+00,0.00000e+00,9.99999e-01,9.99999e-01,0.00000e+00,9.99339e-01,9.99937e-01
5.350718516e+00,0.00000e+00,9.99999e-01,9.99999e-01,0.00000e+00,9.99352e-01,9.99206e-01
5.377472108e+00,0.00000e+00,9.99999e-01,9.99999e-01,0.00000e+00,9.99365e-01,9.99309e-01
5.404359469e+00,0.00000e+00,9.99999e-01,9.99999e-01,0.00000e+00,9.99377e-01,9.99999e-01
5.431381266e+00,0.00000e+00,9.99999e-01,9.99999e-01,0.00000e+00,9.99389e-01,9.99999e-01
5.458538172e+00,0.00000e+00,9.99999e-01,9.99999e-01,0.00000e+00,9.99402e-01,9.99999e-01
5.485830863e+00,0.00000e+00,9.99999e-01,9.99999e-01,0.00000e+00,9.99413e-01,9.99999e-01
5.513260018e+00,2.33785e-258,9.99999e-01,9.99999e-01,2.33919e-258,9.99425e-01,9.99999e-01
5.540826318e+00,2.26140e-171,9.99999e-01,9.99999e-01,2.26267e-171,9.99436e-01,9.99999e-01
5.568530449e+00,1.47646e-129,9.99999e-01,9.99999e-01,1.53326e-129,9.99447e-01,9.63486e-01
5.596373101e+00,1.03250e-95,9.99999e-01,9.99999e-01,1.09185e-95,9.99458e-01,9.46157e-01
5.624354967e+00,1.54363e-84,9.99999e-01,9.99999e-01,1.66366e-84,9.99469e-01,9.28341e-01
5.652476742e+00,1.03533e-71,9.99999e-01,9.99999e-01,1.14468e-71,9.99479e-01,9.04940e-01
5.680739126e+00,1.39593e-64,9.99999e-01,9.99999e-01,1.59356e-64,9.99490e-01,8.76425e-01
5.709142821e+00,2.87658e-61,9.99999e-01,9.99999e-01,3.42656e-61,9.99500e-01,8.39915e-01
5.737688535e+00,4.37066e-63,9.99999e-01,9.99999e-01,5.52762e-63,9.99510e-01,7.91080e-01
5.766376978e+00,1.95034e-55,9.99999e-01,9.99999e-01,2.65890e-55,9.99519e-01,7.33863e-01
5.795208863e+00,1.71206e-40,9.99999e-01,9.99999e-01,2.57919e-40,9.99529e-01,6.64112e-01
5.824184907e+00,1.75081e-29,9.99999e-01,9.99999e-01,3.03540e-29,9.99538e-01,5.77063e-01
5.853305832e+00,5.19803e-30,9.99999e-01,9.99999e-01,1.07490e-29,9.99547e-01,4.83801e-01
5.882572361e+00,5.23726e-35,9.99999e-01,9.99999e-01,1.36880e-34,9.99556e-01,3.82785e-01
5.911985223e+00,1.41062e-30,9.99999e-01,9.99999e-01,5.01546e-30,9.99565e-01,2.81377e-01
5.941545149e+00,1.27616e-16,9.99999e-01,9.99999e-01,6.63839e-16,9.99573e-01,1.92322e-01
5.971252874e+00,6.02068e-11,9.99999e-01,9.99999e-01,5.32982e-10,9.99582e-01,1.13009e-01
6.001109139e+00,2.59027e-09,9.99999e-01,9.99999e-01,4.61213e-08,9.99590e-01,5.61850e-02
6.031114685e+00,1.51557e-10,9.99999e-01,9.99999e-01,6.40034e-09,9.99598e-01,2.36890e-02
6.061270258e+00,7.42962e-14,9.99999e-01,9.99999e-01,9.64880e-12,9.99606e-01,7.70307e-03
6.091576609e+00,2.89958e-19,9.99999e-01,9.99999e-01,1.80967e-16,9.99614e-01,1.60288e-03
6.122034492e+00,6.86032e-25,9.99999e-01,9.99999e-01,3.36551e-21,9.99621e-01,2.03919e-04
6.152644665e+00,1.16493e-33,9.99999e-01,9.99999e-01,7.30635e-29,9.99629e-01,1.59500e-05
6.183407888e+00,1.40855e-39,9.99999e-01,9.99999e-01,2.42055e-33,9.99636e-01,5.82123e-07
6.214324928e+00,1.26650e-43,9.99999e-01,9.99999e-01,1.59770e-35,9.99643e-01,7.92987e-09
6.245396552e+00,1.29279e-37,9.99999e-01,9.99999e-01,4.26843e-27,9.99650e-01,3.02977e-11
6.276623535e+00,2.34266e-38,9.99999e-01,9.99999e-01,1.03020e-24,9.99657e-01,2.27476e-14
6.308006653e+00,1.66472e-43,9.99999e-01,9.99999e-01,7.69376e-26,9.99664e-01,2.16444e-18
6.339546686e+00,2.08297e-57,9.99999e-01,9.99999e-01,1.32720e-34,9.99671e-01,1.56996e-23
6.371244419e+00,1.44907e-68,9.99999e-01,9.99999e-01,2.94027e-39,9.99677e-01,4.92992e-30
6.403100641e+00,1.64016e-65,9.99999e-01,9.99999e-01,1.13810e-28,9.99683e-01,1.44159e-37
6.435116145e+00,1.87480e-59,9.99999e-01,9.99999e-01,2.14383e-13,9.99690e-01,8.74781e-47
6.467291725e+00,4.76681e-70,9.99999e-01,9.99999e-01,3.38524e-07,9.99696e-01,1.40854e-63
6.499628184e+00,1.48758e-83,9.99999e-01,9.99999e-01,1.07298e-03,9.99702e-01,1.38681e-80
6.532126325e+00,1.92530e-101,9.99999e-01,9.99999e-01,1.67631e-02,9.99708e-01,1.14887e-99
6.564786956e+00,6.58873e-129,9.99999e-01,9.99999e-01,5.51787e-02,9.99713e-01,1.19441e-127
6.597610891e+00,6.00192e-157,9.99999e-01,9.99999e-01,9.20847e-02,9.99719e-01,6.51965e-156
6.630598946e+00,8.37790e-197,9.99999e-01,9.99999e-01,1.24904e-01,9.99725e-01,6.70929e-196
6.663751940e+00,4.22477e-239,9.99999e-01,9.99999e-01,1.24759e-01,9.99730e-01,3.38725e-238
6.697070700e+00,8.89033e-294,9.99999e-01,9.99999e-01,7.08666e-02,9.99735e-01,1.25485e-292
6.730556054e+00,0.00000e+00,9.99999e-01,9.99999e-01,2.47448e-02,9.99740e-01,0.00000e+00
6.764208834e+00,0.00000e+00,9.99999e-01,9.99999e-01,3.71421e-03,9.99746e-01,0.00000e+00
6.798029878e+00,0.00000e+00,9.99999e-01,9.99999e-01,2.25410e-04,9.99751e-01,0.00000e+00
6.832020027e+00,0.00000e+00,9.99999e-01,9.99999e-01,3.13706e-06,9.99755e-01,0.00000e+00
6.866180128e+00,0.00000e+00,9.99999e-01,9.99999e-01,3.15057e-09,9.99760e-01,0.00000e+00
6.900511028e+00,0.00000e+00,9.99999e-01,9.99999e-01,5.18024e-13,9.99765e-01,0.00000e+00
6.935013583e+00,0.00000e+00,9.99999e-01,9.99999e-01,2.31833e-21,9.99770e-01,0.00000e+00
6.969688651e+00,0.00000e+00,9.99999e-01,9.99999e-01,3.58330e-30,9.99774e-01,0.00000e+00
7.004537095e+00,0.00000e+00,9.99999e-01,9.99999e-01,1.41946e-47,9.99779e-01,0.00000e+00
7.039559780e+00,0.00000e+00,9.99999e-01,9.99999e-01,2.60338e-61,9.99783e-01,0.00000e+00
7.074757579e+00,0.00000e+00,9.99999e-01,9.99999e-01,2.74606e-84,9.99787e-01,0.00000e+00
7.110131367e+00,0.00000e+00,9.99999e-01,9.99999e-01,3.92040e-98,9.99791e-01,0.00000e+00
7.145682024e+00,0.00000e+00,9.99999e-01,9.99999e-01,3.19585e-117,9.99796e-01,0.00000e+00
7.181410434e+00,0.00000e+00,9.99999e-01,9.99999e-01,6.79423e-128,9.99800e-01,0.00000e+00
7.217317486e+00,0.00000e+00,9.99999e-01,9.99999e-01,2.62998e-134,9.99803e-01,0.00000e+00
7.253404073e+00,0.00000e+00,9.99999e-01,9.99999e-01,1.60687e-132,9.99807e-01,0.00000e+00
7.289671094e+00,0.00000e+00,9.99999e-01,9.99999e-01,4.00228e-105,9.99811e-01,0.00000e+00
7.326119449e+00,0.00000e+00,9.99999e-01,9.99999e-01,3.18138e-99,9.99815e-01,0.00000e+00
7.362750046e+00,0.00000e+00,9.99999e-01,9.99999e-01,6.55074e-108,9.99818e-01,0.00000e+00
7.399563797e+00,0.00000e+00,9.99999e-01,9.99999e-01,4.22937e-107,9.99822e-01,0.00000e+00
7.436561616e+00,0.00000e+00,9.99999e-01,9.99999e-01,3.03054e-89,9.99826e-01,0.00000e+00
7.473744424e+00,0.00000e+00,9.99999e-01,9.99999e-01,8.12466e-59,9.99829e-01,0.00000e+00
7.511113146e+00,0.00000e+00,9.99999e-01,9.99999e-01,2.17699e-41,9.99832e-01,0.00000e+00
7.548668712e+00,0.00000e+00,9.99999e-01,9.99999e-01,2.37991e-25,9.99836e-01,0.00000e+00
7.586412055e+00,0.00000e+00,9.99999e-01,9.99999e-01,3.13474e-21,9.99839e-01,0.00000e+00
7.624344115e+00,0.00000e+00,9.99999e-01,9.99999e-01,9.77641e-21,9.99842e-01,0.00000e+00
7.662465836e+00,0.00000e+00,9.99999e-01,9.99999e-01,8.49910e-24,9.99845e-01,0.00000e+00
7.700778165e+00,0.00000e+00,9.99999e-01,9.99999e-01,8.16714e-32,9.99848e-01,0.00000e+00
7.739282056e+00,0.00000e+00,9.99999e-01,9.99999e-01,2.04394e-52,9.99851e-01,0.00000e+00
7.777978466e+00,0.00000e+00,9.99999e-01,9.99999e-01,4.82661e-70,9.99854e-01,0.00000e+00
7.816868359e+00,0.00000e+00,9.99999e-01,9.99999e-01,1.62135e-94,9.99857e-01,0.00000e+00
7.855952700e+00,0.00000e+00,9.99999e-01,9.99999e-01,1.13328e-96,9.99860e-01,0.00000e+00
7.895232464e+00,0.00000e+00,9.99999e-01,9.99999e-01,2.58050e-81,9.99862e-01,0.00000e+00
7.934708626e+00,0.00000e+00,9.99999e-01,9.99999e-01,5.83852e-75,9.99865e-01,0.00000e+00
7.974382169e+00,0.00000e+00,9.99999e-01,9.99999e-01,2.10946e-82,9.99868e-01,0.00000e+00
8.014254080e+00,0.00000e+00,9.99999e-01,9.99999e-01,1.82341e-99,9.99870e-01,0.00000e+00
8.054325351e+00,0.00000e+00,9.99999e-01,9.99999e-01,8.43999e-102,9.99873e-01,0.00000e+00
8.094596977e+00,0.00000e+00,9.99999e-01,9.99999e-01,2.06947e-97,9.99875e-01,0.00000e+00
8.135069962e+00,0.00000e+00,9.99999e-01,9.99999e-01,3.39050e-88,9.99878e-01,0.00000e+00
8.175745312e+00,0.00000e+00,9.99999e-01,9.99999e-01,4.46121e-73,9.99880e-01,0.00000e+00
8.216624039e+00,0.00000e+00,9.99999e-01,9.99999e-01,3.24899e-63,9.99883e-01,0.00000e+00
8.257707159e+00,2.05873e-311,9.99999e-01,9.99999e-01,4.16740e-50,9.99885e-01,4.94063e-262
8.298995695e+00,2.93764e-245,9.99999e-01,9.99999e-01,2.09024e-45,9.99887e-01,1.40556e-200
8.340490673e+00,5.13742e-193,9.99999e-01,9.99999e-01,5.08288e-42,9.99889e-01,1.01084e-151
8.382193126e+00,6.19925e-153,9.99999e-01,9.99999e-01,4.69407e-39,9.99892e-01,1.32080e-114
8.424104092e+00,9.73979e-118,9.99999e-01,9.99999e-01,1.74446e-31,9.99894e-01,5.58385e-87
8.466224613e+00,3.46397e-90,9.99999e-01,9.99999e-01,1.08123e-24,9.99896e-01,3.20407e-66
8.508555736e+00,1.69370e-61,9.99999e-01,9.99999e-01,1.23226e-14,9.99898e-01,1.37460e-47
8.551098514e+00,1.74198e-45,9.99999e-01,9.99999e-01,1.08364e-10,9.99900e-01,1.60769e-35
8.593854007e+00,1.42011e-37,9.99999e-01,9.99999e-01,2.79880e-10,9.99902e-01,5.07450e-28
8.636823277e+00,8.64412e-33,9.99999e-01,9.99999e-01,5.58386e-12,9.99904e-01,1.54820e-21
8.680007393e+00,2.04966e-29,9.99999e-01,9.99999e-01,1.28261e-13,9.99906e-01,1.59819e-16
8.723407430e+00,8.53489e-27,9.99999e-01,9.99999e-01,1.39416e-14,9.99907e-01,6.12244e-13
8.767024467e+00,3.75511e-26,9.99999e-01,9.99999e-01,1.03871e-16,9.99909e-01,3.61549e-10
8.810859590e+00,2.82331e-61,9.99999e-01,9.99999e-01,3.61604e-54,9.99911e-01,7.80843e-08
8.854913888e+00,1.01723e-191,9.99999e-01,9.99999e-01,2.96825e-186,9.99913e-01,3.42733e-06
8.899188457e+00,0.00000e+00,9.99999e-01,9.99999e-01,0.00000e+00,9.99914e-01,6.20689e-05
8.943684399e+00,0.00000e+00,9.99999e-01,9.99999e-01,0.00000e+00,9.99916e-01,6.96959e-04
8.988402821e+00,0.00000e+00,9.99999e-01,9.99999e-01,0.00000e+00,9.99918e-01,3.78430e-03
9.033344836e+00,0.00000e+00,9.99999e-01,9.99999e-01,0.00000e+00,9.99919e-01,1.37412e-02
9.078511560e+00,0.00000e+00,9.99999e-01,9.99999e-01,0.00000e+00,9.99921e-01,3.73088e-02
9.123904118e+00,0.00000e+00,9.99999e-01,9.99999e-01,0.00000e+00,9.99922e-01,7.99002e-02
9.169523638e+00,0.00000e+00,9.99999e-01,9.99999e-01,0.00000e+00,9.99924e-01,1.44037e-01
9.215371256e+00,0.00000e+00,9.99999e-01,9.99999e-01,0.00000e+00,9.99925e-01,2.25619e-01
9.261448113e+00,0.00000e+00,9.99999e-01,9.99999e-01,0.00000e+00,9.99927e-01,3.19304e-01
9.307755353e+00,0.00000e+00,9.99999e-01,9.99999e-01,0.00000e+00,9.99928e-01,4.07558e-01
9.354294130e+00,0.00000e+00,9.99999e-01,9.99999e-01,0.00000e+00,9.99930e-01,5.01735e-01
9.401065601e+00,0.00000e+00,9.99999e-01,9.99999e-01,0.00000e+00,9.99931e-01,5.89295e-01
9.448070929e+00,0.00000e+00,9.99999e-01,9.99999e-01,0.00000e+00,9.99932e-01,6.59786e-01
9.495311283e+00,0.00000e+00,9.99999e-01,9.99999e-01,0.00000e+00,9.99934e-01,7.21107e-01
9.542787840e+00,0.00000e+00,9.99999e-01,9.99999e-01,0.00000e+00,9.99935e-01,7.77875e-01
9.590501779e+00,0.00000e+00,9.99999e-01,9.99999e-01,0.00000e+00,9.99936e-01,8.24823e-01
9.638454288e+00,0.00000e+00,9.99999e-01,9.99999e-01,0.00000e+00,9.99938e-01,8.59487e-01
9.686646559e+00,0.00000e+00,9.99999e-01,9.99999e-01,0.00000e+00,9.99939e-01,8.87770e-01
9.735079792e+00,0.00000e+00,9.99999e-01,9.99999e-01,0.00000e+00,9.99940e-01,9.10648e-01
9.783755191e+00,0.00000e+00,9.99999e-01,9.99999e-01,0.00000e+00,9.99941e-01,9.29047e-01
9.832673967e+00,0.00000e+00,9.99999e-01,9.99999e-01,0.00000e+00,9.99942e-01,9.43780e-01
9.881837337e+00,0.00000e+00,9.99999e-01,9.99999e-01,0.00000e+00,9.99943e-01,9.55520e-01
9.931246523e+00,0.00000e+00,9.99999e-01,9.99999e-01,0.00000e+00,9.99944e-01,9.65650e-01
9.980902756e+00,0.00000e+00,9.99999e-01,9.99999e-01,0.00000e+00,9.99946e-01,9.99999e-01
1.003080727e+01,0.00000e+00,9.99999e-01,9.99999e-01,0.00000e+00,9.99947e-01,9.99999e-01
1.008096131e+01,0.00000e+00,9.99999e-01,9.99999e-01,0.00000e+00,9.99948e-01,9.99999e-01
1.013136611e+01,0.00000e+00,9.99999e-01,9.99999e-01,0.00000e+00,9.99949e-01,9.99999e-01
1.018202294e+01,0.00000e+00,9.99999e-01,9.99999e-01,0.00000e+00,9.99950e-01,9.99999e-01
1.023293306e+01,0.00000e+00,9.99999e-01,9.99999e-01,0.00000e+00,9.99951e-01,9.99999e-01
1.028409772e+01,0.00000e+00,9.99999e-01,9.99999e-01,0.00000e+00,9.99952e-01,9.99999e-01
1.033551821e+01,0.00000e+00,9.99999e-01,9.99999e-01,0.00000e+00,9.99953e-01,9.99999e-01
1.038719580e+01,0.00000e+00,9.99999e-01,9.99999e-01,0.00000e+00,9.99953e-01,9.99999e-01
1.043913178e+01,0.00000e+00,9.99999e-01,9.99999e-01,0.00000e+00,9.99954e-01,9.99999e-01
1.049132744e+01,0.00000e+00,9.99999e-01,9.99999e-01,0.00000e+00,9.99955e-01,9.99999e-01
1.054378408e+01,0.00000e+00,9.99999e-01,9.99999e-01,0.00000e+00,9.99956e-01,9.99999e-01
1.059650300e+01,0.00000e+00,9.99999e-01,9.99999e-01,0.00000e+00,9.99957e-01,9.99999e-01
1.064948551e+01,0.00000e+00,9.99999e-01,9.99999e-01,0.00000e+00,9.99958e-01,9.99999e-01
1.070273294e+01,0.00000e+00,9.99999e-01,9.99999e-01,0.00000e+00,9.99959e-01,9.99999e-01
1.075624661e+01,0.00000e+00,9.99999e-01,9.99999e-01,0.00000e+00,9.99959e-01,9.99999e-01
1.081002784e+01,0.00000e+00,9.99999e-01,9.99999e-01,0.00000e+00,9.99960e-01,9.99999e-01
1.086407798e+01,0.00000e+00,9.99999e-01,9.99999e-01,0.00000e+00,9.99961e-01,9.99999e-01
1.091839837e+01,0.00000e+00,9.99999e-01,9.99999e-01,0.00000e+00,9.99962e-01,9.99999e-01
1.097299036e+01,0.00000e+00,9.99999e-01,9.99999e-01,0.00000e+00,9.99962e-01,9.99999e-01
1.102785531e+01,0.00000e+00,9.99999e-01,9.99999e-01,0.00000e+00,9.99963e-01,9.99999e-01
1.108299459e+01,0.00000e+00,9.99999e-01,9.99999e-01,0.00000e+00,9.99964e-01,9.99999e-01
1.113840956e+01,0.00000e+00,9.99999e-01,9.99999e-01,0.00000e+00,9.99965e-01,9.99999e-01
1.119410161e+01,0.00000e+00,9.99999e-01,9.99999e-01,0.00000e+00,9.99965e-01,9.99999e-01
1.125007212e+01,0.00000e+00,9.99999e-01,9.99999e-01,0.00000e+00,9.99966e-01,9.99999e-01
1.130632248e+01,0.00000e+00,9.99999e-01,9.99999e-01,0.00000e+00,9.99967e-01,9.99999e-01
1.136285409e+01,0.00000e+00,9.99999e-01,9.99999e-01,0.00000e+00,9.99967e-01,9.99999e-01
1.141966836e+01,0.00000e+00,9.99999e-01,9.99999e-01,0.00000e+00,9.99968e-01,9.99999e-01
1.147676670e+01,0.00000e+00,9.99999e-01,9.99999e-01,0.00000e+00,9.99968e-01,9.99999e-01
1.153415054e+01,0.00000e+00,9.99999e-01,9.99999e-01,0.00000e+00,9.99969e-01,9.99999e-01
1.159182129e+01,0.00000e+00,9.99999e-01,9.99999e-01,0.00000e+00,9.99970e-01,9.99999e-01
1.164978039e+01,0.00000e+00,9.99999e-01,9.99999e-01,0.00000e+00,9.99970e-01,9.99999e-01
1.170802930e+01,0.00000e+00,9.99999e-01,9.99999e-01,0.00000e+00,9.99971e-01,9.99999e-01
1.176656944e+01,0.00000e+00,9.99999e-01,9.99999e-01,0.00000e+00,9.99971e-01,9.99999e-01
1.182540229e+01,0.00000e+00,9.99999e-01,9.99999e-01,0.00000e+00,9.99972e-01,9.99999e-01
1.188452930e+01,0.00000e+00,9.99999e-01,9.99999e-01,0.00000e+00,9.99972e-01,9.99999e-01
1.194395195e+01,0.00000e+00,9.99999e-01,9.99999e-01,0.00000e+00,9.99973e-01,9.99999e-01
1.200367171e+01,0.00000e+00,9.99999e-01,9.99999e-01,0.00000e+00,9.99973e-01,9.99999e-01
1.206369007e+01,0.00000e+00,9.99999e-01,9.99999e-01,0.00000e+00,9.99974e-01,9.99999e-01
1.212400852e+01,0.00000e+00,9.99999e-01,9.99999e-01,0.00000e+00,9.99974e-01,9.99999e-01
1.218462856e+01,0.00000e+00,9.99999e-01,9.99999e-01,0.00000e+00,9.99975e-01,9.99999e-01
1.224555170e+01,0.00000e+00,9.99999e-01,9.99999e-01,0.00000e+00,9.99975e-01,9.99999e-01
1.230677946e+01,0.00000e+00,9.99999e-01,9.99999e-01,0.00000e+00,9.99976e-01,9.99999e-01
1.236831336e+01,0.00000e+00,9.99999e-01,9.99999e-01,0.00000e+00,9.99976e-01,9.99999e-01
1.243015492e+01,0.00000e+00,9.99999e-01,9.99999e-01,0.00000e+00,9.99977e-01,9.99999e-01
1.249230570e+01,0.00000e+00,9.99999e-01,9.99999e-01,0.00000e+00,9.99977e-01,9.99999e-01
1.255476723e+01,0.00000e+00,9.99999e-01,9.99999e-01,0.00000e+00,9.99978e-01,9.99999e-01
1.261754106e+01,0.00000e+00,9.99999e-01,9.99999e-01,0.00000e+00,9.99978e-01,9.99999e-01
1.268062877e+01,0.00000e+00,9.99999e-01,9.99999e-01,0.00000e+00,9.99978e-01,9.99999e-01
1.274403191e+01,0.00000e+00,9.99999e-01,9.99999e-01,0.00000e+00,9.99979e-01,9.99999e-01
1.280775207e+01,0.00000e+00,9.99999e-01,9.99999e-01,0.00000e+00,9.99979e-01,9.99999e-01
1.287179083e+01,0.00000e+00,9.99999e-01,9.99999e-01,0.00000e+00,9.99980e-01,9.99999e-01
1.293614979e+01,0.00000e+00,9.99999e-01,9.99999e-01,0.00000e+00,9.99980e-01,9.99999e-01
1.300083054e+01,0.00000e+00,9.99999e-01,9.99999e-01,0.00000e+00,9.99980e-01,9.99999e-01
1.306583469e+01,0.00000e+00,9.99999e-01,9.99999e-01,0.00000e+00,9.99981e-01,9.99999e-01
1.313116386e+01,0.00000e+00,9.99999e-01,9.99999e-01,0.00000e+00,9.99981e-01,9.99999e-01
1.319681968e+01,0.00000e+00,9.99999e-01,9.99999e-01,0.00000e+00,9.99982e-01,9.99999e-01
1.326280378e+01,0.00000e+00,9.99999e-01,9.99999e-01,0.00000e+00,9.99982e-01,9.99999e-01
1.332911780e+01,0.00000e+00,9.99999e-01,9.99999e-01,0.00000e+00,9.99982e-01,9.99999e-01
1.339576339e+01,0.00000e+00,9.99999e-01,9.99999e-01,0.00000e+00,9.99983e-01,9.90815e-01
1.346274221e+01,0.00000e+00,9.99999e-01,9.99999e-01,0.00000e+00,9.99983e-01,9.89874e-01
1.353005592e+01,0.00000e+00,9.99999e-01,9.99999e-01,0.00000e+00,9.99983e-01,9.88839e-01
1.359770620e+01,0.00000e+00,9.99999e-01,9.99999e-01,0.00000e+00,9.99983e-01,9.87848e-01
1.366569473e+01,0.00000e+00,9.99999e-01,9.99999e-01,0.00000e+00,9.99984e-01,9.86766e-01
1.373402320e+01,0.00000e+00,9.99999e-01,9.99999e-01,0.00000e+00,9.99984e-01,9.85414e-01
1.380269332e+01,0.00000e+00,9.99999e-01,9.99999e-01,0.00000e+00,9.99984e-01,9.84123e-01
1.387170678e+01,0.00000e+00,9.99999e-01,9.99999e-01,0.00000e+00,9.99985e-01,9.82713e-01
1.394106532e+01,0.00000e+00,9.99999e-01,9.99999e-01,0.00000e+00,9.99985e-01,9.81185e-01
1.401077064e+01,0.00000e+00,9.99999e-01,9.99999e-01,0.00000e+00,9.99985e-01,9.79517e-01
1.408082450e+01,0.00000e+00,9.99999e-01,9.99999e-01,0.00000e+00,9.99986e-01,9.77710e-01
1.415122862e+01,0.00000e+00,9.99999e-01,9.99999e-01,0.00000e+00,9.99986e-01,9.75737e-01
1.422198476e+01,0.00000e+00,9.99999e-01,9.99999e-01,0.00000e+00,9.99986e-01,9.73606e-01
1.429309469e+01,0.00000e+00,9.99999e-01,9.99999e-01,0.00000e+00,9.99986e-01,9.71275e-01
1.436456016e+01,0.00000e+00,9.99999e-01,9.99999e-01,0.00000e+00,9.99987e-01,9.68754e-01
1.443638296e+01,0.00000e+00,9.99999e-01,9.99999e-01,0.00000e+00,9.99987e-01,9.66008e-01
1.450856487e+01,0.00000e+00,9.99999e-01,9.99999e-01,0.00000e+00,9.99987e-01,9.63030e-01
1.458110770e+01,0.00000e+00,9.99999e-01,9.99999e-01,0.00000e+00,9.99987e-01,9.59791e-01
1.465401324e+01,0.00000e+00,9.99999e-01,9.99999e-01,0.00000e+00,9.99987e-01,9.56287e-01
1.472728330e+01,0.00000e+00,9.99999e-01,9.99999e-01,0.00000e+00,9.99988e-01,9.53039e-01
1.480091972e+01,0.00000e+00,9.99999e-01,9.99999e-01,0.00000e+00,9.99988e-01,9.48950e-01
1.487492432e+01,0.00000e+00,9.99999e-01,9.99999e-01,0.00000e+00,9.99988e-01,9.44531e-01
1.494929894e+01,0.00000e+00,9.99999e-01,9.99999e-01,0.00000e+00,9.99988e-01,9.39727e-01
1.502404544e+01,0.00000e+00,9.99999e-01,9.99999e-01,0.00000e+00,9.99989e-01,9.34545e-01
1.509916566e+01,0.00000e+00,9.99999e-01,9.99999e-01,0.00000e+00,9.99989e-01,9.29745e-01
1.517466149e+01,0.00000e+00,9.99999e-01,9.99999e-01,0.00000e+00,9.99989e-01,9.24618e-01
1.525053480e+01,0.00000e+00,9.99999e-01,9.99999e-01,0.00000e+00,9.99989e-01,9.18160e-01
1.532678747e+01,0.00000e+00,9.99999e-01,9.99999e-01,0.00000e+00,9.99989e-01,9.11217e-01
1.540342141e+01,0.00000e+00,9.99999e-01,9.99999e-01,0.00000e+00,9.99990e-01,8.97527e-01
1.548043852e+01,0.00000e+00,9.99999e-01,9.99999e-01,0.00000e+00,9.99990e-01,8.90238e-01
1.555784071e+01,0.00000e+00,9.99999e-01,9.99999e-01,0.00000e+00,9.99990e-01,8.81481e-01
1.563562991e+01,0.00000e+00,9.99999e-01,9.99999e-01,0.00000e+00,9.99990e-01,8.72092e-01
1.571380806e+01,0.00000e+00,9.99999e-01,9.99999e-01,0.00000e+00,9.99990e-01,8.63441e-01
1.579237710e+01,0.00000e+00,9.99999e-01,9.99999e-01,0.00000e+00,9.99990e-01,8.54229e-01
1.587133899e+01,0.00000e+00,9.99999e-01,9.99999e-01,0.00000e+00,9.99991e-01,8.44449e-01
1.595069568e+01,0.00000e+00,9.99999e-01,9.99999e-01,0.00000e+00,9.99991e-01,8.34072e-01
1.603044916e+01,0.00000e+00,9.99999e-01,9.99999e-01,0.00000e+00,9.99991e-01,8.21185e-01
1.611060141e+01,0.00000e+00,9.99999e-01,9.99999e-01,0.00000e+00,9.99991e-01,8.07454e-01
1.619115441e+01,0.00000e+00,9.99999e-01,9.99999e-01,0.00000e+00,9.99991e-01,7.94873e-01
1.627211019e+01,0.00000e+00,9.99999e-01,9.99999e-01,0.00000e+00,9.99991e-01,7.81583e-01
1.635347074e+01,0.00000e+00,9.99999e-01,9.99999e-01,0.00000e+00,9.99992e-01,7.67546e-01
1.643523809e+01,0.00000e+00,9.99999e-01,9.99999e-01,0.00000e+00,9.99992e-01,7.52743e-01
1.651741428e+01,0.00000e+00,9.99999e-01,9.99999e-01,0.00000e+00,9.99992e-01,7.37149e-01
1.660000135e+01,0.00000e+00,9.99999e-01,9.99999e-01,0.00000e+00,9.99992e-01,7.20823e-01
1.668300136e+01,0.00000e+00,9.99999e-01,9.99999e-01,0.00000e+00,9.99992e-01,7.03603e-01
1.676641637e+01,0.00000e+00,9.99999e-01,9.99999e-01,0.00000e+00,9.99992e-01,6.85574e-01
1.685024845e+01,0.00000e+00,9.99999e-01,9.99999e-01,0.00000e+00,9.99992e-01,6.66708e-01
1.693449969e+01,0.00000e+00,9.99999e-01,9.99999e-01,0.00000e+00,9.99993e-01,6.47032e-01
1.701917219e+01,0.00000e+00,9.99999e-01,9.99999e-01,0.00000e+00,9.99993e-01,6.26530e-01
1.710426805e+01,0.00000e+00,9.99999e-01,9.99999e-01,0.00000e+00,9.99993e-01,6.05231e-01
1.718978939e+01,0.00000e+00,9.99999e-01,9.99999e-01,0.00000e+00,9.99993e-01,5.86857e-01
1.727573834e+01,0.00000e+00,9.99999e-01,9.99999e-01,0.00000e+00,9.99993e-01,5.67927e-01
1.736211703e+01,0.00000e+00,9.99999e-01,9.99999e-01,0.00000e+00,9.99993e-01,5.44641e-01
1.744892761e+01,0.00000e+00,9.99999e-01,9.99999e-01,0.00000e+00,9.99993e-01,5.20629e-01
1.753617225e+01,0.00000e+00,9.99999e-01,9.99999e-01,0.00000e+00,9.99993e-01,4.96041e-01
1.762385311e+01,0.00000e+00,9.99999e-01,9.99999e-01,0.00000e+00,9.99994e-01,4.70920e-01
1.771197238e+01,0.00000e+00,9.99999e-01,9.99999e-01,0.00000e+00,9.99994e-01,4.45331e-01
1.780053224e+01,0.00000e+00,9.99999e-01,9.99999e-01,0.00000e+00,9.99994e-01,4.23725e-01
1.788953490e+01,0.00000e+00,9.99999e-01,9.99999e-01,0.00000e+00,9.99994e-01,4.01903e-01
1.797898258e+01,0.00000e+00,9.99999e-01,9.99999e-01,0.00000e+00,9.99994e-01,3.75589e-01
1.806887749e+01,0.00000e+00,9.99999e-01,9.99999e-01,0.00000e+00,9.99994e-01,3.49245e-01
1.815922188e+01,0.00000e+00,9.99999e-01,9.99999e-01,0.00000e+00,9.99994e-01,3.27357e-01
1.825001799e+01,0.00000e+00,9.99999e-01,9.99999e-01,0.00000e+00,9.99994e-01,3.05578e-01
1.834126808e+01,0.00000e+00,9.99999e-01,9.99999e-01,0.00000e+00,9.99994e-01,2.79823e-01
1.843297442e+01,0.00000e+00,9.99999e-01,9.99999e-01,0.00000e+00,9.99994e-01,2.54576e-01
1.852513929e+01,0.00000e+00,9.99999e-01,9.99999e-01,0.00000e+00,9.99994e-01,2.34040e-01
1.861776499e+01,0.00000e+00,9.99999e-01,9.99999e-01,0.00000e+00,9.99995e-01,2.13976e-01
1.871085381e+01,0.00000e+00,9.99999e-01,9.99999e-01,0.00000e+00,9.99995e-01,1.90811e-01
1.880440808e+01,0.00000e+00,9.99999e-01,9.99999e-01,0.00000e+00,9.99995e-01,1.72336e-01
1.889843012e+01,0.00000e+00,9.99999e-01,9.99999e-01,0.00000e+00,9.99995e-01,1.54615e-01
1.899292227e+01,0.00000e+00,9.99999e-01,9.99999e-01,0.00000e+00,9.99995e-01,1.34604e-01
1.908788688e+01,0.00000e+00,9.99999e-01,9.99999e-01,0.00000e+00,9.99995e-01,1.19000e-01
1.918332632e+01,0.00000e+00,9.99999e-01,9.99999e-01,0.00000e+00,9.99995e-01,1.04352e-01
1.927924295e+01,0.00000e+00,9.99999e-01,9.99999e-01,0.00000e+00,9.99995e-01,9.08284e-02
1.937563916e+01,0.00000e+00,9.99999e-01,9.99999e-01,0.00000e+00,9.99995e-01,7.83285e-02
1.947251736e+01,0.00000e+00,9.99999e-01,9.99999e-01,0.00000e+00,9.99995e-01,6.69888e-02
1.956987994e+01,0.00000e+00,9.99999e-01,9.99999e-01,0.00000e+00,9.99995e-01,5.67136e-02
1.966772934e+01,0.00000e+00,9.99999e-01,9.99999e-01,0.00000e+00,9.99995e-01,4.58217e-02
1.976606799e+01,0.00000e+00,9.99999e-01,9.99999e-01,0.00000e+00,9.99996e-01,3.79241e-02
1.986489833e+01,0.00000e+00,9.99999e-01,9.99999e-01,0.00000e+00,9.99996e-01,3.10050e-02
1.996422282e+01,0.00000e+00,9.99999e-01,9.99999e-01,0.00000e+00,9.99996e-01,2.50700e-02
