#,Wave/freq,Total,CO2,H2O,Rayleigh,CIA
4.000000000e-01,2.29390e-66,9.99999e-01,9.99703e-01,2.29458e-66,9.99999e-01
4.020000000e-01,4.55540e-65,9.99999e-01,9.99815e-01,4.55624e-65,9.99999e-01
4.040100000e-01,8.50108e-64,9.99999e-01,9.99921e-01,8.50175e-64,9.99999e-01
4.060300500e-01,1.49727e-62,9.99999e-01,9.99981e-01,1.49729e-62,9.99999e-01
4.080602003e-01,2.49170e-61,9.99999e-01,9.99993e-01,2.49171e-61,9.99999e-01
4.101005013e-01,3.92253e-60,9.99999e-01,9.99999e-01,3.92254e-60,9.99999e-01
4.121510038e-01,5.84772e-59,9.99999e-01,9.99988e-01,5.84778e-59,9.99999e-01
4.142117588e-01,8.26423e-58,9.99999e-01,9.99919e-01,8.26490e-58,9.99999e-01
4.162828176e-01,1.10816e-56,9.99999e-01,9.99632e-01,1.10857e-56,9.99999e-01
4.183642317e-01,1.41229e-55,9.99999e-01,9.99781e-01,1.41260e-55,9.99999e-01
4.204560528e-01,1.71152e-54,9.99999e-01,9.99865e-01,1.71175e-54,9.99999e-01
4.225583331e-01,1.97443e-53,9.99999e-01,9.99949e-01,1.97453e-53,9.99999e-01
4.246711247e-01,2.17016e-52,9.99999e-01,9.99960e-01,2.17025e-52,9.99999e-01
4.267944804e-01,2.27492e-51,9.99999e-01,9.99940e-01,2.27505e-51,9.99999e-01
4.289284528e-01,2.27665e-50,9.99999e-01,9.99954e-01,2.27675e-50,9.99999e-01
4.310730950e-01,2.17708e-49,9.99999e-01,9.99980e-01,2.17712e-49,9.99999e-01
4.332284605e-01,1.99103e-48,9.99999e-01,9.99994e-01,1.99104e-48,9.99999e-01
4.353946028e-01,1.74297e-47,9.99999e-01,9.99997e-01,1.74297e-47,9.99999e-01
4.375715758e-01,1.46176e-46,9.99999e-01,9.99964e-01,1.46181e-46,9.99999e-01
4.397594337e-01,1.17520e-45,9.99999e-01,9.99682e-01,1.17557e-45,9.99999e-01
4.419582309e-01,9.05782e-45,9.99999e-01,9.98392e-01,9.07240e-45,9.99999e-01
4.441680220e-01,6.71596e-44,9.99999e-01,9.98715e-01,6.72460e-44,9.99999e-01
4.463888621e-01,4.78465e-43,9.99999e-01,9.98672e-01,4.79101e-43,9.99999e-01
4.486208064e-01,3.28083e-42,9.99999e-01,9.99170e-01,3.28355e-42,9.99999e-01
4.508639105e-01,2.16561e-41,9.99999e-01,9.99611e-01,2.16645e-41,9.99999e-01
4.531182300e-01,1.37690e-40,9.99999e-01,9.99846e-01,1.37711e-40,9.99999e-01
4.553838212e-01,8.43873e-40,9.99999e-01,9.99896e-01,8.43961e-40,9.99999e-01
4.576607403e-01,4.99003e-39,9.99999e-01,9.99951e-01,4.99027e-39,9.99999e-01
4.599490440e-01,2.84883e-38,9.99999e-01,9.99965e-01,2.84893e-38,9.99999e-01
4.622487892e-01,1.57142e-37,9.99999e-01,9.99993e-01,1.57143e-37,9.99999e-01
4.645600332e-01,8.38009e-37,9.99999e-01,9.99976e-01,8.38028e-37,9.99999e-01
4.668828333e-01,4.32211e-36,9.99999e-01,9.99612e-01,4.32378e-36,9.99999e-01
4.692172475e-01,2.15790e-35,9.99999e-01,9.99166e-01,2.15970e-35,9.99999e-01
4.715633337e-01,1.04445e-34,9.99999e-01,9.99456e-01,1.04502e-34,9.99999e-01
4.739211504e-01,4.89896e-34,9.99999e-01,9.99477e-01,4.90152e-34,9.99999e-01
4.762907561e-01,2.22927e-33,9.99999e-01,9.99728e-01,2.22987e-33,9.99999e-01
4.786722099e-01,9.84428e-33,9.99999e-01,9.99888e-01,9.84537e-33,9.99999e-01
4.810655710e-01,4.22115e-32,9.99999e-01,9.99966e-01,4.22129e-32,9.99999e-01
4.834708988e-01,1.75807e-31,9.99999e-01,9.99688e-01,1.75861e-31,9.99999e-01
4.858882533e-01,7.11865e-31,9.99999e-01,9.99408e-01,7.12286e-31,9.99999e-01
4.883176946e-01,2.80495e-30,9.99999e-01,9.99508e-01,2.80633e-30,9.99999e-01
4.907592831e-01,1.07564e-29,9.99999e-01,9.99552e-01,1.07612e-29,9.99999e-01
4.932130795e-01,4.01714e-29,9.99999e-01,9.99682e-01,4.01841e-29,9.99999e-01
4.956791449e-01,1.46175e-28,9.99999e-01,9.99832e-01,1.46199e-28,9.99999e-01
4.981575406e-01,5.18077e-28,9.99999e-01,9.99167e-01,5.18508e-28,9.99999e-01
5.006483283e-01,1.78968e-27,9.99999e-01,9.97856e-01,1.79352e-27,9.99999e-01
5.031515699e-01,5.98762e-27,9.99999e-01,9.89103e-01,6.05358e-27,9.99999e-01
5.056673278e-01,1.98317e-26,9.99999e-01,9.94207e-01,1.99472e-26,9.99999e-01
5.081956644e-01,6.37291e-26,9.99999e-01,9.92691e-01,6.41983e-26,9.99999e-01
5.107366428e-01,2.00903e-25,9.99999e-01,9.95057e-01,2.01901e-25,9.99999e-01
5.132903260e-01,6.19000e-25,9.99999e-01,9.97168e-01,6.20758e-25,9.99999e-01
5.158567776e-01,1.86445e-24,9.99999e-01,9.98801e-01,1.86669e-24,9.99999e-01
5.184360615e-01,5.48996e-24,9.99999e-01,9.99520e-01,5.49259e-24,9.99999e-01
5.210282418e-01,1.58178e-23,9.99999e-01,9.99821e-01,1.58206e-23,9.99999e-01
5.236333830e-01,4.45949e-23,9.99999e-01,9.99284e-01,4.46268e-23,9.99999e-01
5.262515499e-01,1.23276e-22,9.99999e-01,9.99550e-01,1.23331e-22,9.99999e-01
5.288828077e-01,3.33926e-22,9.99999e-01,9.99590e-01,3.34062e-22,9.99999e-01
5.315272217e-01,8.86906e-22,9.99999e-01,9.99636e-01,8.87228e-22,9.99999e-01
5.341848578e-01,2.31080e-21,9.99999e-01,9.99764e-01,2.31134e-21,9.99999e-01
5.368557821e-01,5.90362e-21,9.99999e-01,9.99170e-01,5.90852e-21,9.99999e-01
5.395400610e-01,1.47825e-20,9.99999e-01,9.97027e-01,1.48266e-20,9.99999e-01
5.422377613e-01,3.63929e-20,9.99999e-01,9.96102e-01,3.65353e-20,9.99999e-01
5.449489501e-01,8.81215e-20,9.99999e-01,9.96401e-01,8.84397e-20,9.99999e-01
5.476736949e-01,2.09701e-19,9.99999e-01,9.96786e-01,2.10377e-19,9.99999e-01
5.504120634e-01,4.90797e-19,9.99999e-01,9.97668e-01,4.91944e-19,9.99999e-01
5.531641237e-01,1.12989e-18,9.99999e-01,9.98826e-01,1.13122e-18,9.99999e-01
5.559299443e-01,2.55733e-18,9.99999e-01,9.99432e-01,2.55878e-18,9.99999e-01
5.587095940e-01,5.69330e-18,9.99999e-01,9.99645e-01,5.69531e-18,9.99999e-01
5.615031420e-01,1.24729e-17,9.99999e-01,9.99605e-01,1.24778e-17,9.99999e-01
5.643106577e-01,2.69055e-17,9.99999e-01,9.99558e-01,2.69173e-17,9.99999e-01
5.671322110e-01,5.68879e-17,9.99999e-01,9.94695e-01,5.71913e-17,9.99999e-01
5.699678720e-01,1.19023e-16,9.99999e-01,9.94190e-01,1.19719e-16,9.99999e-01
5.728177114e-01,2.45498e-16,9.99999e-01,9.94008e-01,2.46978e-16,9.99999e-01
5.756818000e-01,4.99507e-16,9.99999e-01,9.94487e-01,5.02276e-16,9.99999e-01
5.785602090e-01,1.00240e-15,9.99999e-01,9.95186e-01,1.00725e-15,9.99999e-01
5.814530100e-01,1.98272e-15,9.99999e-01,9.95176e-01,1.99233e-15,9.99999e-01
5.843602750e-01,3.86594e-15,9.99999e-01,9.94304e-01,3.88808e-15,9.99999e-01
5.872820764e-01,7.13082e-15,9.99999e-01,9.52281e-01,7.48814e-15,9.99998e-01
5.902184868e-01,1.34033e-14,9.99999e-01,9.41504e-01,1.42361e-14,9.99998e-01
5.931695792e-01,2.56183e-14,9.99999e-01,9.58641e-01,2.67236e-14,9.99998e-01
5.961354271e-01,4.72905e-14,9.99999e-01,9.54502e-01,4.95447e-14,9.99998e-01
5.991161043e-01,8.77020e-14,9.99999e-01,9.66507e-01,9.07411e-14,9.99998e-01
6.021116848e-01,1.61070e-13,9.99999e-01,9.80831e-01,1.64218e-13,9.99999e-01
6.051222432e-01,2.90865e-13,9.99999e-01,9.90249e-01,2.93729e-13,9.99999e-01
6.081478544e-01,5.17194e-13,9.99999e-01,9.95787e-01,5.19381e-13,9.99999e-01
6.111885937e-01,9.06480e-13,9.99999e-01,9.98211e-01,9.08104e-13,9.99999e-01
6.142445367e-01,1.56908e-12,9.99999e-01,9.99202e-01,1.57034e-12,9.99999e-01
6.173157594e-01,2.68510e-12,9.99999e-01,9.99560e-01,2.68628e-12,9.99999e-01
6.204023382e-01,4.54510e-12,9.99999e-01,9.99630e-01,4.54678e-12,9.99999e-01
6.235043498e-01,7.60405e-12,9.99999e-01,9.98395e-01,7.61627e-12,9.99999e-01
6.266218716e-01,1.25198e-11,9.99999e-01,9.91383e-01,1.26286e-11,9.99999e-01
6.297549810e-01,2.06658e-11,9.99999e-01,9.96832e-01,2.07315e-11,9.99999e-01
6.329037559e-01,3.34904e-11,9.99999e-01,9.93724e-01,3.37018e-11,9.99999e-01
6.360682746e-01,5.39749e-11,9.99999e-01,9.94679e-01,5.42636e-11,9.99999e-01
6.392486160e-01,8.59543e-11,9.99999e-01,9.93093e-01,8.65520e-11,9.99999e-01
6.424448591e-01,1.35655e-10,9.99999e-01,9.91731e-01,1.36786e-10,9.99999e-01
6.456570834e-01,2.05367e-10,9.99999e-01,9.58631e-01,2.14229e-10,9.99998e-01
6.488853688e-01,3.20502e-10,9.99999e-01,9.63747e-01,3.32558e-10,9.99998e-01
6.521297956e-01,4.95675e-10,9.99999e-01,9.68529e-01,5.11781e-10,9.99998e-01
6.553904446e-01,7.56496e-10,9.99999e-01,9.68732e-01,7.80913e-10,9.99998e-01
6.586673968e-01,1.14972e-09,9.99999e-01,9.72964e-01,1.18167e-09,9.99999e-01
6.619607338e-01,1.74561e-09,9.99999e-01,9.84258e-01,1.77352e-09,9.99999e-01
6.652705375e-01,2.61632e-09,9.99999e-01,9.90826e-01,2.64055e-09,9.99999e-01
6.685968902e-01,3.88400e-09,9.99999e-01,9.95732e-01,3.90065e-09,9.99999e-01
6.719398746e-01,5.70652e-09,9.99999e-01,9.98017e-01,5.71785e-09,9.99999e-01
6.752995740e-01,8.30966e-09,9.99999e-01,9.98930e-01,8.31855e-09,9.99999e-01
6.786760719e-01,1.19945e-08,9.99999e-01,9.98466e-01,1.20129e-08,9.99999e-01
6.820694522e-01,1.71770e-08,9.99999e-01,9.97366e-01,1.72224e-08,9.99999e-01
6.854797995e-01,2.44328e-08,9.99999e-01,9.96606e-01,2.45160e-08,9.99999e-01
6.889071985e-01,3.43769e-08,9.99999e-01,9.91950e-01,3.46559e-08,9.99999e-01
6.923517345e-01,4.26350e-08,9.99999e-01,8.76256e-01,4.86558e-08,9.99998e-01
6.958134932e-01,6.32740e-08,9.99999e-01,9.32488e-01,6.78550e-08,9.99997e-01
6.992925606e-01,8.80277e-08,9.99999e-01,9.36362e-01,9.40104e-08,9.99997e-01
7.027890234e-01,1.19238e-07,9.99999e-01,9.21388e-01,1.29412e-07,9.99997e-01
7.063029686e-01,1.65217e-07,9.99999e-01,9.33309e-01,1.77023e-07,9.99998e-01
7.098344834e-01,2.25217e-07,9.99999e-01,9.35845e-01,2.40656e-07,9.99997e-01
7.133836558e-01,2.98298e-07,9.99999e-01,9.17320e-01,3.25185e-07,9.99995e-01
7.169505741e-01,2.28977e-07,9.99999e-01,5.24218e-01,4.36800e-07,9.99991e-01
7.205353270e-01,4.18376e-07,9.99999e-01,7.17246e-01,5.83314e-07,9.99990e-01
7.241380036e-01,5.08940e-07,9.99999e-01,6.57096e-01,7.74536e-07,9.99989e-01
7.277586936e-01,7.00313e-07,9.99999e-01,6.84774e-01,1.02270e-06,9.99991e-01
7.313974871e-01,8.88815e-07,9.99999e-01,6.61825e-01,1.34298e-06,9.99993e-01
7.350544745e-01,1.39681e-06,9.99999e-01,7.96313e-01,1.75410e-06,9.99996e-01
7.387297469e-01,1.92384e-06,9.99999e-01,8.44152e-01,2.27903e-06,9.99997e-01
7.424233956e-01,2.70967e-06,9.99999e-01,9.19854e-01,2.94576e-06,9.99998e-01
7.461355126e-01,3.60130e-06,9.99999e-01,9.50637e-01,3.78831e-06,9.99999e-01
7.498661902e-01,4.73438e-06,9.99999e-01,9.76628e-01,4.84768e-06,9.99999e-01
7.536155211e-01,6.10215e-06,9.99999e-01,9.88495e-01,6.17317e-06,9.99999e-01
7.573835987e-01,7.77714e-06,9.99999e-01,9.94056e-01,7.82363e-06,9.99999e-01
7.611705167e-01,9.83261e-06,9.99999e-01,9.96304e-01,9.86907e-06,9.99999e-01
7.649763693e-01,1.23636e-05,9.99999e-01,9.97686e-01,1.23923e-05,9.99999e-01
7.688012511e-01,1.54659e-05,9.99999e-01,9.98390e-01,1.54908e-05,9.99999e-01
7.726452574e-01,1.92534e-05,9.99999e-01,9.98676e-01,1.92789e-05,9.99999e-01
7.765084837e-01,2.38453e-05,9.99999e-01,9.98133e-01,2.38898e-05,9.99999e-01
7.803910261e-01,2.28344e-05,7.79716e-01,9.91970e-01,2.94785e-05,9.99999e-01
7.842929812e-01,5.96225e-06,1.67897e-01,9.72302e-01,3.62238e-05,9.99999e-01
7.882144461e-01,7.03918e-06,1.65945e-01,9.43246e-01,4.43317e-05,9.99998e-01
7.921555184e-01,1.49753e-05,2.84316e-01,9.68351e-01,5.40384e-05,9.99998e-01
7.961162960e-01,2.55028e-05,4.08582e-01,9.45434e-01,6.56134e-05,9.99998e-01
8.000968774e-01,4.57190e-05,6.13658e-01,9.36585e-01,7.93628e-05,9.99998e-01
8.040973618e-01,6.94063e-05,7.73408e-01,9.36750e-01,9.56334e-05,9.99997e-01
8.081178486e-01,8.85573e-05,8.88468e-01,8.65685e-01,1.14816e-04,9.99996e-01
8.121584379e-01,7.44724e-05,9.63811e-01,5.59993e-01,1.37350e-04,9.99992e-01
8.162192301e-01,8.17428e-05,9.91871e-01,5.02475e-01,1.63725e-04,9.99989e-01
8.203003262e-01,1.41422e-04,9.99864e-01,7.27180e-01,1.94489e-04,9.99988e-01
8.244018279e-01,1.49590e-04,9.99999e-01,6.49693e-01,2.30250e-04,9.99988e-01
8.285238370e-01,1.78592e-04,9.99999e-01,6.57372e-01,2.71678e-04,9.99991e-01
8.326664562e-01,2.09428e-04,9.99999e-01,6.55460e-01,3.19515e-04,9.99993e-01
8.368297885e-01,2.74647e-04,9.99999e-01,7.33231e-01,3.74572e-04,9.99996e-01
8.410139374e-01,3.63468e-04,9.99999e-01,8.30328e-01,4.37741e-04,9.99998e-01
8.452190071e-01,4.65237e-04,9.99999e-01,9.12248e-01,5.09989e-04,9.99998e-01
8.494451021e-01,5.61644e-04,9.99999e-01,9.48126e-01,5.92373e-04,9.99999e-01
8.536923276e-01,6.64688e-04,9.99999e-01,9.68887e-01,6.86032e-04,9.99999e-01
8.579607893e-01,7.76971e-04,9.99999e-01,9.80777e-01,7.92199e-04,9.99999e-01
8.622505932e-01,9.00996e-04,9.99999e-01,9.87716e-01,9.12200e-04,9.99999e-01
8.665618462e-01,8.08765e-04,7.77430e-01,9.92412e-01,1.04746e-03,9.99999e-01
8.708946554e-01,3.46101e-05,2.90340e-02,9.91335e-01,1.19949e-03,9.99999e-01
8.752491287e-01,2.98455e-05,2.19971e-02,9.88410e-01,1.36991e-03,9.99999e-01
8.796253743e-01,1.76831e-04,1.14756e-01,9.84041e-01,1.56045e-03,9.99998e-01
8.840235012e-01,5.25638e-04,3.01019e-01,9.81785e-01,1.77292e-03,9.99998e-01
8.884436187e-01,1.15725e-03,6.09473e-01,9.37640e-01,2.00926e-03,9.99996e-01
8.928858368e-01,9.95039e-04,8.15781e-01,5.24432e-01,2.27147e-03,9.99990e-01
8.973502660e-01,7.92488e-04,9.51254e-01,3.21649e-01,2.56169e-03,9.99984e-01
9.018370173e-01,1.60097e-03,9.94482e-01,5.57564e-01,2.88214e-03,9.99982e-01
9.063462024e-01,1.78800e-03,8.85479e-01,5.97645e-01,3.23513e-03,9.99979e-01
9.108779334e-01,1.22624e-03,7.28268e-01,4.47740e-01,3.62307e-03,9.99976e-01
9.154323231e-01,1.50269e-03,9.27285e-01,3.93618e-01,4.04848e-03,9.99974e-01
9.200094847e-01,1.50249e-03,5.71320e-01,4.86760e-01,4.51392e-03,9.99967e-01
9.246095321e-01,4.61990e-04,2.22646e-01,3.60122e-01,5.02206e-03,9.99944e-01
9.292325798e-01,2.95785e-05,3.34776e-01,1.14899e-02,5.57565e-03,9.99884e-01
9.338787427e-01,2.00412e-06,3.29321e-01,6.74800e-04,6.17748e-03,9.99848e-01
9.385481364e-01,1.81674e-04,4.30537e-01,5.04783e-02,6.83043e-03,9.99844e-01
9.432408771e-01,1.13892e-04,5.85947e-01,2.22020e-02,7.53743e-03,9.99826e-01
9.479570815e-01,1.92669e-05,7.59396e-01,2.80929e-03,8.30144e-03,9.99849e-01
9.526968669e-01,8.13057e-05,8.76101e-01,9.73637e-03,9.12547e-03,9.99885e-01
9.574603512e-01,1.20073e-04,9.44598e-01,1.24087e-02,1.00126e-02,9.99914e-01
9.622476530e-01,2.72395e-04,9.82320e-01,2.51064e-02,1.09658e-02,9.99943e-01
9.670588912e-01,1.33993e-03,9.94654e-01,1.12115e-01,1.19882e-02,9.99963e-01
9.718941857e-01,2.79769e-03,9.99614e-01,2.13879e-01,1.30829e-02,9.99977e-01
9.767536566e-01,3.94059e-03,9.99999e-01,2.76480e-01,1.42529e-02,9.99984e-01
9.816374249e-01,5.80322e-03,9.99999e-01,3.74374e-01,1.55013e-02,9.99989e-01
9.865456120e-01,9.01074e-03,9.99999e-01,5.35365e-01,1.68311e-02,9.99994e-01
9.914783401e-01,1.23415e-02,9.99999e-01,6.76421e-01,1.82453e-02,9.99997e-01
9.964357318e-01,1.59521e-02,9.99999e-01,8.07831e-01,1.97468e-02,9.99998e-01
1.001417910e+00,1.87668e-02,9.99999e-01,8.79474e-01,2.13386e-02,9.99999e-01
1.006425000e+00,2.13975e-02,9.99999e-01,9.29382e-01,2.30234e-02,9.99999e-01
1.011457125e+00,2.36990e-02,9.99999e-01,9.55455e-01,2.48039e-02,9.99999e-01
1.016514411e+00,2.58708e-02,9.99999e-01,9.69566e-01,2.66829e-02,9.99999e-01
1.021596983e+00,2.79481e-02,9.99343e-01,9.75689e-01,2.86628e-02,9.99999e-01
1.026704968e+00,2.86574e-02,9.49822e-01,9.80996e-01,3.07461e-02,9.99999e-01
1.031838492e+00,2.51131e-02,7.72125e-01,9.86126e-01,3.29352e-02,9.99999e-01
1.036997685e+00,9.90934e-05,2.82984e-03,9.91754e-01,3.52322e-02,9.99999e-01
1.042182673e+00,1.56166e-09,4.17773e-08,9.90209e-01,3.76393e-02,9.99999e-01
1.047393587e+00,2.30597e-09,5.79884e-08,9.87013e-01,4.01583e-02,9.99999e-01
1.052630555e+00,9.39624e-25,2.21996e-23,9.82248e-01,4.27912e-02,9.99999e-01
1.057893707e+00,6.90895e-24,1.53629e-22,9.70605e-01,4.55396e-02,9.99999e-01
1.063183176e+00,1.08816e-16,2.30440e-15,9.52119e-01,4.84049e-02,9.99999e-01
1.068499092e+00,1.94235e-13,3.90110e-12,9.21176e-01,5.13885e-02,9.99998e-01
1.073841587e+00,6.55340e-10,1.25815e-08,9.09100e-01,5.44916e-02,9.99997e-01
1.079210795e+00,6.24885e-07,1.16589e-05,8.84275e-01,5.77152e-02,9.99996e-01
1.084606849e+00,6.35591e-05,1.16746e-03,8.31294e-01,6.10601e-02,9.99993e-01
1.090029883e+00,1.37449e-03,2.59004e-02,7.70350e-01,6.45270e-02,9.99989e-01
1.095480033e+00,5.82859e-03,1.58581e-01,4.93058e-01,6.81165e-02,9.99982e-01
1.100957433e+00,5.91942e-03,4.01283e-01,1.84387e-01,7.18288e-02,9.99967e-01
1.106462220e+00,1.35306e-03,6.82507e-01,2.37483e-02,7.56640e-02,9.99930e-01
1.111994531e+00,3.39012e-05,8.66934e-01,4.63792e-04,7.96222e-02,9.99860e-01
1.117554504e+00,1.40406e-06,9.65553e-01,1.68766e-05,8.37031e-02,9.99803e-01
1.123142276e+00,6.22406e-05,9.97682e-01,7.08208e-04,8.79063e-02,9.99766e-01
1.128757988e+00,2.83725e-04,9.99998e-01,3.07702e-03,9.22312e-02,9.99745e-01
1.134401778e+00,2.36253e-04,9.99999e-01,2.44442e-03,9.66772e-02,9.99713e-01
1.140073787e+00,2.20276e-03,9.99999e-01,2.17622e-02,1.01243e-01,9.99761e-01
1.145774156e+00,2.12578e-04,9.99999e-01,2.00719e-03,1.05929e-01,9.99805e-01
1.151503026e+00,6.98484e-05,9.99999e-01,6.30894e-04,1.10732e-01,9.99832e-01
1.157260541e+00,7.47858e-05,9.99999e-01,6.46732e-04,1.15651e-01,9.99873e-01
1.163046844e+00,5.13423e-04,9.99999e-01,4.25456e-03,1.20685e-01,9.99919e-01
1.168862078e+00,2.28755e-03,9.99999e-01,1.81800e-02,1.25833e-01,9.99959e-01
1.174706389e+00,1.01763e-02,9.99999e-01,7.76289e-02,1.31092e-01,9.99979e-01
1.180579921e+00,2.75695e-02,9.99999e-01,2.02036e-01,1.36460e-01,9.99986e-01
1.186482820e+00,5.55842e-02,9.99930e-01,3.91629e-01,1.41936e-01,9.99988e-01
1.192415234e+00,7.42172e-02,8.58563e-01,5.74105e-01,1.47516e-01,9.99990e-01
1.198377311e+00,3.78050e-02,3.61707e-01,6.27652e-01,1.53199e-01,9.99991e-01
1.204369197e+00,3.84231e-133,3.12725e-132,6.48011e-01,1.58983e-01,9.99992e-01
1.210391043e+00,0.00000e+00,0.00000e+00,6.57476e-01,1.64864e-01,9.99994e-01
1.216442998e+00,0.00000e+00,0.00000e+00,6.99460e-01,1.70840e-01,9.99996e-01
1.222525213e+00,0.00000e+00,0.00000e+00,7.55173e-01,1.76908e-01,9.99997e-01
1.228637839e+00,0.00000e+00,0.00000e+00,8.22519e-01,1.83065e-01,9.99998e-01
1.234781029e+00,6.12081e-226,3.44302e-225,8.64870e-01,1.89309e-01,9.99998e-01
1.240954934e+00,2.31002e-147,1.24760e-146,9.12273e-01,1.95636e-01,9.99998e-01
1.247159708e+00,1.65017e-66,8.51976e-66,9.30827e-01,2.02044e-01,9.99998e-01
1.253395507e+00,8.13332e-45,4.06860e-44,9.38418e-01,2.08528e-01,9.99998e-01
1.259662485e+00,3.24717e-26,1.57327e-25,9.41964e-01,2.15086e-01,9.99998e-01
1.265960797e+00,7.57065e-13,3.56282e-12,9.08597e-01,2.21715e-01,9.99997e-01
1.272290601e+00,9.40629e-08,4.44679e-07,8.68782e-01,2.28411e-01,9.99996e-01
1.278652054e+00,4.01484e-07,1.97683e-06,7.45973e-01,2.35171e-01,9.99993e-01
1.285045314e+00,7.43631e-17,3.82037e-16,6.35143e-01,2.41992e-01,9.99989e-01
1.291470541e+00,9.33247e-61,6.00472e-60,4.05102e-01,2.48870e-01,9.99981e-01
1.297927893e+00,5.06450e-22,3.44363e-21,3.18295e-01,2.55802e-01,9.99966e-01
1.304417533e+00,3.58332e-13,3.60295e-12,2.31528e-01,2.62784e-01,9.99939e-01
1.310939621e+00,1.77337e-13,1.75392e-12,1.90324e-01,2.69813e-01,9.99897e-01
1.317494319e+00,4.44532e-187,4.65244e-186,1.67336e-01,2.76886e-01,9.99826e-01
1.324081790e+00,4.48658e-120,5.91519e-119,8.09103e-02,2.83999e-01,9.99717e-01
1.330702199e+00,1.67825e-71,5.86770e-70,7.49889e-03,2.91149e-01,9.99527e-01
1.337355710e+00,3.65855e-70,7.11579e-62,8.81163e-10,2.98332e-01,9.99094e-01
1.344042489e+00,1.35927e-74,4.56865e-62,2.92706e-14,3.05546e-01,9.98061e-01
1.350762701e+00,3.39780e-120,1.09022e-70,3.27949e-51,3.12786e-01,9.96905e-01
1.357516515e+00,9.71354e-116,3.81912e-39,2.39364e-78,3.20050e-01,9.96168e-01
1.364304097e+00,1.05606e-73,6.15196e-29,1.75235e-46,3.27333e-01,9.95895e-01
1.371125618e+00,1.20622e-40,4.16435e-15,8.50528e-27,3.34634e-01,9.95859e-01
1.377981246e+00,1.64245e-37,6.20280e-13,3.73005e-26,3.41949e-01,9.95553e-01
1.384871152e+00,5.22603e-45,3.70135e-08,6.28717e-38,3.49274e-01,9.95598e-01
1.391795508e+00,4.76655e-53,3.90518e-07,2.44640e-47,3.56607e-01,9.96229e-01
1.398754485e+00,7.84302e-40,2.85336e-05,1.81821e-35,3.63945e-01,9.96850e-01
1.405748258e+00,1.23738e-38,6.40687e-04,1.82181e-35,3.71284e-01,9.97175e-01
1.412776999e+00,2.54894e-36,8.58073e-03,2.00538e-34,3.78622e-01,9.97729e-01
1.419840884e+00,4.35894e-36,1.46177e-02,3.31879e-34,3.85955e-01,9.98304e-01
1.426940089e+00,1.49511e-24,1.37105e-04,8.32803e-22,3.93282e-01,9.98949e-01
1.434074789e+00,0.00000e+00,0.00000e+00,1.79241e-19,4.00599e-01,9.99345e-01
1.441245163e+00,0.00000e+00,0.00000e+00,6.82210e-16,4.07903e-01,9.99490e-01
1.448451389e+00,0.00000e+00,0.00000e+00,3.37151e-10,4.15193e-01,9.99577e-01
1.455693646e+00,0.00000e+00,0.00000e+00,3.75886e-07,4.22464e-01,9.99650e-01
1.462972114e+00,0.00000e+00,0.00000e+00,4.68259e-07,4.29716e-01,9.99701e-01
1.470286975e+00,0.00000e+00,0.00000e+00,1.07913e-07,4.36945e-01,9.99732e-01
1.477638409e+00,0.00000e+00,0.00000e+00,2.16920e-07,4.44150e-01,9.99769e-01
1.485026601e+00,0.00000e+00,2.03555e-321,1.16726e-06,4.51328e-01,9.99825e-01
1.492451734e+00,1.84267e-276,1.48719e-272,5.05026e-05,4.58476e-01,9.99880e-01
1.499913993e+00,8.09337e-114,1.83828e-111,9.87798e-04,4.65593e-01,9.99934e-01
1.507413563e+00,2.23837e-111,2.39484e-109,5.64872e-03,4.72676e-01,9.99965e-01
1.514950631e+00,2.50628e-114,5.91014e-113,3.30924e-02,4.79725e-01,9.99978e-01
1.522525384e+00,0.00000e+00,0.00000e+00,1.03536e-01,4.86736e-01,9.99988e-01
1.530138011e+00,0.00000e+00,0.00000e+00,1.81719e-01,4.93708e-01,9.99993e-01
1.537788701e+00,0.00000e+00,0.00000e+00,3.70403e-01,5.00639e-01,9.99996e-01
1.545477645e+00,3.02267e-147,9.18105e-147,5.35317e-01,5.07528e-01,9.99997e-01
1.553205033e+00,1.79887e-107,4.92967e-107,5.97421e-01,5.14373e-01,9.99998e-01
1.560971058e+00,1.14454e-106,2.61874e-106,7.23127e-01,5.21172e-01,9.99998e-01
1.568775913e+00,0.00000e+00,0.00000e+00,8.07528e-01,5.27924e-01,9.99998e-01
1.576619793e+00,0.00000e+00,0.00000e+00,8.46375e-01,5.34627e-01,9.99998e-01
1.584502892e+00,0.00000e+00,0.00000e+00,9.03770e-01,5.41281e-01,9.99999e-01
1.592425406e+00,0.00000e+00,0.00000e+00,9.10539e-01,5.47883e-01,9.99999e-01
1.600387533e+00,0.00000e+00,0.00000e+00,9.37499e-01,5.54434e-01,9.99999e-01
1.608389471e+00,0.00000e+00,0.00000e+00,9.35328e-01,5.60931e-01,9.99998e-01
1.616431418e+00,0.00000e+00,0.00000e+00,9.34148e-01,5.67373e-01,9.99998e-01
1.624513575e+00,0.00000e+00,0.00000e+00,9.29969e-01,5.73761e-01,9.99998e-01
1.632636143e+00,0.00000e+00,0.00000e+00,8.92227e-01,5.80091e-01,9.99998e-01
1.640799324e+00,0.00000e+00,0.00000e+00,8.59788e-01,5.86365e-01,9.99998e-01
1.649003321e+00,0.00000e+00,0.00000e+00,8.23257e-01,5.92580e-01,9.99998e-01
1.657248337e+00,0.00000e+00,0.00000e+00,7.75652e-01,5.98737e-01,9.99997e-01
1.665534579e+00,0.00000e+00,0.00000e+00,7.09923e-01,6.04834e-01,9.99997e-01
1.673862252e+00,0.00000e+00,0.00000e+00,6.21300e-01,6.10871e-01,9.99996e-01
1.682231563e+00,2.32728e-291,4.52457e-291,6.69011e-01,6.16847e-01,9.99994e-01
1.690642721e+00,1.14679e-156,2.56625e-156,4.92782e-01,6.22762e-01,9.99992e-01
1.699095934e+00,7.58109e-97,1.81959e-96,4.48990e-01,6.28615e-01,9.99988e-01
1.707591414e+00,9.31109e-45,2.21443e-44,4.26199e-01,6.34405e-01,9.99981e-01
1.716129371e+00,9.93041e-27,2.96091e-26,3.45166e-01,6.40134e-01,9.99973e-01
1.724710018e+00,3.27660e-15,1.07642e-14,2.22950e-01,6.45799e-01,9.99960e-01
1.733333568e+00,3.96090e-11,1.80189e-10,1.47860e-01,6.51401e-01,9.99937e-01
1.742000236e+00,5.03420e-08,8.83338e-07,4.71275e-02,6.56939e-01,9.99901e-01
1.750710237e+00,3.29125e-16,2.49062e-14,5.30366e-03,6.62414e-01,9.99844e-01
1.759463788e+00,0.00000e+00,0.00000e+00,2.11107e-04,6.67825e-01,9.99755e-01
1.768261107e+00,0.00000e+00,0.00000e+00,4.89280e-07,6.73172e-01,9.99604e-01
1.777102413e+00,0.00000e+00,0.00000e+00,1.53332e-10,6.78455e-01,9.99378e-01
1.785987925e+00,0.00000e+00,0.00000e+00,1.38281e-18,6.83674e-01,9.99002e-01
1.794917864e+00,0.00000e+00,0.00000e+00,1.77214e-22,6.88828e-01,9.98269e-01
1.803892454e+00,0.00000e+00,0.00000e+00,4.99843e-43,6.93919e-01,9.97380e-01
1.812911916e+00,0.00000e+00,0.00000e+00,7.94892e-59,6.98945e-01,9.96575e-01
1.821976476e+00,0.00000e+00,0.00000e+00,6.64529e-59,7.03908e-01,9.95908e-01
1.831086358e+00,0.00000e+00,8.75626e-271,4.73613e-64,7.08807e-01,9.95266e-01
1.840241790e+00,1.05678e-278,3.02970e-229,1.47412e-51,7.13642e-01,9.94768e-01
1.849442999e+00,1.46107e-204,2.26168e-157,3.11497e-49,7.18413e-01,9.94361e-01
1.858690214e+00,8.43472e-225,1.26861e-148,2.98232e-78,7.23121e-01,9.93483e-01
1.867983665e+00,2.73761e-228,2.17942e-149,5.21618e-81,7.27767e-01,9.92744e-01
1.877323583e+00,0.00000e+00,0.00000e+00,1.39662e-30,7.32349e-01,9.93095e-01
1.886710201e+00,0.00000e+00,0.00000e+00,7.22174e-25,7.36869e-01,9.94146e-01
1.896143752e+00,0.00000e+00,0.00000e+00,3.20285e-23,7.41327e-01,9.94718e-01
1.905624471e+00,0.00000e+00,0.00000e+00,1.29903e-47,7.45723e-01,9.95083e-01
1.915152593e+00,0.00000e+00,0.00000e+00,2.75385e-56,7.50057e-01,9.95412e-01
1.924728356e+00,0.00000e+00,0.00000e+00,5.55653e-63,7.54330e-01,9.95953e-01
1.934351998e+00,0.00000e+00,0.00000e+00,1.68941e-72,7.58542e-01,9.96663e-01
1.944023758e+00,0.00000e+00,0.00000e+00,3.50965e-37,7.62694e-01,9.97596e-01
1.953743877e+00,0.00000e+00,0.00000e+00,1.82671e-36,7.66786e-01,9.98423e-01
1.963512596e+00,0.00000e+00,0.00000e+00,1.02905e-23,7.70819e-01,9.99017e-01
1.973330159e+00,0.00000e+00,0.00000e+00,9.72053e-17,7.74792e-01,9.99407e-01
1.983196810e+00,0.00000e+00,0.00000e+00,1.02581e-09,7.78707e-01,9.99619e-01
1.993112794e+00,0.00000e+00,0.00000e+00,7.12277e-08,7.82564e-01,9.99751e-01
2.003078358e+00,0.00000e+00,0.00000e+00,7.78725e-05,7.86363e-01,9.99836e-01
2.013093750e+00,0.00000e+00,0.00000e+00,8.12757e-04,7.90105e-01,9.99894e-01
2.023159218e+00,0.00000e+00,0.00000e+00,1.27182e-02,7.93790e-01,9.99932e-01
2.033275015e+00,0.00000e+00,0.00000e+00,4.80449e-02,7.97419e-01,9.99956e-01
2.043441390e+00,0.00000e+00,0.00000e+00,1.44961e-01,8.00993e-01,9.99971e-01
2.053658597e+00,0.00000e+00,0.00000e+00,1.78947e-01,8.04511e-01,9.99980e-01
2.063926890e+00,0.00000e+00,0.00000e+00,2.93415e-01,8.07975e-01,9.99985e-01
2.074246524e+00,0.00000e+00,0.00000e+00,3.46208e-01,8.11386e-01,9.99989e-01
2.084617757e+00,0.00000e+00,0.00000e+00,4.93857e-01,8.14742e-01,9.99991e-01
2.095040845e+00,0.00000e+00,0.00000e+00,5.73646e-01,8.18046e-01,9.99993e-01
2.105516050e+00,0.00000e+00,0.00000e+00,6.21452e-01,8.21298e-01,9.99994e-01
2.116043630e+00,0.00000e+00,0.00000e+00,6.33333e-01,8.24498e-01,9.99994e-01
2.126623848e+00,0.00000e+00,0.00000e+00,7.56312e-01,8.27647e-01,9.99994e-01
2.137256967e+00,0.00000e+00,0.00000e+00,7.67050e-01,8.30745e-01,9.99994e-01
2.147943252e+00,0.00000e+00,0.00000e+00,7.74487e-01,8.33793e-01,9.99994e-01
2.158682968e+00,0.00000e+00,0.00000e+00,7.91379e-01,8.36792e-01,9.99994e-01
2.169476383e+00,0.00000e+00,0.00000e+00,7.79639e-01,8.39743e-01,9.99993e-01
2.180323765e+00,0.00000e+00,0.00000e+00,7.54471e-01,8.42645e-01,9.99993e-01
2.191225384e+00,2.08871e-258,2.97321e-258,7.12016e-01,8.45499e-01,9.99992e-01
2.202181511e+00,7.90290e-163,1.20473e-162,6.51482e-01,8.48307e-01,9.99992e-01
2.213192418e+00,3.21327e-79,4.74211e-79,6.55422e-01,8.51068e-01,9.99991e-01
2.224258381e+00,2.75966e-50,4.22051e-50,5.99017e-01,8.53783e-01,9.99990e-01
2.235379672e+00,4.85696e-33,7.40419e-33,6.53160e-01,8.56453e-01,9.99989e-01
2.246556571e+00,2.88335e-22,5.17622e-22,4.68812e-01,8.59078e-01,9.99986e-01
2.257789354e+00,2.55775e-16,4.65366e-16,5.59127e-01,8.61660e-01,9.99983e-01
2.269078300e+00,8.14141e-16,2.81974e-15,2.41054e-01,8.64198e-01,9.99979e-01
2.280423692e+00,4.78152e-12,1.29222e-11,3.02338e-01,8.66693e-01,9.99973e-01
2.291825810e+00,1.75169e-10,9.96692e-10,1.07252e-01,8.69145e-01,9.99966e-01
2.303284939e+00,7.89983e-09,5.11054e-08,1.33494e-01,8.71556e-01,9.99952e-01
2.314801364e+00,3.61653e-08,5.78328e-07,3.46997e-02,8.73926e-01,9.99932e-01
2.326375371e+00,2.19432e-06,5.39014e-05,3.30932e-02,8.76256e-01,9.99909e-01
2.338007248e+00,1.60874e-06,1.96430e-05,5.09530e-02,8.78545e-01,9.99876e-01
2.349697284e+00,7.26752e-07,1.21485e-04,2.73622e-03,8.80795e-01,9.99831e-01
2.361445770e+00,3.63107e-06,5.13184e-04,5.50923e-03,8.83006e-01,9.99767e-01
2.373252999e+00,1.43174e-05,1.98941e-03,1.95168e-03,8.85179e-01,9.99676e-01
2.385119264e+00,2.79970e-06,6.62549e-02,1.69659e-05,8.87314e-01,9.99555e-01
2.397044861e+00,2.54284e-04,2.91216e-01,8.57271e-04,8.89412e-01,9.99327e-01
2.409030085e+00,1.54467e-07,1.21699e-01,9.28293e-07,8.91473e-01,9.99014e-01
2.421075235e+00,7.12328e-07,5.45779e-02,6.32652e-06,8.93498e-01,9.98650e-01
2.433180612e+00,6.38586e-12,1.64416e-06,3.77910e-07,8.95488e-01,9.98171e-01
2.445346515e+00,1.92165e-12,5.45921e-04,1.07824e-09,8.97442e-01,9.97552e-01
2.457573247e+00,1.93688e-18,6.24604e-05,3.13076e-15,8.99363e-01,9.96705e-01
2.469861113e+00,2.31174e-119,4.97660e-98,1.57795e-23,9.01249e-01,9.95544e-01
2.482210419e+00,0.00000e+00,0.00000e+00,3.48109e-48,9.03102e-01,9.93738e-01
2.494621471e+00,0.00000e+00,0.00000e+00,1.98759e-82,9.04922e-01,9.91131e-01
2.507094578e+00,0.00000e+00,0.00000e+00,1.38197e-136,9.06709e-01,9.87076e-01
2.519630051e+00,0.00000e+00,0.00000e+00,9.61826e-257,9.08465e-01,9.81172e-01
2.532228202e+00,0.00000e+00,0.00000e+00,0.00000e+00,9.10189e-01,9.74876e-01
2.544889343e+00,0.00000e+00,0.00000e+00,0.00000e+00,9.11882e-01,9.67990e-01
2.557613789e+00,0.00000e+00,0.00000e+00,0.00000e+00,9.13545e-01,9.62423e-01
2.570401858e+00,0.00000e+00,0.00000e+00,0.00000e+00,9.15178e-01,9.59406e-01
2.583253867e+00,0.00000e+00,0.00000e+00,0.00000e+00,9.16782e-01,9.56757e-01
2.596170137e+00,0.00000e+00,0.00000e+00,0.00000e+00,9.18357e-01,9.54800e-01
2.609150988e+00,0.00000e+00,0.00000e+00,0.00000e+00,9.19903e-01,9.52056e-01
2.622196742e+00,0.00000e+00,0.00000e+00,0.00000e+00,9.21421e-01,9.50770e-01
2.635307726e+00,0.00000e+00,0.00000e+00,1.02719e-143,9.22912e-01,9.48597e-01
2.648484265e+00,0.00000e+00,0.00000e+00,4.15939e-175,9.24376e-01,9.41504e-01
2.661726686e+00,0.00000e+00,0.00000e+00,1.11361e-314,9.25812e-01,9.35061e-01
2.675035320e+00,0.00000e+00,0.00000e+00,0.00000e+00,9.27223e-01,9.38247e-01
2.688410496e+00,0.00000e+00,0.00000e+00,0.00000e+00,9.28608e-01,9.41655e-01
2.701852549e+00,0.00000e+00,0.00000e+00,0.00000e+00,9.29968e-01,9.46984e-01
2.715361811e+00,0.00000e+00,0.00000e+00,0.00000e+00,9.31302e-01,9.50653e-01
2.728938620e+00,0.00000e+00,0.00000e+00,0.00000e+00,9.32612e-01,9.56149e-01
2.742583314e+00,0.00000e+00,0.00000e+00,0.00000e+00,9.33898e-01,9.57741e-01
2.756296230e+00,0.00000e+00,0.00000e+00,0.00000e+00,9.35161e-01,9.59397e-01
2.770077711e+00,0.00000e+00,0.00000e+00,0.00000e+00,9.36400e-01,9.65010e-01
2.783928100e+00,0.00000e+00,0.00000e+00,0.00000e+00,9.37616e-01,9.67922e-01
2.797847740e+00,0.00000e+00,0.00000e+00,0.00000e+00,9.38810e-01,9.72411e-01
2.811836979e+00,0.00000e+00,0.00000e+00,0.00000e+00,9.39981e-01,9.77973e-01
2.825896164e+00,0.00000e+00,0.00000e+00,0.00000e+00,9.41131e-01,9.82969e-01
2.840025645e+00,0.00000e+00,0.00000e+00,4.72812e-279,9.42260e-01,9.86477e-01
2.854225773e+00,0.00000e+00,0.00000e+00,2.25323e-242,9.43367e-01,9.89303e-01
2.868496902e+00,0.00000e+00,0.00000e+00,4.33713e-228,9.44454e-01,9.92292e-01
2.882839386e+00,0.00000e+00,0.00000e+00,1.48110e-180,9.45521e-01,9.94343e-01
2.897253583e+00,0.00000e+00,0.00000e+00,5.15887e-154,9.46568e-01,9.95439e-01
2.911739851e+00,0.00000e+00,0.00000e+00,2.24505e-102,9.47595e-01,9.96370e-01
2.926298550e+00,0.00000e+00,0.00000e+00,1.00844e-68,9.48603e-01,9.97258e-01
2.940930043e+00,0.00000e+00,0.00000e+00,1.37550e-67,9.49592e-01,9.97807e-01
2.955634693e+00,0.00000e+00,0.00000e+00,2.70245e-68,9.50563e-01,9.98182e-01
2.970412867e+00,0.00000e+00,0.00000e+00,2.32283e-57,9.51515e-01,9.98577e-01
2.985264931e+00,0.00000e+00,0.00000e+00,3.59565e-45,9.52450e-01,9.98852e-01
3.000191256e+00,0.00000e+00,0.00000e+00,2.13148e-33,9.53367e-01,9.99014e-01
3.015192212e+00,0.00000e+00,0.00000e+00,4.56437e-33,9.54267e-01,9.99213e-01
3.030268173e+00,0.00000e+00,0.00000e+00,2.44710e-28,9.55149e-01,9.99322e-01
3.045419514e+00,0.00000e+00,0.00000e+00,1.91935e-31,9.56015e-01,9.99385e-01
3.060646612e+00,0.00000e+00,0.00000e+00,1.02004e-20,9.56865e-01,9.99453e-01
3.075949845e+00,0.00000e+00,0.00000e+00,5.17445e-20,9.57699e-01,1.21964e-08
3.091329594e+00,0.00000e+00,0.00000e+00,2.52949e-17,9.58517e-01,2.50300e-19
3.106786242e+00,0.00000e+00,0.00000e+00,6.68860e-17,9.59319e-01,4.18854e-52
3.122320173e+00,0.00000e+00,0.00000e+00,6.51042e-14,9.60107e-01,3.57081e-143
3.137931774e+00,0.00000e+00,0.00000e+00,5.41954e-14,9.60879e-01,1.51581e-69
3.153621433e+00,0.00000e+00,0.00000e+00,3.19693e-08,9.61637e-01,4.09342e-18
3.169389540e+00,0.00000e+00,0.00000e+00,7.17988e-08,9.62380e-01,5.53736e-71
3.185236488e+00,0.00000e+00,0.00000e+00,3.24878e-09,9.63109e-01,7.69676e-116
3.201162670e+00,0.00000e+00,0.00000e+00,1.76768e-17,9.63824e-01,3.46148e-203
3.217168483e+00,0.00000e+00,0.00000e+00,2.72575e-14,9.64526e-01,2.77271e-293
3.233254326e+00,0.00000e+00,0.00000e+00,2.05023e-09,9.65215e-01,0.00000e+00
3.249420598e+00,0.00000e+00,2.15120e-180,2.18503e-06,9.65890e-01,0.00000e+00
3.265667701e+00,0.00000e+00,7.49804e-157,1.49717e-08,9.66552e-01,0.00000e+00
3.281996039e+00,0.00000e+00,1.66921e-112,2.15856e-08,9.67202e-01,0.00000e+00
3.298406019e+00,0.00000e+00,3.30112e-100,2.95840e-10,9.67839e-01,0.00000e+00
3.314898049e+00,0.00000e+00,3.89888e-98,5.96266e-12,9.68464e-01,0.00000e+00
3.331472540e+00,0.00000e+00,2.44312e-91,1.23827e-10,9.69077e-01,0.00000e+00
3.348129902e+00,0.00000e+00,1.20569e-70,2.60852e-11,9.69679e-01,0.00000e+00
3.364870552e+00,0.00000e+00,3.09222e-70,1.17891e-09,9.70269e-01,0.00000e+00
3.381694905e+00,0.00000e+00,1.35343e-53,2.77074e-07,9.70847e-01,0.00000e+00
3.398603379e+00,0.00000e+00,9.77654e-44,9.08230e-07,9.71415e-01,0.00000e+00
3.415596396e+00,0.00000e+00,5.99970e-43,7.34183e-05,9.71971e-01,0.00000e+00
3.432674378e+00,1.03682e-245,1.33459e-47,1.01948e-04,9.72517e-01,1.56089e-195
3.449837750e+00,5.78247e-151,7.45250e-61,1.54988e-03,9.73053e-01,1.32425e-88
3.467086939e+00,1.11966e-137,4.06772e-120,1.01357e-02,9.73578e-01,1.25395e-16
3.484422373e+00,7.86181e-168,4.12891e-164,1.21225e-02,9.74093e-01,3.69474e-03
3.501844485e+00,3.46590e-251,9.97456e-244,7.61379e-02,9.74598e-01,2.63054e-07
3.519353708e+00,6.25489e-296,2.72678e-295,1.19468e-01,9.75094e-01,9.91131e-01
3.536950476e+00,0.00000e+00,0.00000e+00,1.40600e-01,9.75580e-01,9.74552e-01
3.554635228e+00,0.00000e+00,0.00000e+00,2.92131e-01,9.76056e-01,9.43418e-01
3.572408405e+00,7.58811e-298,1.93949e-297,3.02487e-01,9.76523e-01,9.05508e-01
3.590270447e+00,3.40833e-277,6.45806e-277,4.28997e-01,9.76982e-01,9.44411e-01
3.608221799e+00,1.15461e-192,1.96674e-192,5.17644e-01,9.77431e-01,9.71547e-01
3.626262908e+00,3.71153e-104,5.08257e-104,5.68228e-01,9.77872e-01,9.94116e-01
3.644394222e+00,2.54622e-81,3.46316e-81,7.12784e-01,9.78304e-01,9.97670e-01
3.662616193e+00,1.34539e-33,1.92957e-33,5.78967e-01,9.78728e-01,9.87392e-01
3.680929274e+00,3.47086e-16,6.69073e-16,4.05477e-01,9.79144e-01,9.37514e-01
3.699333921e+00,2.92519e-10,4.92945e-10,6.53052e-01,9.79552e-01,8.65418e-01
3.717830590e+00,6.44684e-11,1.13615e-10,7.18484e-01,9.79951e-01,7.48204e-01
3.736419743e+00,2.95285e-19,6.28079e-19,6.77625e-01,9.80344e-01,6.38060e-01
3.755101842e+00,3.19955e-88,6.48770e-88,6.59738e-01,9.80728e-01,6.69732e-01
3.773877351e+00,1.88228e-219,3.14737e-219,7.09497e-01,9.81105e-01,7.93749e-01
3.792746738e+00,0.00000e+00,0.00000e+00,6.60885e-01,9.81475e-01,9.12349e-01
3.811710472e+00,0.00000e+00,0.00000e+00,6.03533e-01,9.81837e-01,9.59933e-01
3.830769024e+00,0.00000e+00,0.00000e+00,5.80444e-01,9.82193e-01,9.84429e-01
3.849922869e+00,0.00000e+00,0.00000e+00,4.69390e-01,9.82541e-01,9.96179e-01
3.869172484e+00,1.15265e-314,1.94378e-314,4.24472e-01,9.82883e-01,9.66582e-01
3.888518346e+00,2.45181e-126,4.02465e-126,5.93724e-01,9.83219e-01,9.21113e-01
3.907960938e+00,2.87766e-101,5.27191e-101,5.63886e-01,9.83547e-01,8.66573e-01
3.927500742e+00,9.69977e-102,2.11529e-101,1.16689e-01,9.83870e-01,8.39841e-01
3.947138246e+00,5.65112e-151,3.43400e-150,1.21478e-01,9.84186e-01,9.07905e-01
3.966873937e+00,2.55572e-235,8.27795e-235,2.83811e-02,9.84496e-01,9.79598e-01
3.986708307e+00,0.00000e+00,0.00000e+00,3.91308e-01,9.84799e-01,9.99978e-01
4.006641849e+00,0.00000e+00,0.00000e+00,7.00069e-01,9.85097e-01,9.99977e-01
4.026675058e+00,0.00000e+00,0.00000e+00,6.58166e-01,9.85390e-01,9.99976e-01
4.046808433e+00,0.00000e+00,0.00000e+00,6.06639e-01,9.85676e-01,9.99976e-01
4.067042475e+00,0.00000e+00,0.00000e+00,5.58178e-01,9.85957e-01,9.99975e-01
4.087377688e+00,0.00000e+00,0.00000e+00,5.36560e-01,9.86232e-01,9.99974e-01
4.107814576e+00,0.00000e+00,0.00000e+00,4.20779e-01,9.86503e-01,9.99973e-01
4.128353649e+00,0.00000e+00,0.00000e+00,2.61003e-01,9.86767e-01,9.99972e-01
4.148995417e+00,0.00000e+00,0.00000e+00,1.99321e-01,9.87027e-01,9.99970e-01
4.169740394e+00,0.00000e+00,0.00000e+00,7.36948e-02,9.87282e-01,9.99969e-01
4.190589096e+00,0.00000e+00,0.00000e+00,4.40034e-02,9.87531e-01,9.99967e-01
4.211542042e+00,0.00000e+00,0.00000e+00,9.65630e-03,9.87776e-01,9.99966e-01
4.232599752e+00,0.00000e+00,0.00000e+00,4.54764e-03,9.88016e-01,9.99963e-01
4.253762751e+00,0.00000e+00,0.00000e+00,1.14375e-03,9.88251e-01,9.99961e-01
4.275031564e+00,0.00000e+00,0.00000e+00,1.21980e-04,9.88482e-01,9.99959e-01
4.296406722e+00,0.00000e+00,0.00000e+00,1.08202e-05,9.88708e-01,9.99956e-01
4.317888756e+00,0.00000e+00,0.00000e+00,2.03708e-05,9.88930e-01,9.99953e-01
4.339478200e+00,0.00000e+00,0.00000e+00,3.38110e-06,9.89147e-01,9.99949e-01
4.361175591e+00,0.00000e+00,0.00000e+00,8.52525e-07,9.89361e-01,9.99945e-01
4.382981469e+00,0.00000e+00,0.00000e+00,7.69342e-07,9.89570e-01,9.99940e-01
4.404896376e+00,0.00000e+00,0.00000e+00,4.71521e-07,9.89775e-01,9.99934e-01
4.426920858e+00,0.00000e+00,0.00000e+00,2.84558e-07,9.89976e-01,9.99929e-01
4.449055462e+00,0.00000e+00,0.00000e+00,1.05488e-07,9.90173e-01,9.99922e-01
4.471300739e+00,0.00000e+00,0.00000e+00,1.98647e-08,9.90366e-01,9.99914e-01
4.493657243e+00,0.00000e+00,0.00000e+00,5.51639e-08,9.90555e-01,9.99905e-01
4.516125529e+00,0.00000e+00,0.00000e+00,4.89125e-09,9.90741e-01,9.99894e-01
4.538706157e+00,0.00000e+00,0.00000e+00,5.63810e-07,9.90923e-01,9.99882e-01
4.561399688e+00,0.00000e+00,0.00000e+00,5.31880e-07,9.91101e-01,9.99868e-01
4.584206686e+00,0.00000e+00,0.00000e+00,4.16867e-07,9.91276e-01,9.99850e-01
4.607127720e+00,0.00000e+00,0.00000e+00,1.53569e-07,9.91448e-01,9.99829e-01
4.630163358e+00,0.00000e+00,0.00000e+00,2.69686e-13,9.91616e-01,9.99803e-01
4.653314175e+00,0.00000e+00,0.00000e+00,1.26165e-13,9.91781e-01,9.99774e-01
4.676580746e+00,0.00000e+00,0.00000e+00,6.99298e-16,9.91943e-01,9.99737e-01
4.699963650e+00,0.00000e+00,0.00000e+00,6.16069e-15,9.92101e-01,9.99695e-01
4.723463468e+00,0.00000e+00,0.00000e+00,3.38500e-18,9.92257e-01,9.99640e-01
4.747080785e+00,0.00000e+00,0.00000e+00,4.77949e-14,9.92409e-01,9.99575e-01
4.770816189e+00,0.00000e+00,0.00000e+00,2.16959e-16,9.92558e-01,9.99495e-01
4.794670270e+00,0.00000e+00,0.00000e+00,1.65056e-25,9.92705e-01,9.99403e-01
4.818643622e+00,0.00000e+00,0.00000e+00,6.16942e-26,9.92848e-01,9.99289e-01
4.842736840e+00,0.00000e+00,0.00000e+00,6.16183e-31,9.92989e-01,9.99161e-01
4.866950524e+00,0.00000e+00,0.00000e+00,1.21636e-22,9.93127e-01,9.99005e-01
4.891285276e+00,0.00000e+00,0.00000e+00,2.38547e-29,9.93262e-01,9.98804e-01
4.915741703e+00,0.00000e+00,0.00000e+00,2.77601e-29,9.93395e-01,9.98605e-01
4.940320411e+00,0.00000e+00,0.00000e+00,6.73638e-31,9.93525e-01,9.98334e-01
4.965022013e+00,0.00000e+00,0.00000e+00,1.41967e-43,9.93652e-01,9.98066e-01
4.989847123e+00,0.00000e+00,0.00000e+00,2.09876e-39,9.93777e-01,9.97818e-01
5.014796359e+00,0.00000e+00,0.00000e+00,2.22832e-45,9.93900e-01,9.97475e-01
5.039870341e+00,0.00000e+00,0.00000e+00,6.91256e-46,9.94020e-01,9.97068e-01
5.065069693e+00,0.00000e+00,0.00000e+00,1.22427e-45,9.94138e-01,9.96503e-01
5.090395041e+00,0.00000e+00,0.00000e+00,3.80598e-69,9.94253e-01,9.95960e-01
5.115847016e+00,0.00000e+00,0.00000e+00,7.19398e-69,9.94366e-01,9.95303e-01
5.141426251e+00,0.00000e+00,0.00000e+00,5.33945e-91,9.94477e-01,9.94581e-01
5.167133383e+00,0.00000e+00,0.00000e+00,7.97016e-106,9.94586e-01,9.93855e-01
5.192969049e+00,0.00000e+00,0.00000e+00,8.15906e-106,9.94693e-01,9.93028e-01
5.218933895e+00,0.00000e+00,0.00000e+00,6.13172e-170,9.94797e-01,9.92250e-01
5.245028564e+00,0.00000e+00,0.00000e+00,8.16198e-129,9.94900e-01,9.91485e-01
5.271253707e+00,0.00000e+00,0.00000e+00,1.78308e-132,9.95000e-01,9.90444e-01
5.297609976e+00,0.00000e+00,0.00000e+00,2.32586e-163,9.95099e-01,9.89417e-01
5.324098025e+00,0.00000e+00,0.00000e+00,1.96350e-163,9.95195e-01,9.88489e-01
5.350718516e+00,0.00000e+00,0.00000e+00,5.04400e-202,9.95290e-01,9.86819e-01
5.377472108e+00,0.00000e+00,0.00000e+00,5.07189e-211,9.95383e-01,9.85988e-01
5.404359469e+00,0.00000e+00,0.00000e+00,5.07268e-211,9.95474e-01,9.84121e-01
5.431381266e+00,0.00000e+00,0.00000e+00,0.00000e+00,9.95563e-01,9.82918e-01
5.458538172e+00,0.00000e+00,0.00000e+00,0.00000e+00,9.95650e-01,9.81110e-01
5.485830863e+00,0.00000e+00,0.00000e+00,0.00000e+00,9.95736e-01,9.78943e-01
5.513260018e+00,0.00000e+00,0.00000e+00,0.00000e+00,9.95820e-01,9.76825e-01
5.540826318e+00,0.00000e+00,0.00000e+00,0.00000e+00,9.95902e-01,9.74259e-01
5.568530449e+00,0.00000e+00,0.00000e+00,0.00000e+00,9.95983e-01,7.37868e-01
5.596373101e+00,0.00000e+00,0.00000e+00,0.00000e+00,9.96062e-01,6.43069e-01
5.624354967e+00,0.00000e+00,0.00000e+00,0.00000e+00,9.96140e-01,5.56423e-01
5.652476742e+00,0.00000e+00,0.00000e+00,0.00000e+00,9.96216e-01,4.64908e-01
5.680739126e+00,0.00000e+00,0.00000e+00,0.00000e+00,9.96291e-01,3.66356e-01
5.709142821e+00,0.00000e+00,0.00000e+00,0.00000e+00,9.96364e-01,2.62347e-01
5.737688535e+00,0.00000e+00,0.00000e+00,0.00000e+00,9.96435e-01,1.67542e-01
5.766376978e+00,0.00000e+00,0.00000e+00,0.00000e+00,9.96506e-01,9.58938e-02
5.795208863e+00,0.00000e+00,1.92866e-284,0.00000e+00,9.96575e-01,4.56439e-02
5.824184907e+00,0.00000e+00,1.32521e-206,0.00000e+00,9.96642e-01,1.72322e-02
5.853305832e+00,0.00000e+00,5.11498e-208,0.00000e+00,9.96708e-01,4.73085e-03
5.882572361e+00,0.00000e+00,9.60076e-242,0.00000e+00,9.96773e-01,8.66078e-04
5.911985223e+00,0.00000e+00,6.62672e-209,0.00000e+00,9.96837e-01,9.07727e-05
5.941545149e+00,0.00000e+00,2.24328e-103,0.00000e+00,9.96899e-01,4.68976e-06
5.971252874e+00,0.00000e+00,1.42484e-62,0.00000e+00,9.96960e-01,9.13972e-08
6.001109139e+00,0.00000e+00,5.50996e-54,0.00000e+00,9.97020e-01,5.17226e-10
6.031114685e+00,0.00000e+00,3.78805e-56,0.00000e+00,9.97079e-01,8.65501e-13
6.061270258e+00,0.00000e+00,5.07241e-73,0.00000e+00,9.97137e-01,2.11925e-16
6.091576609e+00,0.00000e+00,4.01216e-109,0.00000e+00,9.97193e-01,1.90201e-21
6.122034492e+00,0.00000e+00,1.57188e-142,9.61161e-288,9.97248e-01,4.46995e-28
6.152644665e+00,0.00000e+00,1.03467e-200,1.59860e-292,9.97303e-01,2.86708e-36
6.183407888e+00,0.00000e+00,8.93596e-233,1.99491e-191,9.97356e-01,6.51574e-47
6.214324928e+00,0.00000e+00,9.77192e-252,3.24565e-128,9.97408e-01,1.00494e-60
6.245396552e+00,0.00000e+00,3.16754e-186,2.14880e-88,9.97459e-01,1.26717e-78
6.276623535e+00,0.00000e+00,1.52068e-175,6.66673e-89,9.97509e-01,9.36947e-102
6.308006653e+00,0.00000e+00,3.61248e-177,1.62982e-88,9.97558e-01,1.57991e-131
6.339546686e+00,0.00000e+00,4.62576e-242,3.20081e-197,9.97606e-01,1.41344e-169
6.371244419e+00,0.00000e+00,2.93632e-276,0.00000e+00,9.97654e-01,2.92824e-214
6.403100641e+00,0.00000e+00,2.29799e-198,0.00000e+00,9.97700e-01,1.51617e-269
6.435116145e+00,0.00000e+00,9.51600e-85,0.00000e+00,9.97745e-01,0.00000e+00
6.467291725e+00,0.00000e+00,2.59441e-41,0.00000e+00,9.97790e-01,0.00000e+00
6.499628184e+00,0.00000e+00,2.54275e-17,0.00000e+00,9.97833e-01,0.00000e+00
6.532126325e+00,0.00000e+00,2.18321e-12,0.00000e+00,9.97876e-01,0.00000e+00
6.564786956e+00,0.00000e+00,1.26208e-09,0.00000e+00,9.97918e-01,0.00000e+00
6.597610891e+00,0.00000e+00,3.05234e-08,0.00000e+00,9.97959e-01,0.00000e+00
6.630598946e+00,0.00000e+00,2.27866e-07,0.00000e+00,9.97999e-01,0.00000e+00
6.663751940e+00,0.00000e+00,2.46879e-07,0.00000e+00,9.98039e-01,0.00000e+00
6.697070700e+00,0.00000e+00,1.58467e-08,0.00000e+00,9.98077e-01,0.00000e+00
6.730556054e+00,0.00000e+00,2.19822e-11,0.00000e+00,9.98115e-01,0.00000e+00
6.764208834e+00,0.00000e+00,3.96685e-15,0.00000e+00,9.98153e-01,0.00000e+00
6.798029878e+00,0.00000e+00,4.89950e-24,0.00000e+00,9.98189e-01,0.00000e+00
6.832020027e+00,0.00000e+00,6.30804e-34,0.00000e+00,9.98225e-01,0.00000e+00
6.866180128e+00,0.00000e+00,5.38889e-57,0.00000e+00,9.98260e-01,0.00000e+00
6.900511028e+00,0.00000e+00,4.53440e-82,0.00000e+00,9.98294e-01,0.00000e+00
6.935013583e+00,0.00000e+00,6.68817e-145,0.00000e+00,9.98328e-01,0.00000e+00
6.969688651e+00,0.00000e+00,4.65321e-209,0.00000e+00,9.98361e-01,0.00000e+00
7.004537095e+00,0.00000e+00,0.00000e+00,0.00000e+00,9.98393e-01,0.00000e+00
7.039559780e+00,0.00000e+00,0.00000e+00,0.00000e+00,9.98425e-01,0.00000e+00
7.074757579e+00,0.00000e+00,0.00000e+00,0.00000e+00,9.98456e-01,0.00000e+00
7.110131367e+00,0.00000e+00,0.00000e+00,0.00000e+00,9.98486e-01,0.00000e+00
7.145682024e+00,0.00000e+00,0.00000e+00,0.00000e+00,9.98516e-01,0.00000e+00
7.181410434e+00,0.00000e+00,0.00000e+00,0.00000e+00,9.98545e-01,0.00000e+00
7.217317486e+00,0.00000e+00,0.00000e+00,0.00000e+00,9.98574e-01,0.00000e+00
7.253404073e+00,0.00000e+00,0.00000e+00,0.00000e+00,9.98602e-01,0.00000e+00
7.289671094e+00,0.00000e+00,0.00000e+00,0.00000e+00,9.98630e-01,0.00000e+00
7.326119449e+00,0.00000e+00,0.00000e+00,0.00000e+00,9.98657e-01,0.00000e+00
7.362750046e+00,0.00000e+00,0.00000e+00,0.00000e+00,9.98683e-01,0.00000e+00
7.399563797e+00,0.00000e+00,0.00000e+00,0.00000e+00,9.98709e-01,0.00000e+00
7.436561616e+00,0.00000e+00,0.00000e+00,0.00000e+00,9.98735e-01,0.00000e+00
7.473744424e+00,0.00000e+00,0.00000e+00,0.00000e+00,9.98760e-01,0.00000e+00
7.511113146e+00,0.00000e+00,1.98406e-292,1.24727e-304,9.98784e-01,0.00000e+00
7.548668712e+00,0.00000e+00,2.08546e-173,2.67875e-316,9.98808e-01,0.00000e+00
7.586412055e+00,0.00000e+00,3.27602e-147,0.00000e+00,9.98832e-01,0.00000e+00
7.624344115e+00,0.00000e+00,3.36306e-146,3.87543e-279,9.98855e-01,0.00000e+00
7.662465836e+00,0.00000e+00,1.31204e-163,3.50571e-171,9.98877e-01,0.00000e+00
7.700778165e+00,0.00000e+00,2.20816e-221,2.95573e-171,9.98899e-01,0.00000e+00
7.739282056e+00,0.00000e+00,0.00000e+00,1.07209e-286,9.98921e-01,0.00000e+00
7.777978466e+00,0.00000e+00,0.00000e+00,1.68740e-194,9.98942e-01,0.00000e+00
7.816868359e+00,0.00000e+00,0.00000e+00,3.34854e-159,9.98963e-01,0.00000e+00
7.855952700e+00,0.00000e+00,0.00000e+00,2.84415e-159,9.98984e-01,0.00000e+00
7.895232464e+00,0.00000e+00,0.00000e+00,6.41510e-158,9.99004e-01,0.00000e+00
7.934708626e+00,0.00000e+00,0.00000e+00,2.08966e-92,9.99023e-01,0.00000e+00
7.974382169e+00,0.00000e+00,0.00000e+00,1.69177e-71,9.99043e-01,0.00000e+00
8.014254080e+00,0.00000e+00,0.00000e+00,9.94723e-72,9.99062e-01,0.00000e+00
8.054325351e+00,0.00000e+00,0.00000e+00,3.45314e-67,9.99080e-01,0.00000e+00
8.094596977e+00,0.00000e+00,0.00000e+00,1.27449e-54,9.99098e-01,0.00000e+00
8.135069962e+00,0.00000e+00,0.00000e+00,2.96589e-54,9.99116e-01,0.00000e+00
8.175745312e+00,0.00000e+00,0.00000e+00,7.86502e-55,9.99133e-01,0.00000e+00
8.216624039e+00,0.00000e+00,0.00000e+00,3.63029e-46,9.99150e-01,0.00000e+00
8.257707159e+00,0.00000e+00,0.00000e+00,1.65848e-27,9.99167e-01,0.00000e+00
8.298995695e+00,0.00000e+00,4.94066e-324,2.05157e-26,9.99184e-01,0.00000e+00
8.340490673e+00,0.00000e+00,1.24508e-298,1.74187e-28,9.99200e-01,0.00000e+00
8.382193126e+00,0.00000e+00,1.29308e-276,2.20501e-22,9.99216e-01,0.00000e+00
8.424104092e+00,0.00000e+00,9.38727e-219,5.82433e-23,9.99231e-01,0.00000e+00
8.466224613e+00,0.00000e+00,5.47413e-169,5.23899e-24,9.99246e-01,0.00000e+00
8.508555736e+00,0.00000e+00,5.85626e-94,9.07579e-19,9.99261e-01,0.00000e+00
8.551098514e+00,0.00000e+00,7.00621e-69,5.39518e-14,9.99276e-01,2.66232e-258
8.593854007e+00,2.38896e-278,2.34710e-68,1.74938e-09,9.99290e-01,8.72792e-203
8.636823277e+00,1.96820e-241,1.66152e-79,4.54593e-09,9.99304e-01,8.79897e-155
8.680007393e+00,1.06979e-216,4.64337e-90,6.96370e-12,9.99318e-01,1.15088e-117
8.723407430e+00,2.62312e-201,2.11311e-100,1.06832e-11,9.99331e-01,3.87046e-91
8.767024467e+00,1.19713e-190,1.54063e-109,5.49113e-13,9.99344e-01,1.26751e-70
8.810859590e+00,0.00000e+00,0.00000e+00,6.91283e-09,9.99357e-01,2.42226e-53
8.854913888e+00,0.00000e+00,0.00000e+00,5.26587e-06,9.99370e-01,3.48870e-41
8.899188457e+00,0.00000e+00,0.00000e+00,2.95344e-06,9.99382e-01,7.15959e-32
8.943684399e+00,0.00000e+00,0.00000e+00,9.62368e-09,9.99394e-01,4.26959e-24
8.988402821e+00,0.00000e+00,0.00000e+00,2.81580e-09,9.99406e-01,1.17454e-18
9.033344836e+00,0.00000e+00,0.00000e+00,1.87195e-09,9.99418e-01,1.64353e-14
9.078511560e+00,0.00000e+00,0.00000e+00,1.19345e-07,9.99430e-01,2.67324e-11
9.123904118e+00,0.00000e+00,0.00000e+00,3.62011e-06,9.99441e-01,7.50665e-09
9.169523638e+00,0.00000e+00,0.00000e+00,1.10606e-05,9.99452e-01,5.88905e-07
9.215371256e+00,0.00000e+00,0.00000e+00,1.93799e-04,9.99463e-01,1.26371e-05
9.261448113e+00,0.00000e+00,0.00000e+00,1.01560e-04,9.99473e-01,1.72199e-04
9.307755353e+00,0.00000e+00,0.00000e+00,4.09772e-06,9.99484e-01,1.30025e-03
9.354294130e+00,0.00000e+00,0.00000e+00,9.96516e-07,9.99494e-01,6.05898e-03
9.401065601e+00,0.00000e+00,0.00000e+00,6.87042e-11,9.99504e-01,1.99319e-02
9.448070929e+00,0.00000e+00,0.00000e+00,5.88561e-07,9.99514e-01,4.60058e-02
9.495311283e+00,0.00000e+00,0.00000e+00,4.95248e-05,9.99523e-01,8.88249e-02
9.542787840e+00,0.00000e+00,0.00000e+00,6.61411e-04,9.99533e-01,1.55655e-01
9.590501779e+00,0.00000e+00,0.00000e+00,5.53428e-05,9.99542e-01,2.40199e-01
9.638454288e+00,0.00000e+00,0.00000e+00,1.11007e-05,9.99551e-01,3.25777e-01
9.686646559e+00,0.00000e+00,0.00000e+00,1.90894e-05,9.99560e-01,4.14009e-01
9.735079792e+00,0.00000e+00,0.00000e+00,3.05009e-04,9.99568e-01,4.99817e-01
9.783755191e+00,0.00000e+00,0.00000e+00,1.17137e-04,9.99577e-01,5.79587e-01
9.832673967e+00,0.00000e+00,0.00000e+00,5.33244e-07,9.99585e-01,6.51180e-01
9.881837337e+00,0.00000e+00,0.00000e+00,8.52627e-14,9.99593e-01,7.13580e-01
9.931246523e+00,0.00000e+00,0.00000e+00,6.19932e-06,9.99601e-01,7.66888e-01
9.980902756e+00,0.00000e+00,0.00000e+00,6.11682e-05,9.99609e-01,9.99348e-01
1.003080727e+01,0.00000e+00,0.00000e+00,5.28208e-05,9.99617e-01,9.99341e-01
1.008096131e+01,0.00000e+00,0.00000e+00,2.18253e-04,9.99624e-01,9.99334e-01
1.013136611e+01,0.00000e+00,0.00000e+00,1.86871e-03,9.99632e-01,9.99327e-01
1.018202294e+01,0.00000e+00,0.00000e+00,2.85592e-03,9.99639e-01,9.99319e-01
1.023293306e+01,0.00000e+00,0.00000e+00,2.72630e-04,9.99646e-01,9.99312e-01
1.028409772e+01,0.00000e+00,0.00000e+00,2.45741e-07,9.99653e-01,9.99304e-01
1.033551821e+01,0.00000e+00,0.00000e+00,3.67759e-09,9.99660e-01,9.99296e-01
1.038719580e+01,0.00000e+00,0.00000e+00,4.59517e-11,9.99667e-01,9.99288e-01
1.043913178e+01,0.00000e+00,0.00000e+00,1.51055e-11,9.99673e-01,9.99280e-01
1.049132744e+01,0.00000e+00,0.00000e+00,3.94303e-07,9.99680e-01,9.99271e-01
1.054378408e+01,0.00000e+00,0.00000e+00,1.46053e-06,9.99686e-01,9.99261e-01
1.059650300e+01,0.00000e+00,0.00000e+00,6.65836e-07,9.99692e-01,9.99249e-01
1.064948551e+01,0.00000e+00,0.00000e+00,2.77907e-07,9.99698e-01,9.99236e-01
1.070273294e+01,0.00000e+00,0.00000e+00,5.07372e-09,9.99704e-01,9.99221e-01
1.075624661e+01,0.00000e+00,0.00000e+00,1.76964e-09,9.99710e-01,9.99206e-01
1.081002784e+01,0.00000e+00,0.00000e+00,3.88756e-09,9.99716e-01,9.99193e-01
1.086407798e+01,0.00000e+00,0.00000e+00,6.09743e-12,9.99721e-01,9.99179e-01
1.091839837e+01,0.00000e+00,0.00000e+00,7.62856e-18,9.99727e-01,9.99164e-01
1.097299036e+01,0.00000e+00,0.00000e+00,2.75041e-29,9.99732e-01,9.99149e-01
1.102785531e+01,0.00000e+00,0.00000e+00,4.16604e-35,9.99737e-01,9.99139e-01
1.108299459e+01,0.00000e+00,0.00000e+00,1.54342e-13,9.99743e-01,9.99130e-01
1.113840956e+01,0.00000e+00,0.00000e+00,9.57972e-10,9.99748e-01,9.99119e-01
1.119410161e+01,0.00000e+00,0.00000e+00,1.75935e-08,9.99753e-01,9.99107e-01
1.125007212e+01,0.00000e+00,0.00000e+00,1.59538e-10,9.99757e-01,9.99094e-01
1.130632248e+01,0.00000e+00,0.00000e+00,5.09969e-11,9.99762e-01,9.99082e-01
1.136285409e+01,0.00000e+00,0.00000e+00,2.52490e-09,9.99767e-01,9.99069e-01
1.141966836e+01,0.00000e+00,0.00000e+00,8.69981e-09,9.99772e-01,9.99057e-01
1.147676670e+01,0.00000e+00,0.00000e+00,1.78949e-10,9.99776e-01,9.99045e-01
1.153415054e+01,0.00000e+00,0.00000e+00,4.08283e-12,9.99780e-01,9.99031e-01
1.159182129e+01,0.00000e+00,0.00000e+00,1.79145e-21,9.99785e-01,9.99017e-01
1.164978039e+01,0.00000e+00,0.00000e+00,7.07918e-27,9.99789e-01,9.99003e-01
1.170802930e+01,0.00000e+00,0.00000e+00,1.44366e-37,9.99793e-01,9.98988e-01
1.176656944e+01,0.00000e+00,0.00000e+00,8.30235e-22,9.99797e-01,9.98974e-01
1.182540229e+01,0.00000e+00,0.00000e+00,1.52948e-16,9.99801e-01,9.98960e-01
1.188452930e+01,0.00000e+00,0.00000e+00,4.22569e-16,9.99805e-01,9.98945e-01
1.194395195e+01,0.00000e+00,0.00000e+00,2.91808e-15,9.99809e-01,9.98928e-01
1.200367171e+01,0.00000e+00,0.00000e+00,1.78628e-12,9.99813e-01,9.98910e-01
1.206369007e+01,0.00000e+00,0.00000e+00,4.31931e-14,9.99816e-01,9.98892e-01
1.212400852e+01,0.00000e+00,0.00000e+00,2.14339e-12,9.99820e-01,9.98873e-01
1.218462856e+01,0.00000e+00,0.00000e+00,1.78467e-12,9.99823e-01,9.98853e-01
1.224555170e+01,0.00000e+00,0.00000e+00,6.66028e-16,9.99827e-01,9.98831e-01
1.230677946e+01,0.00000e+00,0.00000e+00,1.99017e-30,9.99830e-01,9.98808e-01
1.236831336e+01,0.00000e+00,0.00000e+00,9.67179e-34,9.99834e-01,9.98784e-01
1.243015492e+01,0.00000e+00,0.00000e+00,6.40189e-63,9.99837e-01,9.98758e-01
1.249230570e+01,0.00000e+00,0.00000e+00,8.17542e-59,9.99840e-01,9.98732e-01
1.255476723e+01,0.00000e+00,0.00000e+00,6.90206e-51,9.99843e-01,9.98703e-01
1.261754106e+01,0.00000e+00,0.00000e+00,1.39218e-23,9.99846e-01,9.98674e-01
1.268062877e+01,0.00000e+00,0.00000e+00,1.33508e-21,9.99849e-01,9.98643e-01
1.274403191e+01,0.00000e+00,0.00000e+00,7.34948e-20,9.99852e-01,9.98611e-01
1.280775207e+01,0.00000e+00,0.00000e+00,9.47241e-19,9.99855e-01,9.98578e-01
1.287179083e+01,0.00000e+00,0.00000e+00,7.23454e-21,9.99858e-01,9.98543e-01
1.293614979e+01,0.00000e+00,0.00000e+00,1.09345e-21,9.99861e-01,9.98507e-01
1.300083054e+01,0.00000e+00,0.00000e+00,4.14434e-26,9.99864e-01,9.98469e-01
1.306583469e+01,0.00000e+00,0.00000e+00,3.75114e-35,9.99866e-01,9.98430e-01
1.313116386e+01,0.00000e+00,0.00000e+00,1.03026e-35,9.99869e-01,9.98390e-01
1.319681968e+01,0.00000e+00,0.00000e+00,4.79100e-39,9.99871e-01,9.98348e-01
1.326280378e+01,0.00000e+00,0.00000e+00,6.45754e-58,9.99874e-01,9.98304e-01
1.332911780e+01,0.00000e+00,0.00000e+00,3.79795e-66,9.99876e-01,9.98260e-01
1.339576339e+01,0.00000e+00,0.00000e+00,1.44992e-66,9.99879e-01,9.32288e-01
1.346274221e+01,0.00000e+00,0.00000e+00,1.98776e-100,9.99881e-01,9.25710e-01
1.353005592e+01,0.00000e+00,0.00000e+00,1.67628e-51,9.99884e-01,9.18511e-01
1.359770620e+01,0.00000e+00,0.00000e+00,7.98079e-49,9.99886e-01,9.11669e-01
1.366569473e+01,0.00000e+00,0.00000e+00,7.22329e-46,9.99888e-01,9.04248e-01
1.373402320e+01,0.00000e+00,0.00000e+00,2.39121e-34,9.99890e-01,8.96260e-01
1.380269332e+01,0.00000e+00,0.00000e+00,4.19563e-33,9.99892e-01,8.87617e-01
1.387170678e+01,0.00000e+00,0.00000e+00,1.01784e-40,9.99895e-01,8.76939e-01
1.394106532e+01,0.00000e+00,0.00000e+00,2.21178e-49,9.99897e-01,8.66832e-01
1.401077064e+01,0.00000e+00,0.00000e+00,4.92602e-58,9.99899e-01,8.55916e-01
1.408082450e+01,0.00000e+00,0.00000e+00,4.81431e-60,9.99901e-01,8.44232e-01
1.415122862e+01,0.00000e+00,0.00000e+00,7.11669e-84,9.99903e-01,8.31639e-01
1.422198476e+01,0.00000e+00,0.00000e+00,9.22265e-115,9.99904e-01,8.18220e-01
1.429309469e+01,0.00000e+00,0.00000e+00,2.18758e-114,9.99906e-01,8.03760e-01
1.436456016e+01,0.00000e+00,0.00000e+00,1.26844e-139,9.99908e-01,7.88374e-01
1.443638296e+01,0.00000e+00,0.00000e+00,9.89638e-164,9.99910e-01,7.71904e-01
1.450856487e+01,0.00000e+00,0.00000e+00,2.49923e-106,9.99912e-01,7.54389e-01
1.458110770e+01,0.00000e+00,0.00000e+00,4.64746e-77,9.99913e-01,7.35729e-01
1.465401324e+01,0.00000e+00,0.00000e+00,5.56717e-71,9.99915e-01,7.16003e-01
1.472728330e+01,0.00000e+00,0.00000e+00,1.26844e-70,9.99917e-01,6.98119e-01
1.480091972e+01,0.00000e+00,0.00000e+00,5.70873e-75,9.99918e-01,6.76166e-01
1.487492432e+01,0.00000e+00,0.00000e+00,2.54672e-132,9.99920e-01,6.53121e-01
1.494929894e+01,0.00000e+00,0.00000e+00,1.43041e-102,9.99922e-01,6.32431e-01
1.502404544e+01,0.00000e+00,0.00000e+00,2.21317e-87,9.99923e-01,6.07161e-01
1.509916566e+01,0.00000e+00,0.00000e+00,1.60725e-85,9.99925e-01,5.80893e-01
1.517466149e+01,0.00000e+00,0.00000e+00,2.48547e-90,9.99926e-01,5.57516e-01
1.525053480e+01,0.00000e+00,0.00000e+00,1.36835e-85,9.99927e-01,5.29244e-01
1.532678747e+01,0.00000e+00,0.00000e+00,3.53724e-97,9.99929e-01,5.00247e-01
1.540342141e+01,0.00000e+00,0.00000e+00,4.27713e-126,9.99930e-01,4.74697e-01
1.548043852e+01,0.00000e+00,0.00000e+00,8.76405e-141,9.99932e-01,4.48663e-01
1.555784071e+01,0.00000e+00,0.00000e+00,8.01199e-177,9.99933e-01,4.17792e-01
1.563562991e+01,0.00000e+00,0.00000e+00,3.09733e-269,9.99934e-01,3.86704e-01
1.571380806e+01,0.00000e+00,0.00000e+00,1.04033e-271,9.99936e-01,3.59905e-01
1.579237710e+01,0.00000e+00,0.00000e+00,1.40468e-193,9.99937e-01,3.33107e-01
1.587133899e+01,0.00000e+00,0.00000e+00,5.59374e-172,9.99938e-01,3.06531e-01
1.595069568e+01,0.00000e+00,0.00000e+00,8.49743e-184,9.99939e-01,2.80316e-01
1.603044916e+01,0.00000e+00,0.00000e+00,7.20844e-257,9.99940e-01,2.54617e-01
1.611060141e+01,0.00000e+00,0.00000e+00,7.25804e-247,9.99942e-01,2.25456e-01
1.619115441e+01,0.00000e+00,0.00000e+00,1.16588e-242,9.99943e-01,1.97589e-01
1.627211019e+01,0.00000e+00,0.00000e+00,5.66799e-271,9.99944e-01,1.74802e-01
1.635347074e+01,0.00000e+00,0.00000e+00,3.98019e-250,9.99945e-01,1.53220e-01
1.643523809e+01,0.00000e+00,0.00000e+00,1.05731e-254,9.99946e-01,1.32968e-01
1.651741428e+01,0.00000e+00,0.00000e+00,9.84782e-267,9.99947e-01,1.14154e-01
1.660000135e+01,0.00000e+00,0.00000e+00,0.00000e+00,9.99948e-01,9.69534e-02
1.668300136e+01,0.00000e+00,0.00000e+00,0.00000e+00,9.99949e-01,8.12714e-02
1.676641637e+01,0.00000e+00,0.00000e+00,4.03940e-310,9.99950e-01,6.72409e-02
1.685024845e+01,0.00000e+00,0.00000e+00,4.15674e-317,9.99951e-01,5.48372e-02
1.693449969e+01,0.00000e+00,0.00000e+00,0.00000e+00,9.99952e-01,4.40500e-02
1.701917219e+01,0.00000e+00,0.00000e+00,0.00000e+00,9.99953e-01,3.48048e-02
1.710426805e+01,0.00000e+00,0.00000e+00,0.00000e+00,9.99954e-01,2.70189e-02
1.718978939e+01,0.00000e+00,0.00000e+00,0.00000e+00,9.99955e-01,2.15681e-02
1.727573834e+01,0.00000e+00,0.00000e+00,0.00000e+00,9.99956e-01,1.69696e-02
1.736211703e+01,0.00000e+00,0.00000e+00,0.00000e+00,9.99956e-01,1.24848e-02
1.744892761e+01,0.00000e+00,0.00000e+00,0.00000e+00,9.99957e-01,8.96877e-03
1.753617225e+01,0.00000e+00,0.00000e+00,0.00000e+00,9.99958e-01,6.28838e-03
1.762385311e+01,0.00000e+00,0.00000e+00,0.00000e+00,9.99959e-01,4.29359e-03
1.771197238e+01,0.00000e+00,0.00000e+00,0.00000e+00,9.99960e-01,2.84822e-03
1.780053224e+01,0.00000e+00,0.00000e+00,0.00000e+00,9.99960e-01,1.97740e-03
1.788953490e+01,0.00000e+00,0.00000e+00,0.00000e+00,9.99961e-01,1.34129e-03
1.797898258e+01,0.00000e+00,0.00000e+00,0.00000e+00,9.99962e-01,8.15209e-04
1.806887749e+01,0.00000e+00,0.00000e+00,0.00000e+00,9.99963e-01,4.77448e-04
1.815922188e+01,0.00000e+00,0.00000e+00,0.00000e+00,9.99963e-01,2.96706e-04
1.825001799e+01,0.00000e+00,0.00000e+00,0.00000e+00,9.99964e-01,1.78850e-04
1.834126808e+01,0.00000e+00,0.00000e+00,0.00000e+00,9.99965e-01,9.35242e-05
1.843297442e+01,0.00000e+00,0.00000e+00,0.00000e+00,9.99965e-01,4.66097e-05
1.852513929e+01,0.00000e+00,0.00000e+00,0.00000e+00,9.99966e-01,2.50980e-05
1.861776499e+01,0.00000e+00,0.00000e+00,0.00000e+00,9.99967e-01,1.29740e-05
1.871085381e+01,0.00000e+00,0.00000e+00,0.00000e+00,9.99967e-01,5.57636e-06
1.880440808e+01,0.00000e+00,0.00000e+00,0.00000e+00,9.99968e-01,2.63379e-06
1.889843012e+01,0.00000e+00,0.00000e+00,0.00000e+00,9.99969e-01,1.18416e-06
1.899292227e+01,0.00000e+00,0.00000e+00,0.00000e+00,9.99969e-01,5.08620e-07
1.908788688e+01,0.00000e+00,0.00000e+00,0.00000e+00,9.99970e-01,2.06604e-07
1.918332632e+01,0.00000e+00,0.00000e+00,0.00000e+00,9.99970e-01,6.52347e-08
1.927924295e+01,0.00000e+00,0.00000e+00,0.00000e+00,9.99971e-01,2.34434e-08
1.937563916e+01,0.00000e+00,0.00000e+00,0.00000e+00,9.99972e-01,7.86712e-09
1.947251736e+01,0.00000e+00,0.00000e+00,0.00000e+00,9.99972e-01,2.48220e-09
1.956987994e+01,0.00000e+00,0.00000e+00,0.00000e+00,9.99973e-01,7.26698e-10
1.966772934e+01,0.00000e+00,0.00000e+00,0.00000e+00,9.99973e-01,1.50519e-10
1.976606799e+01,0.00000e+00,0.00000e+00,0.00000e+00,9.99974e-01,3.72607e-11
1.986489833e+01,0.00000e+00,0.00000e+00,0.00000e+00,9.99974e-01,8.42388e-12
1.996422282e+01,0.00000e+00,0.00000e+00,0.00000e+00,9.99975e-01,1.75517e-12
