#,Wave/freq,Total,O2,CO2,Rayleigh,CIA
4.000000000e-01,3.77566e-06,9.99999e-01,9.99999e-01,3.77566e-06,9.99999e-01
4.020000000e-01,4.83302e-06,9.99999e-01,9.99999e-01,4.83302e-06,9.99999e-01
4.040100000e-01,6.15486e-06,9.99999e-01,9.99999e-01,6.15486e-06,9.99999e-01
4.060300500e-01,7.80089e-06,9.99999e-01,9.99999e-01,7.80089e-06,9.99999e-01
4.080602003e-01,9.84095e-06,9.99999e-01,9.99999e-01,9.84095e-06,9.99999e-01
4.101005013e-01,1.23577e-05,9.99999e-01,9.99999e-01,1.23577e-05,9.99999e-01
4.121510038e-01,1.54484e-05,9.99999e-01,9.99999e-01,1.54484e-05,9.99999e-01
4.142117588e-01,1.92271e-05,9.99999e-01,9.99999e-01,1.92271e-05,9.99999e-01
4.162828176e-01,2.38270e-05,9.99999e-01,9.99999e-01,2.38270e-05,9.99999e-01
4.183642317e-01,2.94024e-05,9.99999e-01,9.99999e-01,2.94024e-05,9.99999e-01
4.204560528e-01,3.61322e-05,9.99999e-01,9.99999e-01,3.61322e-05,9.99999e-01
4.225583331e-01,4.42218e-05,9.99999e-01,9.99999e-01,4.42218e-05,9.99999e-01
4.246711247e-01,5.39071e-05,9.99999e-01,9.99999e-01,5.39071e-05,9.99999e-01
4.267944804e-01,6.54571e-05,9.99999e-01,9.99999e-01,6.54571e-05,9.99999e-01
4.289284528e-01,7.91775e-05,9.99999e-01,9.99999e-01,7.91775e-05,9.99999e-01
4.310730950e-01,9.54145e-05,9.99999e-01,9.99999e-01,9.54145e-05,9.99999e-01
4.332284605e-01,1.14558e-04,9.99999e-01,9.99999e-01,1.14558e-04,9.99999e-01
4.353946028e-01,1.37048e-04,9.99999e-01,9.99999e-01,1.37048e-04,9.99999e-01
4.375715758e-01,1.63372e-04,9.99999e-01,9.99999e-01,1.63372e-04,9.99999e-01
4.397594337e-01,1.94078e-04,9.99999e-01,9.99999e-01,1.94078e-04,9.99999e-01
4.419582309e-01,2.29773e-04,9.99999e-01,9.99999e-01,2.29773e-04,9.99999e-01
4.441680220e-01,2.71126e-04,9.99999e-01,9.99999e-01,2.71126e-04,9.99999e-01
4.463888621e-01,3.18879e-04,9.99999e-01,9.99999e-01,3.18879e-04,9.99999e-01
4.486208064e-01,3.73841e-04,9.99999e-01,9.99999e-01,3.73841e-04,9.99999e-01
4.508639105e-01,4.36903e-04,9.99999e-01,9.99999e-01,4.36903e-04,9.99999e-01
4.531182300e-01,5.09033e-04,9.99999e-01,9.99999e-01,5.09033e-04,9.99999e-01
4.553838212e-01,5.91284e-04,9.99999e-01,9.99999e-01,5.91284e-04,9.99999e-01
4.576607403e-01,6.84796e-04,9.99999e-01,9.99999e-01,6.84796e-04,9.99999e-01
4.599490440e-01,7.90800e-04,9.99999e-01,9.99999e-01,7.90800e-04,9.99999e-01
4.622487892e-01,9.10620e-04,9.99999e-01,9.99999e-01,9.10620e-04,9.99999e-01
4.645600332e-01,1.04568e-03,9.99999e-01,9.99999e-01,1.04568e-03,9.99999e-01
4.668828333e-01,1.19749e-03,9.99999e-01,9.99999e-01,1.19749e-03,9.99999e-01
4.692172475e-01,1.36768e-03,9.99999e-01,9.99999e-01,1.36768e-03,9.99999e-01
4.715633337e-01,1.55796e-03,9.99999e-01,9.99999e-01,1.55796e-03,9.99999e-01
4.739211504e-01,1.77015e-03,9.99999e-01,9.99999e-01,1.77015e-03,9.99999e-01
4.762907561e-01,2.00617e-03,9.99999e-01,9.99999e-01,2.00617e-03,9.99999e-01
4.786722099e-01,2.26805e-03,9.99999e-01,9.99999e-01,2.26805e-03,9.99999e-01
4.810655710e-01,2.55791e-03,9.99999e-01,9.99999e-01,2.55791e-03,9.99999e-01
4.834708988e-01,2.87797e-03,9.99999e-01,9.99999e-01,2.87797e-03,9.99999e-01
4.858882533e-01,3.23054e-03,9.99999e-01,9.99999e-01,3.23054e-03,9.99999e-01
4.883176946e-01,3.61804e-03,9.99999e-01,9.99999e-01,3.61804e-03,9.99999e-01
4.907592831e-01,4.04296e-03,9.99999e-01,9.99999e-01,4.04296e-03,9.99999e-01
4.932130795e-01,4.50788e-03,9.99999e-01,9.99999e-01,4.50788e-03,9.99999e-01
4.956791449e-01,5.01548e-03,9.99999e-01,9.99999e-01,5.01548e-03,9.99999e-01
4.981575406e-01,5.56849e-03,9.99999e-01,9.99999e-01,5.56849e-03,9.99999e-01
5.006483283e-01,6.16970e-03,9.99999e-01,9.99999e-01,6.16970e-03,9.99999e-01
5.031515699e-01,6.82201e-03,9.99999e-01,9.99999e-01,6.82201e-03,9.99999e-01
5.056673278e-01,7.52831e-03,9.99999e-01,9.99999e-01,7.52831e-03,9.99999e-01
5.081956644e-01,8.29160e-03,9.99999e-01,9.99999e-01,8.29160e-03,9.99999e-01
5.107366428e-01,9.11486e-03,9.99999e-01,9.99999e-01,9.11486e-03,9.99999e-01
5.132903260e-01,1.00012e-02,9.99999e-01,9.99999e-01,1.00012e-02,9.99999e-01
5.158567776e-01,1.09535e-02,9.99999e-01,9.99999e-01,1.09535e-02,9.99999e-01
5.184360615e-01,1.19751e-02,9.99999e-01,9.99999e-01,1.19751e-02,9.99999e-01
5.210282418e-01,1.30688e-02,9.99999e-01,9.99999e-01,1.30688e-02,9.99999e-01
5.236333830e-01,1.42379e-02,9.99999e-01,9.99999e-01,1.42379e-02,9.99999e-01
5.262515499e-01,1.54853e-02,9.99999e-01,9.99999e-01,1.54853e-02,9.99999e-01
5.288828077e-01,1.68141e-02,9.99999e-01,9.99999e-01,1.68141e-02,9.99999e-01
5.315272217e-01,1.82272e-02,9.99999e-01,9.99999e-01,1.82272e-02,9.99999e-01
5.341848578e-01,1.97277e-02,9.99999e-01,9.99999e-01,1.97277e-02,9.99999e-01
5.368557821e-01,2.13183e-02,9.99999e-01,9.99999e-01,2.13183e-02,9.99999e-01
5.395400610e-01,2.30019e-02,9.99999e-01,9.99999e-01,2.30019e-02,9.99999e-01
5.422377613e-01,2.47812e-02,9.99999e-01,9.99999e-01,2.47812e-02,9.99999e-01
5.449489501e-01,2.66589e-02,9.99999e-01,9.99999e-01,2.66589e-02,9.99999e-01
5.476736949e-01,2.86376e-02,9.99999e-01,9.99999e-01,2.86376e-02,9.99999e-01
5.504120634e-01,3.07196e-02,9.99999e-01,9.99999e-01,3.07196e-02,9.99999e-01
5.531641237e-01,3.29073e-02,9.99999e-01,9.99999e-01,3.29073e-02,9.99999e-01
5.559299443e-01,3.52030e-02,9.99999e-01,9.99999e-01,3.52030e-02,9.99999e-01
5.587095940e-01,3.76087e-02,9.99999e-01,9.99999e-01,3.76087e-02,9.99999e-01
5.615031420e-01,4.01264e-02,9.99999e-01,9.99999e-01,4.01264e-02,9.99999e-01
5.643106577e-01,4.27578e-02,9.99999e-01,9.99999e-01,4.27578e-02,9.99999e-01
5.671322110e-01,4.55047e-02,9.99999e-01,9.99999e-01,4.55047e-02,9.99999e-01
5.699678720e-01,4.83686e-02,9.99999e-01,9.99999e-01,4.83686e-02,9.99999e-01
5.728177114e-01,5.13507e-02,9.99999e-01,9.99999e-01,5.13507e-02,9.99999e-01
5.756818000e-01,5.44523e-02,9.99999e-01,9.99999e-01,5.44523e-02,9.99999e-01
5.785602090e-01,5.76744e-02,9.99999e-01,9.99999e-01,5.76744e-02,9.99999e-01
5.814530100e-01,6.10178e-02,9.99999e-01,9.99999e-01,6.10178e-02,9.99999e-01
5.843602750e-01,6.44833e-02,9.99999e-01,9.99999e-01,6.44833e-02,9.99999e-01
5.872820764e-01,6.80712e-02,9.99999e-01,9.99999e-01,6.80712e-02,9.99999e-01
5.902184868e-01,7.17819e-02,9.99999e-01,9.99999e-01,7.17819e-02,9.99999e-01
5.931695792e-01,7.56157e-02,9.99999e-01,9.99999e-01,7.56157e-02,9.99999e-01
5.961354271e-01,7.95723e-02,9.99999e-01,9.99999e-01,7.95723e-02,9.99999e-01
5.991161043e-01,8.36517e-02,9.99999e-01,9.99999e-01,8.36517e-02,9.99999e-01
6.021116848e-01,8.78534e-02,9.99999e-01,9.99999e-01,8.78534e-02,9.99999e-01
6.051222432e-01,9.21768e-02,9.99999e-01,9.99999e-01,9.21768e-02,9.99999e-01
6.081478544e-01,9.66213e-02,9.99999e-01,9.99999e-01,9.66213e-02,9.99999e-01
6.111885937e-01,1.01186e-01,9.99999e-01,9.99999e-01,1.01186e-01,9.99999e-01
6.142445367e-01,1.05870e-01,9.99999e-01,9.99999e-01,1.05870e-01,9.99999e-01
6.173157594e-01,1.10671e-01,9.99999e-01,9.99999e-01,1.10671e-01,9.99999e-01
6.204023382e-01,1.15589e-01,9.99999e-01,9.99999e-01,1.15589e-01,9.99999e-01
6.235043498e-01,1.20622e-01,9.99999e-01,9.99999e-01,1.20622e-01,9.99999e-01
6.266218716e-01,1.25768e-01,9.99999e-01,9.99999e-01,1.25768e-01,9.99999e-01
6.297549810e-01,1.31026e-01,9.99999e-01,9.99999e-01,1.31026e-01,9.99999e-01
6.329037559e-01,1.36393e-01,9.99999e-01,9.99999e-01,1.36393e-01,9.99999e-01
6.360682746e-01,1.41867e-01,9.99999e-01,9.99999e-01,1.41867e-01,9.99999e-01
6.392486160e-01,1.47446e-01,9.99999e-01,9.99999e-01,1.47446e-01,9.99999e-01
6.424448591e-01,1.53128e-01,9.99999e-01,9.99999e-01,1.53128e-01,9.99999e-01
6.456570834e-01,1.58910e-01,9.99999e-01,9.99999e-01,1.58910e-01,9.99999e-01
6.488853688e-01,1.64790e-01,9.99999e-01,9.99999e-01,1.64790e-01,9.99999e-01
6.521297956e-01,1.70765e-01,9.99999e-01,9.99999e-01,1.70765e-01,9.99999e-01
6.553904446e-01,1.76832e-01,9.99999e-01,9.99999e-01,1.76832e-01,9.99999e-01
6.586673968e-01,1.82988e-01,9.99999e-01,9.99999e-01,1.82988e-01,9.99999e-01
6.619607338e-01,1.89231e-01,9.99999e-01,9.99999e-01,1.89231e-01,9.99999e-01
6.652705375e-01,1.95557e-01,9.99999e-01,9.99999e-01,1.95557e-01,9.99999e-01
6.685968902e-01,2.01964e-01,9.99999e-01,9.99999e-01,2.01964e-01,9.99999e-01
6.719398746e-01,2.08447e-01,9.99999e-01,9.99999e-01,2.08447e-01,9.99999e-01
6.752995740e-01,2.15004e-01,9.99999e-01,9.99999e-01,2.15004e-01,9.99999e-01
6.786760719e-01,2.21632e-01,9.99999e-01,9.99999e-01,2.21632e-01,9.99999e-01
6.820694522e-01,2.28328e-01,9.99999e-01,9.99999e-01,2.28328e-01,9.99999e-01
6.854797995e-01,2.35087e-01,9.99999e-01,9.99999e-01,2.35087e-01,9.99999e-01
6.889071985e-01,2.41907e-01,9.99999e-01,9.99999e-01,2.41907e-01,9.99999e-01
6.923517345e-01,2.48784e-01,9.99999e-01,9.99999e-01,2.48784e-01,9.99999e-01
6.958134932e-01,2.55715e-01,9.99999e-01,9.99999e-01,2.55715e-01,9.99999e-01
6.992925606e-01,2.62697e-01,9.99999e-01,9.99999e-01,2.62697e-01,9.99999e-01
7.027890234e-01,2.69726e-01,9.99999e-01,9.99999e-01,2.69726e-01,9.99999e-01
7.063029686e-01,2.76798e-01,9.99999e-01,9.99999e-01,2.76798e-01,9.99999e-01
7.098344834e-01,2.83910e-01,9.99999e-01,9.99999e-01,2.83910e-01,9.99999e-01
7.133836558e-01,2.91060e-01,9.99999e-01,9.99999e-01,2.91060e-01,9.99999e-01
7.169505741e-01,2.98243e-01,9.99999e-01,9.99999e-01,2.98243e-01,9.99999e-01
7.205353270e-01,3.05456e-01,9.99999e-01,9.99999e-01,3.05456e-01,9.99999e-01
7.241380036e-01,3.12696e-01,9.99999e-01,9.99999e-01,3.12696e-01,9.99999e-01
7.277586936e-01,3.19959e-01,9.99999e-01,9.99999e-01,3.19959e-01,9.99999e-01
7.313974871e-01,3.27243e-01,9.99999e-01,9.99999e-01,3.27243e-01,9.99999e-01
7.350544745e-01,3.34544e-01,9.99999e-01,9.99999e-01,3.34544e-01,9.99999e-01
7.387297469e-01,3.41858e-01,9.99999e-01,9.99999e-01,3.41858e-01,9.99999e-01
7.424233956e-01,3.49184e-01,9.99999e-01,9.99999e-01,3.49184e-01,9.99999e-01
7.461355126e-01,3.56516e-01,9.99999e-01,9.99999e-01,3.56516e-01,9.99999e-01
7.498661902e-01,3.63854e-01,9.99999e-01,9.99999e-01,3.63854e-01,9.99999e-01
7.536155211e-01,3.71193e-01,9.99999e-01,9.99999e-01,3.71193e-01,9.99999e-01
7.573835987e-01,3.78531e-01,9.99999e-01,9.99999e-01,3.78531e-01,9.99999e-01
7.611705167e-01,3.85865e-01,9.99999e-01,9.99999e-01,3.85865e-01,9.99999e-01
7.649763693e-01,3.93191e-01,9.99999e-01,9.99999e-01,3.93191e-01,9.99999e-01
7.688012511e-01,4.00508e-01,9.99999e-01,9.99999e-01,4.00508e-01,9.99999e-01
7.726452574e-01,4.07813e-01,9.99999e-01,9.99999e-01,4.07813e-01,9.99999e-01
7.765084837e-01,4.15102e-01,9.99999e-01,9.99999e-01,4.15102e-01,9.99999e-01
7.803910261e-01,4.04756e-01,9.99999e-01,9.58286e-01,4.22374e-01,9.99999e-01
7.842929812e-01,3.58917e-01,9.99999e-01,8.35415e-01,4.29626e-01,9.99999e-01
7.882144461e-01,3.59861e-01,9.99999e-01,8.23751e-01,4.36856e-01,9.99999e-01
7.921555184e-01,3.96297e-01,9.99999e-01,8.92437e-01,4.44061e-01,9.99999e-01
7.961162960e-01,4.18400e-01,9.99999e-01,9.27225e-01,4.51239e-01,9.99999e-01
8.000968774e-01,4.39947e-01,9.99999e-01,9.59770e-01,4.58387e-01,9.99999e-01
8.040973618e-01,4.55753e-01,9.99999e-01,9.79051e-01,4.65505e-01,9.99999e-01
8.081178486e-01,4.67997e-01,9.99999e-01,9.90283e-01,4.72589e-01,9.99999e-01
8.121584379e-01,4.78212e-01,9.99999e-01,9.97027e-01,4.79638e-01,9.99999e-01
8.162192301e-01,4.86329e-01,9.99999e-01,9.99342e-01,4.86649e-01,9.99999e-01
8.203003262e-01,4.93617e-01,9.99999e-01,9.99990e-01,4.93622e-01,9.99999e-01
8.244018279e-01,5.00553e-01,9.99999e-01,9.99999e-01,5.00553e-01,9.99999e-01
8.285238370e-01,5.07443e-01,9.99999e-01,9.99999e-01,5.07443e-01,9.99999e-01
8.326664562e-01,5.14288e-01,9.99999e-01,9.99999e-01,5.14288e-01,9.99999e-01
8.368297885e-01,5.21088e-01,9.99999e-01,9.99999e-01,5.21088e-01,9.99999e-01
8.410139374e-01,5.27840e-01,9.99999e-01,9.99999e-01,5.27840e-01,9.99999e-01
8.452190071e-01,5.34544e-01,9.99999e-01,9.99999e-01,5.34544e-01,9.99999e-01
8.494451021e-01,5.41199e-01,9.99999e-01,9.99999e-01,5.41199e-01,9.99999e-01
8.536923276e-01,5.47802e-01,9.99999e-01,9.99999e-01,5.47802e-01,9.99999e-01
8.579607893e-01,5.54353e-01,9.99999e-01,9.99999e-01,5.54353e-01,9.99999e-01
8.622505932e-01,5.60851e-01,9.99999e-01,9.99999e-01,5.60851e-01,9.99999e-01
8.665618462e-01,5.18187e-01,9.99999e-01,9.13436e-01,5.67294e-01,9.99999e-01
8.708946554e-01,3.62948e-01,9.99999e-01,6.32663e-01,5.73682e-01,9.99999e-01
8.752491287e-01,4.01238e-01,9.99999e-01,6.91773e-01,5.80013e-01,9.99999e-01
8.796253743e-01,4.78658e-01,9.99999e-01,8.16422e-01,5.86287e-01,9.99999e-01
8.840235012e-01,5.33244e-01,9.99999e-01,8.99985e-01,5.92503e-01,9.99999e-01
8.884436187e-01,5.74406e-01,9.99999e-01,9.59484e-01,5.98661e-01,9.99999e-01
8.928858368e-01,5.94692e-01,9.99999e-01,9.83353e-01,6.04759e-01,9.99999e-01
8.973502660e-01,6.08328e-01,9.99999e-01,9.95958e-01,6.10796e-01,9.99999e-01
9.018370173e-01,6.16499e-01,9.99999e-01,9.99555e-01,6.16773e-01,9.99999e-01
9.063462024e-01,6.15330e-01,9.99999e-01,9.88182e-01,6.22689e-01,9.99999e-01
9.108779334e-01,6.12064e-01,9.99999e-01,9.73782e-01,6.28542e-01,9.99999e-01
9.154323231e-01,6.30443e-01,9.99999e-01,9.93865e-01,6.34334e-01,9.99999e-01
9.200094847e-01,5.84178e-01,9.99999e-01,9.12687e-01,6.40063e-01,9.99999e-01
9.246095321e-01,5.66929e-01,9.99999e-01,8.77967e-01,6.45729e-01,9.99999e-01
9.292325798e-01,5.87530e-01,9.99999e-01,9.02043e-01,6.51332e-01,9.99999e-01
9.338787427e-01,5.95211e-01,9.99999e-01,9.06129e-01,6.56871e-01,9.99999e-01
9.385481364e-01,6.16001e-01,9.99999e-01,9.30027e-01,6.62346e-01,9.99999e-01
9.432408771e-01,6.38824e-01,9.99999e-01,9.56668e-01,6.67758e-01,9.99999e-01
9.479570815e-01,6.57947e-01,9.99999e-01,9.77478e-01,6.73106e-01,9.99999e-01
9.526968669e-01,6.71000e-01,9.99999e-01,9.89107e-01,6.78390e-01,9.99999e-01
9.574603512e-01,6.80419e-01,9.99999e-01,9.95332e-01,6.83609e-01,9.99999e-01
9.622476530e-01,6.87762e-01,9.99999e-01,9.98544e-01,6.88765e-01,9.99999e-01
9.670588912e-01,6.93554e-01,9.99999e-01,9.99564e-01,6.93856e-01,9.99999e-01
9.718941857e-01,6.98862e-01,9.99999e-01,9.99969e-01,6.98883e-01,9.99999e-01
9.767536566e-01,7.03847e-01,9.99999e-01,9.99999e-01,7.03847e-01,9.99999e-01
9.816374249e-01,7.08746e-01,9.99999e-01,9.99999e-01,7.08746e-01,9.99999e-01
9.865456120e-01,7.13582e-01,9.99999e-01,9.99999e-01,7.13582e-01,9.99999e-01
9.914783401e-01,7.18354e-01,9.99999e-01,9.99999e-01,7.18354e-01,9.99999e-01
9.964357318e-01,7.23063e-01,9.99999e-01,9.99999e-01,7.23063e-01,9.99999e-01
1.001417910e+00,7.27709e-01,9.99999e-01,9.99999e-01,7.27709e-01,9.99999e-01
1.006425000e+00,7.32293e-01,9.99999e-01,9.99999e-01,7.32293e-01,9.99999e-01
1.011457125e+00,7.36813e-01,9.99999e-01,9.99999e-01,7.36813e-01,9.99999e-01
1.016514411e+00,7.41272e-01,9.99999e-01,9.99999e-01,7.41272e-01,9.99999e-01
1.021596983e+00,7.45614e-01,9.99999e-01,9.99927e-01,7.45668e-01,9.99999e-01
1.026704968e+00,7.46515e-01,9.99999e-01,9.95348e-01,7.50003e-01,9.99999e-01
1.031838492e+00,7.13198e-01,9.99999e-01,9.45537e-01,7.54277e-01,9.99999e-01
1.036997685e+00,9.57759e-02,9.99999e-01,1.26272e-01,7.58490e-01,9.99999e-01
1.042182673e+00,6.23042e-02,9.99999e-01,8.16950e-02,7.62643e-01,9.99999e-01
1.047393587e+00,7.98135e-02,9.99999e-01,1.04095e-01,7.66736e-01,9.99999e-01
1.052630555e+00,1.21770e-03,9.99999e-01,1.57984e-03,7.70769e-01,9.99999e-01
1.057893707e+00,3.48680e-03,9.99999e-01,4.50058e-03,7.74743e-01,9.99999e-01
1.063183176e+00,1.41850e-02,9.99999e-01,1.82173e-02,7.78659e-01,9.99999e-01
1.068499092e+00,4.62992e-02,9.99999e-01,5.91670e-02,7.82516e-01,9.99999e-01
1.073841587e+00,1.32051e-01,9.99999e-01,1.67936e-01,7.86316e-01,9.99999e-01
1.079210795e+00,2.55141e-01,9.99999e-01,3.22939e-01,7.90059e-01,9.99999e-01
1.084606849e+00,4.25642e-01,9.99999e-01,5.36244e-01,7.93745e-01,9.99999e-01
1.090029883e+00,5.76520e-01,9.99999e-01,7.23022e-01,7.97375e-01,9.99999e-01
1.095480033e+00,6.82820e-01,9.99999e-01,8.52512e-01,8.00949e-01,9.99999e-01
1.100957433e+00,7.44876e-01,9.99999e-01,9.25922e-01,8.04468e-01,9.99999e-01
1.106462220e+00,7.82670e-01,9.99999e-01,9.68731e-01,8.07933e-01,9.99999e-01
1.111994531e+00,8.01845e-01,9.99999e-01,9.88292e-01,8.11344e-01,9.99999e-01
1.117554504e+00,8.12377e-01,9.99999e-01,9.97147e-01,8.14701e-01,9.99999e-01
1.123142276e+00,8.17854e-01,9.99999e-01,9.99813e-01,8.18006e-01,9.99999e-01
1.128757988e+00,8.21258e-01,9.99999e-01,9.99999e-01,8.21258e-01,9.99999e-01
1.134401778e+00,8.24458e-01,9.99999e-01,9.99999e-01,8.24458e-01,9.99999e-01
1.140073787e+00,8.27608e-01,9.99999e-01,9.99999e-01,8.27608e-01,9.99999e-01
1.145774156e+00,8.30707e-01,9.99999e-01,9.99999e-01,8.30707e-01,9.99999e-01
1.151503026e+00,8.33756e-01,9.99999e-01,9.99999e-01,8.33756e-01,9.99999e-01
1.157260541e+00,8.36755e-01,9.99999e-01,9.99999e-01,8.36755e-01,9.99999e-01
1.163046844e+00,8.39706e-01,9.99999e-01,9.99999e-01,8.39706e-01,9.99999e-01
1.168862078e+00,8.42609e-01,9.99999e-01,9.99999e-01,8.42609e-01,9.99999e-01
1.174706389e+00,8.45464e-01,9.99999e-01,9.99999e-01,8.45464e-01,9.99999e-01
1.180579921e+00,8.48272e-01,9.99999e-01,9.99999e-01,8.48272e-01,9.99999e-01
1.186482820e+00,8.51024e-01,9.99999e-01,9.99988e-01,8.51034e-01,9.99999e-01
1.192415234e+00,8.39621e-01,9.99999e-01,9.83451e-01,8.53750e-01,9.99999e-01
1.198377311e+00,4.75377e-01,9.99999e-01,5.55074e-01,8.56420e-01,9.99999e-01
1.204369197e+00,4.43047e-13,9.99999e-01,5.15743e-13,8.59046e-01,9.99999e-01
1.210391043e+00,8.85934e-49,9.99999e-01,1.02821e-48,8.61628e-01,9.99999e-01
1.216442998e+00,2.14112e-42,9.99999e-01,2.47767e-42,8.64166e-01,9.99999e-01
1.222525213e+00,8.84648e-42,9.99999e-01,1.02075e-41,8.66662e-01,9.99999e-01
1.228637839e+00,2.30258e-32,9.99999e-01,2.64934e-32,8.69115e-01,9.99999e-01
1.234781029e+00,9.17557e-21,9.99999e-01,1.05282e-20,8.71527e-01,9.99999e-01
1.240954934e+00,5.74529e-14,9.99999e-01,6.57433e-14,8.73897e-01,9.99999e-01
1.247159708e+00,1.48314e-07,9.99999e-01,1.69265e-07,8.76227e-01,9.99999e-01
1.253395507e+00,6.25307e-05,9.99999e-01,7.11775e-05,8.78517e-01,9.99999e-01
1.259662485e+00,3.66458e-03,9.99999e-01,4.16066e-03,8.80767e-01,9.99999e-01
1.265960797e+00,3.79536e-02,9.99999e-01,4.29835e-02,8.82979e-01,9.99999e-01
1.272290601e+00,2.28828e-01,9.99999e-01,2.58518e-01,8.85152e-01,9.99999e-01
1.278652054e+00,1.91799e-01,9.99999e-01,2.16163e-01,8.87288e-01,9.99999e-01
1.285045314e+00,2.70722e-03,9.99999e-01,3.04391e-03,8.89386e-01,9.99999e-01
1.291470541e+00,2.23998e-06,9.99999e-01,2.51274e-06,8.91448e-01,9.99999e-01
1.297927893e+00,4.46002e-03,9.99999e-01,4.99177e-03,8.93473e-01,9.99999e-01
1.304417533e+00,7.55015e-02,9.99999e-01,8.43155e-02,8.95463e-01,9.99999e-01
1.310939621e+00,1.20760e-02,9.99999e-01,1.34564e-02,8.97418e-01,9.99999e-01
1.317494319e+00,2.55874e-17,9.99999e-01,2.84513e-17,8.99339e-01,9.99999e-01
1.324081790e+00,6.80635e-09,9.99999e-01,7.55232e-09,9.01226e-01,9.99999e-01
1.330702199e+00,5.77305e-07,9.99999e-01,6.39263e-07,9.03079e-01,9.99999e-01
1.337355710e+00,1.50236e-06,9.99999e-01,1.66024e-06,9.04899e-01,9.99999e-01
1.344042489e+00,4.36162e-08,9.99999e-01,4.81049e-08,9.06687e-01,9.99999e-01
1.350762701e+00,3.52806e-07,9.99999e-01,3.88363e-07,9.08443e-01,9.99999e-01
1.357516515e+00,8.10849e-05,9.99999e-01,8.90878e-05,9.10168e-01,9.99999e-01
1.364304097e+00,1.87148e-03,9.99999e-01,2.05237e-03,9.11862e-01,9.99999e-01
1.371125618e+00,3.70493e-02,9.99999e-01,4.05564e-02,9.13525e-01,9.99999e-01
1.377981246e+00,6.38849e-02,9.99999e-01,6.98074e-02,9.15158e-01,9.99999e-01
1.384871152e+00,1.94933e-01,9.99999e-01,2.12632e-01,9.16762e-01,9.99999e-01
1.391795508e+00,2.19921e-01,9.99999e-01,2.39478e-01,9.18337e-01,9.99999e-01
1.398754485e+00,3.79708e-01,9.99999e-01,4.12778e-01,9.19884e-01,9.99999e-01
1.405748258e+00,4.81272e-01,9.99999e-01,5.22325e-01,9.21403e-01,9.99999e-01
1.412776999e+00,6.12199e-01,9.99999e-01,6.63347e-01,9.22894e-01,9.99999e-01
1.419840884e+00,5.43508e-01,9.99999e-01,5.87984e-01,9.24358e-01,9.99999e-01
1.426940089e+00,4.30425e-02,9.99999e-01,4.64924e-02,9.25795e-01,9.99999e-01
1.434074789e+00,0.00000e+00,9.99999e-01,0.00000e+00,9.27206e-01,9.99999e-01
1.441245163e+00,0.00000e+00,9.99999e-01,0.00000e+00,9.28591e-01,9.99999e-01
1.448451389e+00,0.00000e+00,9.99999e-01,0.00000e+00,9.29951e-01,9.99999e-01
1.455693646e+00,0.00000e+00,9.99999e-01,0.00000e+00,9.31286e-01,9.99999e-01
1.462972114e+00,4.10686e-191,9.99999e-01,4.40368e-191,9.32596e-01,9.99999e-01
1.470286975e+00,5.80624e-80,9.99999e-01,6.21731e-80,9.33883e-01,9.99999e-01
1.477638409e+00,1.15394e-50,9.99999e-01,1.23397e-50,9.35145e-01,9.99999e-01
1.485026601e+00,1.15063e-28,9.99999e-01,1.22880e-28,9.36385e-01,9.99999e-01
1.492451734e+00,1.97540e-24,9.99999e-01,2.10686e-24,9.37601e-01,9.99999e-01
1.499913993e+00,3.11650e-11,9.99999e-01,3.31968e-11,9.38795e-01,9.99999e-01
1.507413563e+00,4.82454e-10,9.99999e-01,5.13266e-10,9.39967e-01,9.99999e-01
1.514950631e+00,1.91611e-11,9.99999e-01,2.03599e-11,9.41117e-01,9.99999e-01
1.522525384e+00,2.47871e-36,9.99999e-01,2.63064e-36,9.42246e-01,9.99999e-01
1.530138011e+00,3.00384e-85,9.99999e-01,3.18421e-85,9.43354e-01,9.99999e-01
1.537788701e+00,2.40964e-63,9.99999e-01,2.55139e-63,9.44441e-01,9.99999e-01
1.545477645e+00,3.09513e-14,9.99999e-01,3.27351e-14,9.45508e-01,9.99999e-01
1.553205033e+00,4.08447e-10,9.99999e-01,4.31509e-10,9.46555e-01,9.99999e-01
1.560971058e+00,1.19799e-10,9.99999e-01,1.26425e-10,9.47582e-01,9.99999e-01
1.568775913e+00,2.01068e-214,9.99999e-01,2.11964e-214,9.48591e-01,9.99999e-01
1.576619793e+00,0.00000e+00,9.99999e-01,0.00000e+00,9.49580e-01,9.99999e-01
1.584502892e+00,4.25223e-274,9.99999e-01,4.47343e-274,9.50551e-01,9.99999e-01
1.592425406e+00,3.50508e-191,9.99999e-01,3.68372e-191,9.51504e-01,9.99999e-01
1.600387533e+00,8.34481e-308,9.99999e-01,8.76152e-308,9.52438e-01,9.99999e-01
1.608389471e+00,0.00000e+00,9.99999e-01,0.00000e+00,9.53356e-01,9.99999e-01
1.616431418e+00,0.00000e+00,9.99999e-01,0.00000e+00,9.54255e-01,9.99999e-01
1.624513575e+00,1.03607e-242,9.99999e-01,1.08473e-242,9.55138e-01,9.99999e-01
1.632636143e+00,2.08266e-180,9.99999e-01,2.17850e-180,9.56005e-01,9.99999e-01
1.640799324e+00,3.67956e-74,9.99999e-01,3.84547e-74,9.56855e-01,9.99999e-01
1.649003321e+00,3.69603e-74,9.99999e-01,3.85932e-74,9.57689e-01,9.99999e-01
1.657248337e+00,1.53466e-57,9.99999e-01,1.60109e-57,9.58507e-01,9.99999e-01
1.665534579e+00,6.36267e-58,9.99999e-01,6.63255e-58,9.59309e-01,9.99999e-01
1.673862252e+00,2.83066e-37,9.99999e-01,2.94831e-37,9.60097e-01,9.99999e-01
1.682231563e+00,3.82987e-26,9.99999e-01,3.98583e-26,9.60869e-01,9.99999e-01
1.690642721e+00,5.33530e-15,9.99999e-01,5.54819e-15,9.61627e-01,9.99999e-01
1.699095934e+00,1.02257e-09,9.99999e-01,1.06256e-09,9.62371e-01,9.99999e-01
1.707591414e+00,1.96126e-05,9.99999e-01,2.03640e-05,9.63100e-01,9.99999e-01
1.716129371e+00,2.13989e-03,9.99999e-01,2.22022e-03,9.63816e-01,9.99999e-01
1.724710018e+00,3.24569e-02,9.99999e-01,3.36509e-02,9.64518e-01,9.99999e-01
1.733333568e+00,1.04869e-01,9.99999e-01,1.08650e-01,9.65206e-01,9.99999e-01
1.742000236e+00,2.56214e-01,9.99999e-01,2.65264e-01,9.65881e-01,9.99999e-01
1.750710237e+00,4.96588e-03,9.99999e-01,5.13776e-03,9.66544e-01,9.99999e-01
1.759463788e+00,1.31933e-35,9.99999e-01,1.36408e-35,9.67194e-01,9.99999e-01
1.768261107e+00,2.63550e-37,9.99999e-01,2.72310e-37,9.67831e-01,9.99999e-01
1.777102413e+00,4.57465e-36,9.99999e-01,4.72364e-36,9.68457e-01,9.99999e-01
1.785987925e+00,4.23078e-34,9.99999e-01,4.36581e-34,9.69070e-01,9.99999e-01
1.794917864e+00,1.50369e-32,9.99999e-01,1.55072e-32,9.69671e-01,9.99999e-01
1.803892454e+00,2.04813e-31,9.99999e-01,2.11091e-31,9.70261e-01,9.99999e-01
1.812911916e+00,3.87176e-30,9.99999e-01,3.98805e-30,9.70840e-01,9.99999e-01
1.821976476e+00,2.98479e-30,9.99999e-01,3.07264e-30,9.71408e-01,9.99999e-01
1.831086358e+00,1.68043e-24,9.99999e-01,1.72890e-24,9.71965e-01,9.99999e-01
1.840241790e+00,7.44016e-21,9.99999e-01,7.65046e-21,9.72511e-01,9.99999e-01
1.849442999e+00,1.36857e-14,9.99999e-01,1.40648e-14,9.73046e-01,9.99999e-01
1.858690214e+00,1.42904e-13,9.99999e-01,1.46784e-13,9.73572e-01,9.99999e-01
1.867983665e+00,2.29783e-14,9.99999e-01,2.35896e-14,9.74087e-01,9.99999e-01
1.877323583e+00,3.02983e-67,9.99999e-01,3.10882e-67,9.74592e-01,9.99999e-01
1.886710201e+00,4.79232e-88,9.99999e-01,4.91476e-88,9.75088e-01,9.99999e-01
1.896143752e+00,2.23321e-100,9.99999e-01,2.28912e-100,9.75574e-01,9.99999e-01
1.905624471e+00,2.56771e-116,9.99999e-01,2.63072e-116,9.76050e-01,9.99999e-01
1.915152593e+00,2.93817e-90,9.99999e-01,3.00882e-90,9.76518e-01,9.99999e-01
1.924728356e+00,5.98452e-108,9.99999e-01,6.12555e-108,9.76976e-01,9.99999e-01
1.934351998e+00,0.00000e+00,9.99999e-01,0.00000e+00,9.77426e-01,9.99999e-01
1.944023758e+00,0.00000e+00,9.99999e-01,0.00000e+00,9.77867e-01,9.99999e-01
1.953743877e+00,0.00000e+00,9.99999e-01,0.00000e+00,9.78299e-01,9.99999e-01
1.963512596e+00,0.00000e+00,9.99999e-01,0.00000e+00,9.78723e-01,9.99999e-01
1.973330159e+00,0.00000e+00,9.99999e-01,0.00000e+00,9.79139e-01,9.99999e-01
1.983196810e+00,0.00000e+00,9.99999e-01,0.00000e+00,9.79547e-01,9.99999e-01
1.993112794e+00,0.00000e+00,9.99999e-01,0.00000e+00,9.79947e-01,9.99999e-01
2.003078358e+00,0.00000e+00,9.99999e-01,0.00000e+00,9.80339e-01,9.99999e-01
2.013093750e+00,0.00000e+00,9.99999e-01,0.00000e+00,9.80723e-01,9.99999e-01
2.023159218e+00,0.00000e+00,9.99999e-01,0.00000e+00,9.81100e-01,9.99999e-01
2.033275015e+00,0.00000e+00,9.99999e-01,0.00000e+00,9.81470e-01,9.99999e-01
2.043441390e+00,0.00000e+00,9.99999e-01,0.00000e+00,9.81833e-01,9.99999e-01
2.053658597e+00,0.00000e+00,9.99999e-01,0.00000e+00,9.82188e-01,9.99999e-01
2.063926890e+00,0.00000e+00,9.99999e-01,0.00000e+00,9.82537e-01,9.99999e-01
2.074246524e+00,0.00000e+00,9.99999e-01,0.00000e+00,9.82879e-01,9.99999e-01
2.084617757e+00,0.00000e+00,9.99999e-01,0.00000e+00,9.83214e-01,9.99999e-01
2.095040845e+00,0.00000e+00,9.99999e-01,0.00000e+00,9.83543e-01,9.99999e-01
2.105516050e+00,0.00000e+00,9.99999e-01,0.00000e+00,9.83866e-01,9.99999e-01
2.116043630e+00,0.00000e+00,9.99999e-01,0.00000e+00,9.84182e-01,9.99999e-01
2.126623848e+00,0.00000e+00,9.99999e-01,0.00000e+00,9.84492e-01,9.99999e-01
2.137256967e+00,0.00000e+00,9.99999e-01,0.00000e+00,9.84796e-01,9.99999e-01
2.147943252e+00,3.49466e-246,9.99999e-01,3.54754e-246,9.85094e-01,9.99999e-01
2.158682968e+00,3.82380e-148,9.99999e-01,3.88050e-148,9.85386e-01,9.99999e-01
2.169476383e+00,2.62580e-72,9.99999e-01,2.66396e-72,9.85673e-01,9.99999e-01
2.180323765e+00,2.05006e-45,9.99999e-01,2.07926e-45,9.85954e-01,9.99999e-01
2.191225384e+00,1.86599e-23,9.99999e-01,1.89204e-23,9.86229e-01,9.99999e-01
2.202181511e+00,1.86198e-15,9.99999e-01,1.88746e-15,9.86499e-01,9.99999e-01
2.213192418e+00,1.37954e-08,9.99999e-01,1.39804e-08,9.86764e-01,9.99999e-01
2.224258381e+00,1.25063e-05,9.99999e-01,1.26707e-05,9.87024e-01,9.99999e-01
2.235379672e+00,5.20524e-04,9.99999e-01,5.27231e-04,9.87278e-01,9.99999e-01
2.246556571e+00,5.76843e-03,9.99999e-01,5.84128e-03,9.87528e-01,9.99999e-01
2.257789354e+00,4.07272e-02,9.99999e-01,4.12313e-02,9.87773e-01,9.99999e-01
2.269078300e+00,5.72059e-02,9.99999e-01,5.78999e-02,9.88013e-01,9.99999e-01
2.280423692e+00,6.44051e-02,9.99999e-01,6.51709e-02,9.88248e-01,9.99999e-01
2.291825810e+00,1.63477e-01,9.99999e-01,1.65382e-01,9.88479e-01,9.99999e-01
2.303284939e+00,2.38947e-01,9.99999e-01,2.41677e-01,9.88705e-01,9.99999e-01
2.314801364e+00,2.79258e-01,9.99999e-01,2.82384e-01,9.88927e-01,9.99999e-01
2.326375371e+00,4.26409e-01,9.99999e-01,4.31089e-01,9.89145e-01,9.99999e-01
2.338007248e+00,3.95211e-01,9.99999e-01,3.99462e-01,9.89358e-01,9.99999e-01
2.349697284e+00,4.47088e-01,9.99999e-01,4.51801e-01,9.89567e-01,9.99999e-01
2.361445770e+00,5.22905e-01,9.99999e-01,5.28308e-01,9.89772e-01,9.99999e-01
2.373252999e+00,5.56650e-01,9.99999e-01,5.62288e-01,9.89973e-01,9.99999e-01
2.385119264e+00,7.69620e-01,9.99999e-01,7.77260e-01,9.90170e-01,9.99999e-01
2.397044861e+00,8.92088e-01,9.99999e-01,9.00768e-01,9.90363e-01,9.99999e-01
2.409030085e+00,8.26601e-01,9.99999e-01,8.34484e-01,9.90553e-01,9.99999e-01
2.421075235e+00,7.16688e-01,9.99999e-01,7.23387e-01,9.90738e-01,9.99999e-01
2.433180612e+00,1.88750e-01,9.99999e-01,1.90480e-01,9.90921e-01,9.99999e-01
2.445346515e+00,4.46764e-01,9.99999e-01,4.50776e-01,9.91099e-01,9.99999e-01
2.457573247e+00,1.65152e-02,9.99999e-01,1.66606e-02,9.91274e-01,9.99999e-01
2.469861113e+00,3.43863e-10,9.99999e-01,3.46829e-10,9.91446e-01,9.99999e-01
2.482210419e+00,7.38128e-43,9.99999e-01,7.44370e-43,9.91614e-01,9.99999e-01
2.494621471e+00,2.04701e-66,9.99999e-01,2.06397e-66,9.91779e-01,9.99999e-01
2.507094578e+00,1.59507e-64,9.99999e-01,1.60803e-64,9.91941e-01,9.99999e-01
2.519630051e+00,1.57399e-85,9.99999e-01,1.58652e-85,9.92099e-01,9.99999e-01
2.532228202e+00,3.53152e-115,9.99999e-01,3.55908e-115,9.92255e-01,9.99999e-01
2.544889343e+00,2.09781e-113,9.99999e-01,2.11386e-113,9.92407e-01,9.99999e-01
2.557613789e+00,4.75440e-170,9.99999e-01,4.79005e-170,9.92556e-01,9.99999e-01
2.570401858e+00,5.39795e-271,9.99999e-01,5.43762e-271,9.92703e-01,9.99999e-01
2.583253867e+00,0.00000e+00,9.99999e-01,0.00000e+00,9.92846e-01,9.99999e-01
2.596170137e+00,0.00000e+00,9.99999e-01,0.00000e+00,9.92987e-01,9.99999e-01
2.609150988e+00,0.00000e+00,9.99999e-01,0.00000e+00,9.93125e-01,9.99999e-01
2.622196742e+00,0.00000e+00,9.99999e-01,0.00000e+00,9.93261e-01,9.99999e-01
2.635307726e+00,0.00000e+00,9.99999e-01,0.00000e+00,9.93393e-01,9.99999e-01
2.648484265e+00,0.00000e+00,9.99999e-01,0.00000e+00,9.93523e-01,9.99999e-01
2.661726686e+00,0.00000e+00,9.99999e-01,0.00000e+00,9.93651e-01,9.99999e-01
2.675035320e+00,0.00000e+00,9.99999e-01,0.00000e+00,9.93776e-01,9.99999e-01
2.688410496e+00,0.00000e+00,9.99999e-01,0.00000e+00,9.93898e-01,9.99999e-01
2.701852549e+00,0.00000e+00,9.99999e-01,0.00000e+00,9.94018e-01,9.99999e-01
2.715361811e+00,0.00000e+00,9.99999e-01,0.00000e+00,9.94136e-01,9.99999e-01
2.728938620e+00,0.00000e+00,9.99999e-01,0.00000e+00,9.94252e-01,9.99999e-01
2.742583314e+00,0.00000e+00,9.99999e-01,0.00000e+00,9.94365e-01,9.99999e-01
2.756296230e+00,0.00000e+00,9.99999e-01,0.00000e+00,9.94476e-01,9.99999e-01
2.770077711e+00,0.00000e+00,9.99999e-01,0.00000e+00,9.94585e-01,9.99999e-01
2.783928100e+00,0.00000e+00,9.99999e-01,0.00000e+00,9.94691e-01,9.99999e-01
2.797847740e+00,0.00000e+00,9.99999e-01,0.00000e+00,9.94796e-01,9.99999e-01
2.811836979e+00,0.00000e+00,9.99999e-01,0.00000e+00,9.94898e-01,9.99999e-01
2.825896164e+00,0.00000e+00,9.99999e-01,0.00000e+00,9.94999e-01,9.99999e-01
2.840025645e+00,0.00000e+00,9.99999e-01,0.00000e+00,9.95097e-01,9.99999e-01
2.854225773e+00,0.00000e+00,9.99999e-01,0.00000e+00,9.95194e-01,9.99999e-01
2.868496902e+00,0.00000e+00,9.99999e-01,0.00000e+00,9.95289e-01,9.99999e-01
2.882839386e+00,0.00000e+00,9.99999e-01,0.00000e+00,9.95382e-01,9.99999e-01
2.897253583e+00,0.00000e+00,9.99999e-01,0.00000e+00,9.95473e-01,9.99999e-01
2.911739851e+00,0.00000e+00,9.99999e-01,0.00000e+00,9.95562e-01,9.99999e-01
2.926298550e+00,0.00000e+00,9.99999e-01,0.00000e+00,9.95649e-01,9.99999e-01
2.940930043e+00,0.00000e+00,9.99999e-01,0.00000e+00,9.95735e-01,9.99999e-01
2.955634693e+00,0.00000e+00,9.99999e-01,0.00000e+00,9.95819e-01,9.99999e-01
2.970412867e+00,0.00000e+00,9.99999e-01,0.00000e+00,9.95901e-01,9.99999e-01
2.985264931e+00,0.00000e+00,9.99999e-01,0.00000e+00,9.95982e-01,9.99999e-01
3.000191256e+00,1.54791e-320,9.99999e-01,1.55384e-320,9.96061e-01,9.99999e-01
3.015192212e+00,0.00000e+00,9.99999e-01,0.00000e+00,9.96139e-01,9.99999e-01
3.030268173e+00,4.90093e-276,9.99999e-01,4.91954e-276,9.96215e-01,9.99999e-01
3.045419514e+00,2.88472e-168,9.99999e-01,2.89546e-168,9.96290e-01,9.99999e-01
3.060646612e+00,1.86603e-77,9.99999e-01,1.87284e-77,9.96363e-01,9.99999e-01
3.075949845e+00,3.44527e-62,9.99999e-01,1.57489e-61,9.96435e-01,2.19545e-01
3.091329594e+00,4.68621e-60,9.99999e-01,1.93502e-58,9.96505e-01,2.43027e-02
3.106786242e+00,2.13681e-62,9.99999e-01,4.74741e-58,9.96574e-01,4.51646e-05
3.122320173e+00,2.00348e-52,9.99999e-01,1.36695e-40,9.96641e-01,1.47059e-12
3.137931774e+00,3.84546e-45,9.99999e-01,1.19850e-39,9.96707e-01,3.21916e-06
3.153621433e+00,1.23006e-42,9.99999e-01,3.54964e-41,9.96772e-01,3.47651e-02
3.169389540e+00,7.51376e-61,9.99999e-01,5.87775e-55,9.96836e-01,1.28239e-06
3.185236488e+00,5.31191e-54,9.99999e-01,2.68867e-44,9.96898e-01,1.98180e-10
3.201162670e+00,2.38463e-52,9.99999e-01,2.13319e-35,9.96960e-01,1.12128e-17
3.217168483e+00,3.64596e-58,9.99999e-01,9.31890e-34,9.97019e-01,3.92412e-25
3.233254326e+00,5.31815e-66,9.99999e-01,6.28046e-29,9.97078e-01,8.49258e-38
3.249420598e+00,7.70233e-78,9.99999e-01,6.14659e-17,9.97136e-01,1.25670e-61
3.265667701e+00,2.79480e-112,9.99999e-01,2.08240e-14,9.97192e-01,1.34588e-98
3.281996039e+00,7.74883e-165,9.99999e-01,4.28788e-11,9.97248e-01,1.81213e-154
3.298406019e+00,2.32126e-231,9.99999e-01,2.50057e-09,9.97302e-01,9.30800e-223
3.314898049e+00,2.20699e-320,9.99999e-01,4.98107e-09,9.97355e-01,4.44266e-312
3.331472540e+00,6.71801e-262,9.99999e-01,1.05468e-08,9.97407e-01,6.38628e-254
3.348129902e+00,4.63417e-190,9.99999e-01,5.13748e-07,9.97458e-01,9.04329e-184
3.364870552e+00,8.80047e-131,9.99999e-01,1.14528e-06,9.97509e-01,7.70327e-125
3.381694905e+00,2.11169e-82,9.99999e-01,5.90644e-06,9.97558e-01,3.58398e-77
3.398603379e+00,2.59074e-50,9.99999e-01,1.39725e-04,9.97606e-01,1.85862e-46
3.415596396e+00,7.63187e-31,9.99999e-01,2.59100e-04,9.97653e-01,2.95245e-27
3.432674378e+00,5.26860e-21,9.99999e-01,4.55362e-05,9.97699e-01,1.15968e-16
3.449837750e+00,3.64684e-14,9.99999e-01,4.69629e-07,9.97745e-01,7.78289e-08
3.467086939e+00,6.75941e-13,9.99999e-01,1.16812e-11,9.97789e-01,5.79939e-02
3.484422373e+00,7.74390e-16,9.99999e-01,1.23950e-15,9.97833e-01,6.26118e-01
3.501844485e+00,1.61121e-22,9.99999e-01,5.58089e-22,9.97876e-01,2.89316e-01
3.519353708e+00,1.71093e-26,9.99999e-01,1.71578e-26,9.97917e-01,9.99254e-01
3.536950476e+00,2.91849e-32,9.99999e-01,2.93067e-32,9.97959e-01,9.97880e-01
3.554635228e+00,4.52804e-32,9.99999e-01,4.55894e-32,9.97999e-01,9.95212e-01
3.572408405e+00,2.76268e-26,9.99999e-01,2.79058e-26,9.98038e-01,9.91946e-01
3.590270447e+00,6.30830e-25,9.99999e-01,6.34947e-25,9.98077e-01,9.95429e-01
3.608221799e+00,6.34420e-18,9.99999e-01,6.37075e-18,9.98115e-01,9.97712e-01
3.626262908e+00,1.90897e-10,9.99999e-01,1.91340e-10,9.98152e-01,9.99529e-01
3.644394222e+00,2.80998e-08,9.99999e-01,2.81560e-08,9.98189e-01,9.99815e-01
3.662616193e+00,1.27180e-04,9.99999e-01,1.27545e-04,9.98224e-01,9.98906e-01
3.680929274e+00,1.53605e-02,9.99999e-01,1.54695e-02,9.98259e-01,9.94687e-01
3.699333921e+00,1.44362e-01,9.99999e-01,1.46341e-01,9.98294e-01,9.88160e-01
3.717830590e+00,8.40898e-02,9.99999e-01,8.62578e-02,9.98327e-01,9.76497e-01
3.736419743e+00,1.97382e-03,9.99999e-01,2.05084e-03,9.98360e-01,9.64022e-01
3.755101842e+00,3.24068e-09,9.99999e-01,3.35233e-09,9.98393e-01,9.68247e-01
3.773877351e+00,3.29247e-20,9.99999e-01,3.35901e-20,9.98424e-01,9.81737e-01
3.792746738e+00,7.56157e-50,9.99999e-01,7.62859e-50,9.98455e-01,9.92747e-01
3.811710472e+00,9.19856e-33,9.99999e-01,9.24272e-33,9.98486e-01,9.96730e-01
3.830769024e+00,1.76202e-32,9.99999e-01,1.76684e-32,9.98516e-01,9.98753e-01
3.849922869e+00,9.82988e-45,9.99999e-01,9.84745e-45,9.98545e-01,9.99668e-01
3.869172484e+00,4.59109e-28,9.99999e-01,4.61062e-28,9.98574e-01,9.97185e-01
3.888518346e+00,1.65973e-12,9.99999e-01,1.67339e-12,9.98602e-01,9.93226e-01
3.907960938e+00,1.54723e-09,9.99999e-01,1.56762e-09,9.98629e-01,9.88346e-01
3.927500742e+00,8.21968e-10,9.99999e-01,8.34716e-10,9.98656e-01,9.86051e-01
3.947138246e+00,2.68380e-14,9.99999e-01,2.70822e-14,9.98683e-01,9.92286e-01
3.966873937e+00,1.79268e-21,9.99999e-01,1.79785e-21,9.98709e-01,9.98409e-01
3.986708307e+00,6.00873e-33,9.99999e-01,6.01634e-33,9.98734e-01,9.99999e-01
4.006641849e+00,1.97245e-59,9.99999e-01,1.97490e-59,9.98759e-01,9.99999e-01
4.026675058e+00,3.93184e-296,9.99999e-01,3.93662e-296,9.98784e-01,9.99999e-01
4.046808433e+00,0.00000e+00,9.99999e-01,0.00000e+00,9.98808e-01,9.99999e-01
4.067042475e+00,0.00000e+00,9.99999e-01,0.00000e+00,9.98831e-01,9.99999e-01
4.087377688e+00,0.00000e+00,9.99999e-01,0.00000e+00,9.98854e-01,9.99999e-01
4.107814576e+00,0.00000e+00,9.99999e-01,0.00000e+00,9.98877e-01,9.99999e-01
4.128353649e+00,0.00000e+00,9.99999e-01,0.00000e+00,9.98899e-01,9.99999e-01
4.148995417e+00,0.00000e+00,9.99999e-01,0.00000e+00,9.98921e-01,9.99999e-01
4.169740394e+00,0.00000e+00,9.99999e-01,0.00000e+00,9.98942e-01,9.99999e-01
4.190589096e+00,0.00000e+00,9.99999e-01,0.00000e+00,9.98963e-01,9.99999e-01
4.211542042e+00,0.00000e+00,9.99999e-01,0.00000e+00,9.98983e-01,9.99999e-01
4.232599752e+00,0.00000e+00,9.99999e-01,0.00000e+00,9.99003e-01,9.99999e-01
4.253762751e+00,0.00000e+00,9.99999e-01,0.00000e+00,9.99023e-01,9.99999e-01
4.275031564e+00,0.00000e+00,9.99999e-01,0.00000e+00,9.99042e-01,9.99999e-01
4.296406722e+00,0.00000e+00,9.99999e-01,0.00000e+00,9.99061e-01,9.99999e-01
4.317888756e+00,0.00000e+00,9.99999e-01,0.00000e+00,9.99080e-01,9.99999e-01
4.339478200e+00,0.00000e+00,9.99999e-01,0.00000e+00,9.99098e-01,9.99999e-01
4.361175591e+00,0.00000e+00,9.99999e-01,0.00000e+00,9.99116e-01,9.99999e-01
4.382981469e+00,0.00000e+00,9.99999e-01,0.00000e+00,9.99133e-01,9.99999e-01
4.404896376e+00,0.00000e+00,9.99999e-01,0.00000e+00,9.99150e-01,9.99999e-01
4.426920858e+00,0.00000e+00,9.99999e-01,0.00000e+00,9.99167e-01,9.99999e-01
4.449055462e+00,0.00000e+00,9.99999e-01,0.00000e+00,9.99183e-01,9.99999e-01
4.471300739e+00,0.00000e+00,9.99999e-01,0.00000e+00,9.99200e-01,9.99999e-01
4.493657243e+00,0.00000e+00,9.99999e-01,0.00000e+00,9.99215e-01,9.99999e-01
4.516125529e+00,0.00000e+00,9.99999e-01,0.00000e+00,9.99231e-01,9.99999e-01
4.538706157e+00,0.00000e+00,9.99999e-01,0.00000e+00,9.99246e-01,9.99999e-01
4.561399688e+00,0.00000e+00,9.99999e-01,0.00000e+00,9.99261e-01,9.99999e-01
4.584206686e+00,0.00000e+00,9.99999e-01,0.00000e+00,9.99275e-01,9.99999e-01
4.607127720e+00,0.00000e+00,9.99999e-01,0.00000e+00,9.99290e-01,9.99999e-01
4.630163358e+00,0.00000e+00,9.99999e-01,0.00000e+00,9.99304e-01,9.99999e-01
4.653314175e+00,0.00000e+00,9.99999e-01,0.00000e+00,9.99317e-01,9.99999e-01
4.676580746e+00,0.00000e+00,9.99999e-01,0.00000e+00,9.99331e-01,9.99999e-01
4.699963650e+00,0.00000e+00,9.99999e-01,0.00000e+00,9.99344e-01,9.99999e-01
4.723463468e+00,0.00000e+00,9.99999e-01,0.00000e+00,9.99357e-01,9.99999e-01
4.747080785e+00,0.00000e+00,9.99999e-01,0.00000e+00,9.99370e-01,9.99999e-01
4.770816189e+00,0.00000e+00,9.99999e-01,0.00000e+00,9.99382e-01,9.99999e-01
4.794670270e+00,0.00000e+00,9.99999e-01,0.00000e+00,9.99394e-01,9.99999e-01
4.818643622e+00,0.00000e+00,9.99999e-01,0.00000e+00,9.99406e-01,9.99999e-01
4.842736840e+00,0.00000e+00,9.99999e-01,0.00000e+00,9.99418e-01,9.99999e-01
4.866950524e+00,0.00000e+00,9.99999e-01,0.00000e+00,9.99429e-01,9.99999e-01
4.891285276e+00,0.00000e+00,9.99999e-01,0.00000e+00,9.99441e-01,9.99999e-01
4.915741703e+00,0.00000e+00,9.99999e-01,0.00000e+00,9.99452e-01,9.99999e-01
4.940320411e+00,0.00000e+00,9.99999e-01,0.00000e+00,9.99463e-01,9.99999e-01
4.965022013e+00,0.00000e+00,9.99999e-01,0.00000e+00,9.99473e-01,9.99999e-01
4.989847123e+00,0.00000e+00,9.99999e-01,0.00000e+00,9.99484e-01,9.99999e-01
5.014796359e+00,0.00000e+00,9.99999e-01,0.00000e+00,9.99494e-01,9.99999e-01
5.039870341e+00,0.00000e+00,9.99999e-01,0.00000e+00,9.99504e-01,9.99999e-01
5.065069693e+00,0.00000e+00,9.99999e-01,0.00000e+00,9.99513e-01,9.99999e-01
5.090395041e+00,0.00000e+00,9.99999e-01,0.00000e+00,9.99523e-01,9.99999e-01
5.115847016e+00,0.00000e+00,9.99999e-01,0.00000e+00,9.99532e-01,9.99999e-01
5.141426251e+00,0.00000e+00,9.99999e-01,0.00000e+00,9.99542e-01,9.99999e-01
5.167133383e+00,0.00000e+00,9.99999e-01,0.00000e+00,9.99551e-01,9.99999e-01
5.192969049e+00,0.00000e+00,9.99999e-01,0.00000e+00,9.99560e-01,9.99999e-01
5.218933895e+00,0.00000e+00,9.99999e-01,0.00000e+00,9.99568e-01,9.99999e-01
5.245028564e+00,0.00000e+00,9.99999e-01,0.00000e+00,9.99577e-01,9.99999e-01
5.271253707e+00,0.00000e+00,9.99999e-01,0.00000e+00,9.99585e-01,9.99999e-01
5.297609976e+00,0.00000e+00,9.99999e-01,0.00000e+00,9.99593e-01,9.99999e-01
5.324098025e+00,0.00000e+00,9.99999e-01,0.00000e+00,9.99601e-01,9.99999e-01
5.350718516e+00,0.00000e+00,9.99999e-01,0.00000e+00,9.99609e-01,9.99999e-01
5.377472108e+00,0.00000e+00,9.99999e-01,0.00000e+00,9.99617e-01,9.99999e-01
5.404359469e+00,0.00000e+00,9.99999e-01,0.00000e+00,9.99624e-01,9.99999e-01
5.431381266e+00,0.00000e+00,9.99999e-01,0.00000e+00,9.99632e-01,9.99999e-01
5.458538172e+00,0.00000e+00,9.99999e-01,0.00000e+00,9.99639e-01,9.99999e-01
5.485830863e+00,3.47398e-216,9.99999e-01,3.47521e-216,9.99646e-01,9.99999e-01
5.513260018e+00,2.68732e-159,9.99999e-01,2.68825e-159,9.99653e-01,9.99999e-01
5.540826318e+00,5.86056e-106,9.99999e-01,5.86255e-106,9.99660e-01,9.99999e-01
5.568530449e+00,2.64282e-80,9.99999e-01,2.70469e-80,9.99667e-01,9.77448e-01
5.596373101e+00,1.47658e-59,9.99999e-01,1.52805e-59,9.99673e-01,9.66630e-01
5.624354967e+00,1.44898e-52,9.99999e-01,1.51706e-52,9.99680e-01,9.55427e-01
5.652476742e+00,8.64545e-45,9.99999e-01,9.19443e-45,9.99686e-01,9.40585e-01
5.680739126e+00,2.93847e-40,9.99999e-01,3.18700e-40,9.99692e-01,9.22298e-01
5.709142821e+00,5.50496e-38,9.99999e-01,6.12837e-38,9.99698e-01,8.98544e-01
5.737688535e+00,4.30114e-39,9.99999e-01,4.96735e-39,9.99704e-01,8.66137e-01
5.766376978e+00,7.46639e-35,9.99999e-01,9.02909e-35,9.99710e-01,8.27165e-01
5.795208863e+00,1.40872e-25,9.99999e-01,1.81114e-25,9.99716e-01,7.78027e-01
5.824184907e+00,1.49577e-18,9.99999e-01,2.09608e-18,9.99721e-01,7.13801e-01
5.853305832e+00,5.27512e-19,9.99999e-01,8.23606e-19,9.99727e-01,6.40665e-01
5.882572361e+00,2.79171e-22,9.99999e-01,5.03184e-22,9.99732e-01,5.54957e-01
5.911985223e+00,2.04805e-19,9.99999e-01,4.45823e-19,9.99737e-01,4.59507e-01
5.941545149e+00,5.27988e-11,9.99999e-01,1.45139e-10,9.99743e-01,3.63874e-01
5.971252874e+00,3.03392e-07,9.99999e-01,1.15548e-06,9.99748e-01,2.62633e-01
6.001109139e+00,5.20807e-06,9.99999e-01,3.04469e-05,9.99753e-01,1.71096e-01
6.031114685e+00,6.73003e-07,9.99999e-01,6.68165e-06,9.99757e-01,1.00748e-01
6.061270258e+00,3.52971e-09,9.99999e-01,7.34858e-08,9.99762e-01,4.80439e-02
6.091576609e+00,1.88781e-12,9.99999e-01,1.04018e-10,9.99767e-01,1.81530e-02
6.122034492e+00,4.19741e-16,9.99999e-01,7.69482e-14,9.99771e-01,5.45608e-03
6.152644665e+00,2.85982e-21,9.99999e-01,2.50152e-18,9.99776e-01,1.14349e-03
6.183407888e+00,6.09402e-25,9.99999e-01,4.05904e-21,9.99780e-01,1.50167e-04
6.214324928e+00,3.44845e-27,9.99999e-01,3.20079e-22,9.99785e-01,1.07760e-05
6.245396552e+00,7.06012e-24,9.99999e-01,1.99124e-17,9.99789e-01,3.54633e-07
6.276623535e+00,7.09172e-24,9.99999e-01,1.64837e-15,9.99793e-01,4.30314e-09
6.308006653e+00,2.02849e-27,9.99999e-01,1.37911e-16,9.99797e-01,1.47117e-11
6.339546686e+00,5.58452e-36,9.99999e-01,5.38310e-22,9.99801e-01,1.03762e-14
6.371244419e+00,7.08222e-43,9.99999e-01,6.63776e-25,9.99805e-01,1.06717e-18
6.403100641e+00,6.80999e-41,9.99999e-01,2.66075e-18,9.99809e-01,2.55991e-23
6.435116145e+00,2.68923e-37,9.99999e-01,4.71527e-09,9.99813e-01,5.70429e-29
6.467291725e+00,1.62345e-43,9.99999e-01,5.65218e-05,9.99816e-01,2.87277e-39
6.499628184e+00,2.78729e-52,9.99999e-01,1.22659e-02,9.99820e-01,2.27279e-50
6.532126325e+00,2.10281e-63,9.99999e-01,7.89688e-02,9.99823e-01,2.66330e-62
6.564786956e+00,2.48575e-79,9.99999e-01,1.68770e-01,9.99827e-01,1.47312e-78
6.597610891e+00,1.58955e-96,9.99999e-01,2.31490e-01,9.99830e-01,6.86776e-96
6.630598946e+00,5.77675e-121,9.99999e-01,2.79347e-01,9.99834e-01,2.06829e-120
6.663751940e+00,6.65284e-147,9.99999e-01,2.78465e-01,9.99837e-01,2.38950e-146
6.697070700e+00,1.94391e-180,9.99999e-01,1.94459e-01,9.99840e-01,9.99808e-180
6.730556054e+00,1.08600e-215,9.99999e-01,1.00464e-01,9.99843e-01,1.08114e-214
6.764208834e+00,1.09767e-261,9.99999e-01,2.93462e-02,9.99846e-01,3.74100e-260
6.798029878e+00,7.11949e-321,9.99999e-01,4.96093e-03,9.99849e-01,1.43606e-318
6.832020027e+00,0.00000e+00,9.99999e-01,2.65974e-04,9.99852e-01,0.00000e+00
6.866180128e+00,0.00000e+00,9.99999e-01,3.61507e-06,9.99855e-01,0.00000e+00
6.900511028e+00,0.00000e+00,9.99999e-01,8.89416e-09,9.99858e-01,0.00000e+00
6.935013583e+00,0.00000e+00,9.99999e-01,8.81600e-14,9.99861e-01,0.00000e+00
6.969688651e+00,0.00000e+00,9.99999e-01,2.27797e-19,9.99864e-01,0.00000e+00
7.004537095e+00,0.00000e+00,9.99999e-01,5.91509e-30,9.99866e-01,0.00000e+00
7.039559780e+00,0.00000e+00,9.99999e-01,1.83929e-38,9.99869e-01,0.00000e+00
7.074757579e+00,0.00000e+00,9.99999e-01,1.77395e-52,9.99871e-01,0.00000e+00
7.110131367e+00,0.00000e+00,9.99999e-01,4.92216e-61,9.99874e-01,0.00000e+00
7.145682024e+00,0.00000e+00,9.99999e-01,1.24797e-72,9.99876e-01,0.00000e+00
7.181410434e+00,0.00000e+00,9.99999e-01,2.86438e-79,9.99879e-01,0.00000e+00
7.217317486e+00,0.00000e+00,9.99999e-01,4.05475e-83,9.99881e-01,0.00000e+00
7.253404073e+00,0.00000e+00,9.99999e-01,4.13977e-82,9.99884e-01,0.00000e+00
7.289671094e+00,0.00000e+00,9.99999e-01,2.61708e-65,9.99886e-01,0.00000e+00
7.326119449e+00,0.00000e+00,9.99999e-01,1.85950e-61,9.99888e-01,0.00000e+00
7.362750046e+00,0.00000e+00,9.99999e-01,5.88166e-67,9.99890e-01,0.00000e+00
7.399563797e+00,0.00000e+00,9.99999e-01,1.59177e-66,9.99892e-01,0.00000e+00
7.436561616e+00,0.00000e+00,9.99999e-01,1.48032e-55,9.99894e-01,0.00000e+00
7.473744424e+00,0.00000e+00,9.99999e-01,6.27238e-37,9.99897e-01,0.00000e+00
7.511113146e+00,0.00000e+00,9.99999e-01,3.43861e-26,9.99899e-01,0.00000e+00
7.548668712e+00,0.00000e+00,9.99999e-01,2.08863e-16,9.99901e-01,0.00000e+00
7.586412055e+00,0.00000e+00,9.99999e-01,1.76299e-13,9.99903e-01,0.00000e+00
7.624344115e+00,0.00000e+00,9.99999e-01,4.49807e-13,9.99904e-01,0.00000e+00
7.662465836e+00,0.00000e+00,9.99999e-01,3.16574e-15,9.99906e-01,0.00000e+00
7.700778165e+00,0.00000e+00,9.99999e-01,2.26800e-20,9.99908e-01,0.00000e+00
7.739282056e+00,0.00000e+00,9.99999e-01,6.01712e-33,9.99910e-01,0.00000e+00
7.777978466e+00,0.00000e+00,9.99999e-01,8.26579e-44,9.99912e-01,0.00000e+00
7.816868359e+00,0.00000e+00,9.99999e-01,9.72364e-59,9.99913e-01,0.00000e+00
7.855952700e+00,0.00000e+00,9.99999e-01,3.93411e-60,9.99915e-01,0.00000e+00
7.895232464e+00,0.00000e+00,9.99999e-01,1.06719e-50,9.99917e-01,0.00000e+00
7.934708626e+00,0.00000e+00,9.99999e-01,1.72565e-46,9.99918e-01,0.00000e+00
7.974382169e+00,0.00000e+00,9.99999e-01,2.34924e-51,9.99920e-01,0.00000e+00
8.014254080e+00,0.00000e+00,9.99999e-01,7.68920e-62,9.99922e-01,0.00000e+00
8.054325351e+00,0.00000e+00,9.99999e-01,5.10205e-63,9.99923e-01,0.00000e+00
8.094596977e+00,0.00000e+00,9.99999e-01,1.45343e-60,9.99925e-01,0.00000e+00
8.135069962e+00,0.00000e+00,9.99999e-01,7.51331e-55,9.99926e-01,0.00000e+00
8.175745312e+00,1.32094e-309,9.99999e-01,1.13340e-45,9.99927e-01,1.16555e-264
8.216624039e+00,4.64789e-245,9.99999e-01,1.68624e-39,9.99929e-01,2.75656e-206
8.257707159e+00,8.02023e-192,9.99999e-01,1.38896e-31,9.99930e-01,5.77468e-161
8.298995695e+00,5.99378e-151,9.99999e-01,2.14425e-28,9.99932e-01,2.79547e-123
8.340490673e+00,8.32303e-119,9.99999e-01,3.26451e-26,9.99933e-01,2.54972e-93
8.382193126e+00,2.65010e-94,9.99999e-01,1.80465e-24,9.99934e-01,1.46858e-70
8.424104092e+00,4.83586e-73,9.99999e-01,3.77309e-20,9.99936e-01,1.28175e-53
8.466224613e+00,5.18433e-56,9.99999e-01,7.53706e-16,9.99937e-01,6.87886e-41
8.508555736e+00,1.47386e-38,9.99999e-01,8.03785e-10,9.99938e-01,1.83376e-29
8.551098514e+00,6.59231e-28,9.99999e-01,5.12140e-07,9.99939e-01,1.28728e-21
8.593854007e+00,5.39709e-23,9.99999e-01,1.21685e-06,9.99940e-01,4.43554e-17
8.636823277e+00,1.74983e-20,9.99999e-01,1.00985e-07,9.99942e-01,1.73286e-13
8.680007393e+00,1.93934e-18,9.99999e-01,9.42639e-09,9.99943e-01,2.05746e-10
8.723407430e+00,1.25328e-16,9.99999e-01,2.63848e-09,9.99944e-01,4.75025e-08
8.767024467e+00,1.08680e-16,9.99999e-01,4.84693e-11,9.99945e-01,2.24237e-06
8.810859590e+00,1.89648e-38,9.99999e-01,4.32912e-34,9.99946e-01,4.38097e-05
8.854913888e+00,2.25444e-118,9.99999e-01,4.25399e-115,9.99947e-01,5.29986e-04
8.899188457e+00,0.00000e+00,9.99999e-01,0.00000e+00,9.99948e-01,3.04596e-03
8.943684399e+00,0.00000e+00,9.99999e-01,0.00000e+00,9.99949e-01,1.15928e-02
8.988402821e+00,0.00000e+00,9.99999e-01,0.00000e+00,9.99950e-01,3.27167e-02
9.033344836e+00,0.00000e+00,9.99999e-01,0.00000e+00,9.99951e-01,7.21436e-02
9.078511560e+00,0.00000e+00,9.99999e-01,0.00000e+00,9.99952e-01,1.33108e-01
9.123904118e+00,0.00000e+00,9.99999e-01,0.00000e+00,9.99953e-01,2.12334e-01
9.169523638e+00,0.00000e+00,9.99999e-01,0.00000e+00,9.99954e-01,3.04761e-01
9.215371256e+00,0.00000e+00,9.99999e-01,0.00000e+00,9.99955e-01,4.01307e-01
9.261448113e+00,0.00000e+00,9.99999e-01,0.00000e+00,9.99956e-01,4.96555e-01
9.307755353e+00,0.00000e+00,9.99999e-01,0.00000e+00,9.99956e-01,5.76713e-01
9.354294130e+00,0.00000e+00,9.99999e-01,0.00000e+00,9.99957e-01,6.55126e-01
9.401065601e+00,0.00000e+00,9.99999e-01,0.00000e+00,9.99958e-01,7.23041e-01
9.448070929e+00,0.00000e+00,9.99999e-01,0.00000e+00,9.99959e-01,7.74915e-01
9.495311283e+00,0.00000e+00,9.99999e-01,0.00000e+00,9.99960e-01,8.18318e-01
9.542787840e+00,0.00000e+00,9.99999e-01,0.00000e+00,9.99960e-01,8.57242e-01
9.590501779e+00,0.00000e+00,9.99999e-01,0.00000e+00,9.99961e-01,8.88609e-01
9.638454288e+00,0.00000e+00,9.99999e-01,0.00000e+00,9.99962e-01,9.11327e-01
9.686646559e+00,0.00000e+00,9.99999e-01,0.00000e+00,9.99963e-01,9.29601e-01
9.735079792e+00,0.00000e+00,9.99999e-01,0.00000e+00,9.99963e-01,9.44219e-01
9.783755191e+00,0.00000e+00,9.99999e-01,0.00000e+00,9.99964e-01,9.55872e-01
9.832673967e+00,0.00000e+00,9.99999e-01,0.00000e+00,9.99965e-01,9.65140e-01
9.881837337e+00,0.00000e+00,9.99999e-01,0.00000e+00,9.99965e-01,9.73101e-01
9.931246523e+00,0.00000e+00,9.99999e-01,0.00000e+00,9.99966e-01,9.79314e-01
9.980902756e+00,0.00000e+00,9.99999e-01,0.00000e+00,9.99967e-01,9.99999e-01
1.003080727e+01,0.00000e+00,9.99999e-01,0.00000e+00,9.99967e-01,9.99999e-01
1.008096131e+01,0.00000e+00,9.99999e-01,0.00000e+00,9.99968e-01,9.99999e-01
1.013136611e+01,0.00000e+00,9.99999e-01,0.00000e+00,9.99969e-01,9.99999e-01
1.018202294e+01,0.00000e+00,9.99999e-01,0.00000e+00,9.99969e-01,9.99999e-01
1.023293306e+01,0.00000e+00,9.99999e-01,0.00000e+00,9.99970e-01,9.99999e-01
1.028409772e+01,0.00000e+00,9.99999e-01,0.00000e+00,9.99970e-01,9.99999e-01
1.033551821e+01,0.00000e+00,9.99999e-01,0.00000e+00,9.99971e-01,9.99999e-01
1.038719580e+01,0.00000e+00,9.99999e-01,0.00000e+00,9.99972e-01,9.99999e-01
1.043913178e+01,0.00000e+00,9.99999e-01,0.00000e+00,9.99972e-01,9.99999e-01
1.049132744e+01,0.00000e+00,9.99999e-01,0.00000e+00,9.99973e-01,9.99999e-01
1.054378408e+01,0.00000e+00,9.99999e-01,0.00000e+00,9.99973e-01,9.99999e-01
1.059650300e+01,0.00000e+00,9.99999e-01,0.00000e+00,9.99974e-01,9.99999e-01
1.064948551e+01,0.00000e+00,9.99999e-01,0.00000e+00,9.99974e-01,9.99999e-01
1.070273294e+01,0.00000e+00,9.99999e-01,0.00000e+00,9.99975e-01,9.99999e-01
1.075624661e+01,0.00000e+00,9.99999e-01,0.00000e+00,9.99975e-01,9.99999e-01
1.081002784e+01,0.00000e+00,9.99999e-01,0.00000e+00,9.99976e-01,9.99999e-01
1.086407798e+01,0.00000e+00,9.99999e-01,0.00000e+00,9.99976e-01,9.99999e-01
1.091839837e+01,0.00000e+00,9.99999e-01,0.00000e+00,9.99977e-01,9.99999e-01
1.097299036e+01,0.00000e+00,9.99999e-01,0.00000e+00,9.99977e-01,9.99999e-01
1.102785531e+01,0.00000e+00,9.99999e-01,0.00000e+00,9.99977e-01,9.99999e-01
1.108299459e+01,0.00000e+00,9.99999e-01,0.00000e+00,9.99978e-01,9.99999e-01
1.113840956e+01,0.00000e+00,9.99999e-01,0.00000e+00,9.99978e-01,9.99999e-01
1.119410161e+01,0.00000e+00,9.99999e-01,0.00000e+00,9.99979e-01,9.99999e-01
1.125007212e+01,0.00000e+00,9.99999e-01,0.00000e+00,9.99979e-01,9.99999e-01
1.130632248e+01,0.00000e+00,9.99999e-01,0.00000e+00,9.99979e-01,9.99999e-01
1.136285409e+01,0.00000e+00,9.99999e-01,0.00000e+00,9.99980e-01,9.99999e-01
1.141966836e+01,0.00000e+00,9.99999e-01,0.00000e+00,9.99980e-01,9.99999e-01
1.147676670e+01,0.00000e+00,9.99999e-01,0.00000e+00,9.99981e-01,9.99999e-01
1.153415054e+01,0.00000e+00,9.99999e-01,0.00000e+00,9.99981e-01,9.99999e-01
1.159182129e+01,0.00000e+00,9.99999e-01,0.00000e+00,9.99981e-01,9.99999e-01
1.164978039e+01,0.00000e+00,9.99999e-01,0.00000e+00,9.99982e-01,9.99999e-01
1.170802930e+01,0.00000e+00,9.99999e-01,0.00000e+00,9.99982e-01,9.99999e-01
1.176656944e+01,0.00000e+00,9.99999e-01,0.00000e+00,9.99982e-01,9.99999e-01
1.182540229e+01,0.00000e+00,9.99999e-01,0.00000e+00,9.99983e-01,9.99999e-01
1.188452930e+01,0.00000e+00,9.99999e-01,0.00000e+00,9.99983e-01,9.99999e-01
1.194395195e+01,0.00000e+00,9.99999e-01,0.00000e+00,9.99983e-01,9.99999e-01
1.200367171e+01,0.00000e+00,9.99999e-01,0.00000e+00,9.99984e-01,9.99999e-01
1.206369007e+01,0.00000e+00,9.99999e-01,0.00000e+00,9.99984e-01,9.99999e-01
1.212400852e+01,0.00000e+00,9.99999e-01,0.00000e+00,9.99984e-01,9.99999e-01
1.218462856e+01,0.00000e+00,9.99999e-01,0.00000e+00,9.99984e-01,9.99999e-01
1.224555170e+01,0.00000e+00,9.99999e-01,0.00000e+00,9.99985e-01,9.99999e-01
1.230677946e+01,0.00000e+00,9.99999e-01,0.00000e+00,9.99985e-01,9.99999e-01
1.236831336e+01,0.00000e+00,9.99999e-01,0.00000e+00,9.99985e-01,9.99999e-01
1.243015492e+01,0.00000e+00,9.99999e-01,0.00000e+00,9.99986e-01,9.99999e-01
1.249230570e+01,0.00000e+00,9.99999e-01,0.00000e+00,9.99986e-01,9.99999e-01
1.255476723e+01,0.00000e+00,9.99999e-01,0.00000e+00,9.99986e-01,9.99999e-01
1.261754106e+01,0.00000e+00,9.99999e-01,0.00000e+00,9.99986e-01,9.99999e-01
1.268062877e+01,0.00000e+00,9.99999e-01,0.00000e+00,9.99987e-01,9.99999e-01
1.274403191e+01,0.00000e+00,9.99999e-01,0.00000e+00,9.99987e-01,9.99999e-01
1.280775207e+01,0.00000e+00,9.99999e-01,0.00000e+00,9.99987e-01,9.99999e-01
1.287179083e+01,0.00000e+00,9.99999e-01,0.00000e+00,9.99987e-01,9.99999e-01
1.293614979e+01,0.00000e+00,9.99999e-01,0.00000e+00,9.99988e-01,9.99999e-01
1.300083054e+01,0.00000e+00,9.99999e-01,0.00000e+00,9.99988e-01,9.99999e-01
1.306583469e+01,0.00000e+00,9.99999e-01,0.00000e+00,9.99988e-01,9.99999e-01
1.313116386e+01,0.00000e+00,9.99999e-01,0.00000e+00,9.99988e-01,9.99999e-01
1.319681968e+01,0.00000e+00,9.99999e-01,0.00000e+00,9.99988e-01,9.99999e-01
1.326280378e+01,0.00000e+00,9.99999e-01,0.00000e+00,9.99989e-01,9.99999e-01
1.332911780e+01,0.00000e+00,9.99999e-01,0.00000e+00,9.99989e-01,9.99999e-01
1.339576339e+01,0.00000e+00,9.99999e-01,0.00000e+00,9.99989e-01,9.94357e-01
1.346274221e+01,0.00000e+00,9.99999e-01,0.00000e+00,9.99989e-01,9.93778e-01
1.353005592e+01,0.00000e+00,9.99999e-01,0.00000e+00,9.99989e-01,9.93141e-01
1.359770620e+01,0.00000e+00,9.99999e-01,0.00000e+00,9.99990e-01,9.92531e-01
1.366569473e+01,0.00000e+00,9.99999e-01,0.00000e+00,9.99990e-01,9.91864e-01
1.373402320e+01,0.00000e+00,9.99999e-01,0.00000e+00,9.99990e-01,9.91030e-01
1.380269332e+01,0.00000e+00,9.99999e-01,0.00000e+00,9.99990e-01,9.90234e-01
1.387170678e+01,0.00000e+00,9.99999e-01,0.00000e+00,9.99990e-01,9.89363e-01
1.394106532e+01,0.00000e+00,9.99999e-01,0.00000e+00,9.99991e-01,9.88420e-01
1.401077064e+01,0.00000e+00,9.99999e-01,0.00000e+00,9.99991e-01,9.87389e-01
1.408082450e+01,0.00000e+00,9.99999e-01,0.00000e+00,9.99991e-01,9.86272e-01
1.415122862e+01,0.00000e+00,9.99999e-01,0.00000e+00,9.99991e-01,9.85051e-01
1.422198476e+01,0.00000e+00,9.99999e-01,0.00000e+00,9.99991e-01,9.83731e-01
1.429309469e+01,0.00000e+00,9.99999e-01,0.00000e+00,9.99991e-01,9.82286e-01
1.436456016e+01,0.00000e+00,9.99999e-01,0.00000e+00,9.99991e-01,9.80722e-01
1.443638296e+01,0.00000e+00,9.99999e-01,0.00000e+00,9.99992e-01,9.79016e-01
1.450856487e+01,0.00000e+00,9.99999e-01,0.00000e+00,9.99992e-01,9.77164e-01
1.458110770e+01,0.00000e+00,9.99999e-01,0.00000e+00,9.99992e-01,9.75148e-01
1.465401324e+01,0.00000e+00,9.99999e-01,0.00000e+00,9.99992e-01,9.72963e-01
1.472728330e+01,0.00000e+00,9.99999e-01,0.00000e+00,9.99992e-01,9.70936e-01
1.480091972e+01,0.00000e+00,9.99999e-01,0.00000e+00,9.99992e-01,9.68379e-01
1.487492432e+01,0.00000e+00,9.99999e-01,0.00000e+00,9.99992e-01,9.65611e-01
1.494929894e+01,0.00000e+00,9.99999e-01,0.00000e+00,9.99993e-01,9.62596e-01
1.502404544e+01,0.00000e+00,9.99999e-01,0.00000e+00,9.99993e-01,9.59338e-01
1.509916566e+01,0.00000e+00,9.99999e-01,0.00000e+00,9.99993e-01,9.56314e-01
1.517466149e+01,0.00000e+00,9.99999e-01,0.00000e+00,9.99993e-01,9.53077e-01
1.525053480e+01,0.00000e+00,9.99999e-01,0.00000e+00,9.99993e-01,9.48989e-01
1.532678747e+01,0.00000e+00,9.99999e-01,0.00000e+00,9.99993e-01,9.44582e-01
1.540342141e+01,0.00000e+00,9.99999e-01,0.00000e+00,9.99993e-01,9.40502e-01
1.548043852e+01,0.00000e+00,9.99999e-01,0.00000e+00,9.99993e-01,9.36131e-01
1.555784071e+01,0.00000e+00,9.99999e-01,0.00000e+00,9.99994e-01,9.30633e-01
1.563562991e+01,0.00000e+00,9.99999e-01,0.00000e+00,9.99994e-01,9.24705e-01
1.571380806e+01,0.00000e+00,9.99999e-01,0.00000e+00,9.99994e-01,9.19235e-01
1.579237710e+01,0.00000e+00,9.99999e-01,0.00000e+00,9.99994e-01,9.13377e-01
1.587133899e+01,0.00000e+00,9.99999e-01,0.00000e+00,9.99994e-01,9.07123e-01
1.595069568e+01,0.00000e+00,9.99999e-01,0.00000e+00,9.99994e-01,9.00447e-01
1.603044916e+01,0.00000e+00,9.99999e-01,0.00000e+00,9.99994e-01,8.92069e-01
1.611060141e+01,0.00000e+00,9.99999e-01,0.00000e+00,9.99994e-01,8.83070e-01
1.619115441e+01,0.00000e+00,9.99999e-01,0.00000e+00,9.99994e-01,8.74787e-01
1.627211019e+01,0.00000e+00,9.99999e-01,0.00000e+00,9.99994e-01,8.65972e-01
1.635347074e+01,0.00000e+00,9.99999e-01,0.00000e+00,9.99995e-01,8.56589e-01
1.643523809e+01,0.00000e+00,9.99999e-01,0.00000e+00,9.99995e-01,8.46608e-01
1.651741428e+01,0.00000e+00,9.99999e-01,0.00000e+00,9.99995e-01,8.35996e-01
1.660000135e+01,0.00000e+00,9.99999e-01,0.00000e+00,9.99995e-01,8.24783e-01
1.668300136e+01,0.00000e+00,9.99999e-01,0.00000e+00,9.99995e-01,8.12836e-01
1.676641637e+01,0.00000e+00,9.99999e-01,0.00000e+00,9.99995e-01,8.00196e-01
1.685024845e+01,0.00000e+00,9.99999e-01,0.00000e+00,9.99995e-01,7.86814e-01
1.693449969e+01,0.00000e+00,9.99999e-01,0.00000e+00,9.99995e-01,7.72687e-01
1.701917219e+01,0.00000e+00,9.99999e-01,0.00000e+00,9.99995e-01,7.57777e-01
1.710426805e+01,0.00000e+00,9.99999e-01,0.00000e+00,9.99995e-01,7.42070e-01
1.718978939e+01,0.00000e+00,9.99999e-01,0.00000e+00,9.99995e-01,7.28369e-01
1.727573834e+01,0.00000e+00,9.99999e-01,0.00000e+00,9.99995e-01,7.14067e-01
1.736211703e+01,0.00000e+00,9.99999e-01,0.00000e+00,9.99995e-01,6.96166e-01
1.744892761e+01,0.00000e+00,9.99999e-01,0.00000e+00,9.99996e-01,6.77374e-01
1.753617225e+01,0.00000e+00,9.99999e-01,0.00000e+00,9.99996e-01,6.57765e-01
1.762385311e+01,0.00000e+00,9.99999e-01,0.00000e+00,9.99996e-01,6.37324e-01
1.771197238e+01,0.00000e+00,9.99999e-01,0.00000e+00,9.99996e-01,6.16043e-01
1.780053224e+01,0.00000e+00,9.99999e-01,0.00000e+00,9.99996e-01,5.97723e-01
1.788953490e+01,0.00000e+00,9.99999e-01,0.00000e+00,9.99996e-01,5.78834e-01
1.797898258e+01,0.00000e+00,9.99999e-01,0.00000e+00,9.99996e-01,5.55469e-01
1.806887749e+01,0.00000e+00,9.99999e-01,0.00000e+00,9.99996e-01,5.31414e-01
1.815922188e+01,0.00000e+00,9.99999e-01,0.00000e+00,9.99996e-01,5.10903e-01
1.825001799e+01,0.00000e+00,9.99999e-01,0.00000e+00,9.99996e-01,4.89948e-01
1.834126808e+01,0.00000e+00,9.99999e-01,0.00000e+00,9.99996e-01,4.64353e-01
1.843297442e+01,0.00000e+00,9.99999e-01,0.00000e+00,9.99996e-01,4.38346e-01
1.852513929e+01,0.00000e+00,9.99999e-01,0.00000e+00,9.99996e-01,4.16457e-01
1.861776499e+01,0.00000e+00,9.99999e-01,0.00000e+00,9.99996e-01,3.94327e-01
1.871085381e+01,0.00000e+00,9.99999e-01,0.00000e+00,9.99996e-01,3.67707e-01
1.880440808e+01,0.00000e+00,9.99999e-01,0.00000e+00,9.99996e-01,3.45574e-01
1.889843012e+01,0.00000e+00,9.99999e-01,0.00000e+00,9.99996e-01,3.23451e-01
1.899292227e+01,0.00000e+00,9.99999e-01,0.00000e+00,9.99997e-01,2.97210e-01
1.908788688e+01,0.00000e+00,9.99999e-01,0.00000e+00,9.99997e-01,2.75687e-01
1.918332632e+01,0.00000e+00,9.99999e-01,0.00000e+00,9.99997e-01,2.54452e-01
1.927924295e+01,0.00000e+00,9.99999e-01,0.00000e+00,9.99997e-01,2.33785e-01
1.937563916e+01,0.00000e+00,9.99999e-01,0.00000e+00,9.99997e-01,2.13582e-01
1.947251736e+01,0.00000e+00,9.99999e-01,0.00000e+00,9.99997e-01,1.94130e-01
1.956987994e+01,0.00000e+00,9.99999e-01,0.00000e+00,9.99997e-01,1.75360e-01
1.966772934e+01,0.00000e+00,9.99999e-01,0.00000e+00,9.99997e-01,1.53930e-01
1.976606799e+01,0.00000e+00,9.99999e-01,0.00000e+00,9.99997e-01,1.37129e-01
1.986489833e+01,0.00000e+00,9.99999e-01,0.00000e+00,9.99997e-01,1.21248e-01
1.996422282e+01,0.00000e+00,9.99999e-01,0.00000e+00,9.99997e-01,1.06483e-01
