#,Wave/freq,Total,CO2,Rayleigh,CIA
4.000000000e-01,3.21952e-13,9.99999e-01,3.21952e-13,9.99999e-01
4.020000000e-01,5.68582e-13,9.99999e-01,5.68582e-13,9.99999e-01
4.040100000e-01,9.92353e-13,9.99999e-01,9.92353e-13,9.99999e-01
4.060300500e-01,1.71302e-12,9.99999e-01,1.71302e-12,9.99999e-01
4.080602003e-01,2.92533e-12,9.99999e-01,2.92533e-12,9.99999e-01
4.101005013e-01,4.94306e-12,9.99999e-01,4.94306e-12,9.99999e-01
4.121510038e-01,8.26642e-12,9.99999e-01,8.26642e-12,9.99999e-01
4.142117588e-01,1.36845e-11,9.99999e-01,1.36845e-11,9.99999e-01
4.162828176e-01,2.24292e-11,9.99999e-01,2.24292e-11,9.99999e-01
4.183642317e-01,3.64051e-11,9.99999e-01,3.64051e-11,9.99999e-01
4.204560528e-01,5.85268e-11,9.99999e-01,5.85268e-11,9.99999e-01
4.225583331e-01,9.32127e-11,9.99999e-01,9.32127e-11,9.99999e-01
4.246711247e-01,1.47097e-10,9.99999e-01,1.47097e-10,9.99999e-01
4.267944804e-01,2.30047e-10,9.99999e-01,2.30047e-10,9.99999e-01
4.289284528e-01,3.56611e-10,9.99999e-01,3.56611e-10,9.99999e-01
4.310730950e-01,5.48040e-10,9.99999e-01,5.48040e-10,9.99999e-01
4.332284605e-01,8.35110e-10,9.99999e-01,8.35110e-10,9.99999e-01
4.353946028e-01,1.26201e-09,9.99999e-01,1.26201e-09,9.99999e-01
4.375715758e-01,1.89164e-09,9.99999e-01,1.89164e-09,9.99999e-01
4.397594337e-01,2.81282e-09,9.99999e-01,2.81282e-09,9.99999e-01
4.419582309e-01,4.14995e-09,9.99999e-01,4.14995e-09,9.99999e-01
4.441680220e-01,6.07585e-09,9.99999e-01,6.07585e-09,9.99999e-01
4.463888621e-01,8.82879e-09,9.99999e-01,8.82879e-09,9.99999e-01
4.486208064e-01,1.27347e-08,9.99999e-01,1.27347e-08,9.99999e-01
4.508639105e-01,1.82363e-08,9.99999e-01,1.82363e-08,9.99999e-01
4.531182300e-01,2.59299e-08,9.99999e-01,2.59299e-08,9.99999e-01
4.553838212e-01,3.66140e-08,9.99999e-01,3.66140e-08,9.99999e-01
4.576607403e-01,5.13492e-08,9.99999e-01,5.13492e-08,9.99999e-01
4.599490440e-01,7.15351e-08,9.99999e-01,7.15351e-08,9.99999e-01
4.622487892e-01,9.90056e-08,9.99999e-01,9.90056e-08,9.99999e-01
4.645600332e-01,1.36149e-07,9.99999e-01,1.36149e-07,9.99999e-01
4.668828333e-01,1.86052e-07,9.99999e-01,1.86052e-07,9.99999e-01
4.692172475e-01,2.52682e-07,9.99999e-01,2.52682e-07,9.99999e-01
4.715633337e-01,3.41107e-07,9.99999e-01,3.41107e-07,9.99999e-01
4.739211504e-01,4.57753e-07,9.99999e-01,4.57753e-07,9.99999e-01
4.762907561e-01,6.10731e-07,9.99999e-01,6.10731e-07,9.99999e-01
4.786722099e-01,8.10205e-07,9.99999e-01,8.10205e-07,9.99999e-01
4.810655710e-01,1.06885e-06,9.99999e-01,1.06885e-06,9.99999e-01
4.834708988e-01,1.40236e-06,9.99999e-01,1.40236e-06,9.99999e-01
4.858882533e-01,1.83009e-06,9.99999e-01,1.83009e-06,9.99999e-01
4.883176946e-01,2.37576e-06,9.99999e-01,2.37576e-06,9.99999e-01
4.907592831e-01,3.06828e-06,9.99999e-01,3.06828e-06,9.99999e-01
4.932130795e-01,3.94269e-06,9.99999e-01,3.94269e-06,9.99999e-01
4.956791449e-01,5.04126e-06,9.99999e-01,5.04126e-06,9.99999e-01
4.981575406e-01,6.41471e-06,9.99999e-01,6.41471e-06,9.99999e-01
5.006483283e-01,8.12359e-06,9.99999e-01,8.12359e-06,9.99999e-01
5.031515699e-01,1.02398e-05,9.99999e-01,1.02398e-05,9.99999e-01
5.056673278e-01,1.28485e-05,9.99999e-01,1.28485e-05,9.99999e-01
5.081956644e-01,1.60496e-05,9.99999e-01,1.60496e-05,9.99999e-01
5.107366428e-01,1.99604e-05,9.99999e-01,1.99604e-05,9.99999e-01
5.132903260e-01,2.47173e-05,9.99999e-01,2.47173e-05,9.99999e-01
5.158567776e-01,3.04790e-05,9.99999e-01,3.04790e-05,9.99999e-01
5.184360615e-01,3.74286e-05,9.99999e-01,3.74286e-05,9.99999e-01
5.210282418e-01,4.57766e-05,9.99999e-01,4.57766e-05,9.99999e-01
5.236333830e-01,5.57644e-05,9.99999e-01,5.57644e-05,9.99999e-01
5.262515499e-01,6.76670e-05,9.99999e-01,6.76670e-05,9.99999e-01
5.288828077e-01,8.17969e-05,9.99999e-01,8.17969e-05,9.99999e-01
5.315272217e-01,9.85078e-05,9.99999e-01,9.85078e-05,9.99999e-01
5.341848578e-01,1.18198e-04,9.99999e-01,1.18198e-04,9.99999e-01
5.368557821e-01,1.41314e-04,9.99999e-01,1.41314e-04,9.99999e-01
5.395400610e-01,1.68356e-04,9.99999e-01,1.68356e-04,9.99999e-01
5.422377613e-01,1.99880e-04,9.99999e-01,1.99880e-04,9.99999e-01
5.449489501e-01,2.36504e-04,9.99999e-01,2.36504e-04,9.99999e-01
5.476736949e-01,2.78910e-04,9.99999e-01,2.78910e-04,9.99999e-01
5.504120634e-01,3.27850e-04,9.99999e-01,3.27850e-04,9.99999e-01
5.531641237e-01,3.84149e-04,9.99999e-01,3.84149e-04,9.99999e-01
5.559299443e-01,4.48708e-04,9.99999e-01,4.48708e-04,9.99999e-01
5.587095940e-01,5.22512e-04,9.99999e-01,5.22512e-04,9.99999e-01
5.615031420e-01,6.06627e-04,9.99999e-01,6.06627e-04,9.99999e-01
5.643106577e-01,7.02210e-04,9.99999e-01,7.02210e-04,9.99999e-01
5.671322110e-01,8.10508e-04,9.99999e-01,8.10508e-04,9.99999e-01
5.699678720e-01,9.32861e-04,9.99999e-01,9.32861e-04,9.99999e-01
5.728177114e-01,1.07071e-03,9.99999e-01,1.07071e-03,9.99999e-01
5.756818000e-01,1.22558e-03,9.99999e-01,1.22558e-03,9.99999e-01
5.785602090e-01,1.39912e-03,9.99999e-01,1.39912e-03,9.99999e-01
5.814530100e-01,1.59305e-03,9.99999e-01,1.59305e-03,9.99999e-01
5.843602750e-01,1.80923e-03,9.99999e-01,1.80923e-03,9.99999e-01
5.872820764e-01,2.04958e-03,9.99999e-01,2.04958e-03,9.99999e-01
5.902184868e-01,2.31615e-03,9.99999e-01,2.31615e-03,9.99999e-01
5.931695792e-01,2.61107e-03,9.99999e-01,2.61107e-03,9.99999e-01
5.961354271e-01,2.93659e-03,9.99999e-01,2.93659e-03,9.99999e-01
5.991161043e-01,3.29503e-03,9.99999e-01,3.29503e-03,9.99999e-01
6.021116848e-01,3.68882e-03,9.99999e-01,3.68882e-03,9.99999e-01
6.051222432e-01,4.12048e-03,9.99999e-01,4.12048e-03,9.99999e-01
6.081478544e-01,4.59260e-03,9.99999e-01,4.59260e-03,9.99999e-01
6.111885937e-01,5.10785e-03,9.99999e-01,5.10785e-03,9.99999e-01
6.142445367e-01,5.66900e-03,9.99999e-01,5.66900e-03,9.99999e-01
6.173157594e-01,6.27885e-03,9.99999e-01,6.27885e-03,9.99999e-01
6.204023382e-01,6.94029e-03,9.99999e-01,6.94029e-03,9.99999e-01
6.235043498e-01,7.65624e-03,9.99999e-01,7.65624e-03,9.99999e-01
6.266218716e-01,8.42969e-03,9.99999e-01,8.42969e-03,9.99999e-01
6.297549810e-01,9.26364e-03,9.99999e-01,9.26364e-03,9.99999e-01
6.329037559e-01,1.01612e-02,9.99999e-01,1.01612e-02,9.99999e-01
6.360682746e-01,1.11253e-02,9.99999e-01,1.11253e-02,9.99999e-01
6.392486160e-01,1.21591e-02,9.99999e-01,1.21591e-02,9.99999e-01
6.424448591e-01,1.32657e-02,9.99999e-01,1.32657e-02,9.99999e-01
6.456570834e-01,1.44481e-02,9.99999e-01,1.44481e-02,9.99999e-01
6.488853688e-01,1.57093e-02,9.99999e-01,1.57093e-02,9.99999e-01
6.521297956e-01,1.70525e-02,9.99999e-01,1.70525e-02,9.99999e-01
6.553904446e-01,1.84805e-02,9.99999e-01,1.84805e-02,9.99999e-01
6.586673968e-01,1.99964e-02,9.99999e-01,1.99964e-02,9.99999e-01
6.619607338e-01,2.16029e-02,9.99999e-01,2.16029e-02,9.99999e-01
6.652705375e-01,2.33029e-02,9.99999e-01,2.33029e-02,9.99999e-01
6.685968902e-01,2.50990e-02,9.99999e-01,2.50990e-02,9.99999e-01
6.719398746e-01,2.69940e-02,9.99999e-01,2.69940e-02,9.99999e-01
6.752995740e-01,2.89904e-02,9.99999e-01,2.89904e-02,9.99999e-01
6.786760719e-01,3.10906e-02,9.99999e-01,3.10906e-02,9.99999e-01
6.820694522e-01,3.32968e-02,9.99999e-01,3.32968e-02,9.99999e-01
6.854797995e-01,3.56114e-02,9.99999e-01,3.56114e-02,9.99999e-01
6.889071985e-01,3.80363e-02,9.99999e-01,3.80363e-02,9.99999e-01
6.923517345e-01,4.05736e-02,9.99999e-01,4.05736e-02,9.99999e-01
6.958134932e-01,4.32249e-02,9.99999e-01,4.32249e-02,9.99999e-01
6.992925606e-01,4.59919e-02,9.99999e-01,4.59919e-02,9.99999e-01
7.027890234e-01,4.88761e-02,9.99999e-01,4.88761e-02,9.99999e-01
7.063029686e-01,5.18789e-02,9.99999e-01,5.18789e-02,9.99999e-01
7.098344834e-01,5.50013e-02,9.99999e-01,5.50013e-02,9.99999e-01
7.133836558e-01,5.82443e-02,9.99999e-01,5.82443e-02,9.99999e-01
7.169505741e-01,6.16088e-02,9.99999e-01,6.16088e-02,9.99999e-01
7.205353270e-01,6.50954e-02,9.99999e-01,6.50954e-02,9.99999e-01
7.241380036e-01,6.87046e-02,9.99999e-01,6.87046e-02,9.99999e-01
7.277586936e-01,7.24366e-02,9.99999e-01,7.24366e-02,9.99999e-01
7.313974871e-01,7.62916e-02,9.99999e-01,7.62916e-02,9.99999e-01
7.350544745e-01,8.02695e-02,9.99999e-01,8.02695e-02,9.99999e-01
7.387297469e-01,8.43700e-02,9.99999e-01,8.43700e-02,9.99999e-01
7.424233956e-01,8.85929e-02,9.99999e-01,8.85929e-02,9.99999e-01
7.461355126e-01,9.29373e-02,9.99999e-01,9.29373e-02,9.99999e-01
7.498661902e-01,9.74027e-02,9.99999e-01,9.74027e-02,9.99999e-01
7.536155211e-01,1.01988e-01,9.99999e-01,1.01988e-01,9.99999e-01
7.573835987e-01,1.06692e-01,9.99999e-01,1.06692e-01,9.99999e-01
7.611705167e-01,1.11514e-01,9.99999e-01,1.11514e-01,9.99999e-01
7.649763693e-01,1.16452e-01,9.99999e-01,1.16452e-01,9.99999e-01
7.688012511e-01,1.21505e-01,9.99999e-01,1.21505e-01,9.99999e-01
7.726452574e-01,1.26670e-01,9.99999e-01,1.26670e-01,9.99999e-01
7.765084837e-01,1.31947e-01,9.99999e-01,1.31947e-01,9.99999e-01
7.803910261e-01,1.26203e-01,9.18955e-01,1.37332e-01,9.99999e-01
7.842929812e-01,9.58821e-02,6.71325e-01,1.42825e-01,9.99999e-01
7.882144461e-01,9.71988e-02,6.54879e-01,1.48422e-01,9.99999e-01
7.921555184e-01,1.19024e-01,7.72271e-01,1.54122e-01,9.99999e-01
7.961162960e-01,1.34396e-01,8.40388e-01,1.59921e-01,9.99999e-01
8.000968774e-01,1.50867e-01,9.09835e-01,1.65818e-01,9.99999e-01
8.040973618e-01,1.63610e-01,9.52281e-01,1.71809e-01,9.99999e-01
8.081178486e-01,1.73930e-01,9.77730e-01,1.77891e-01,9.99999e-01
8.121584379e-01,1.82795e-01,9.93111e-01,1.84063e-01,9.99999e-01
8.162192301e-01,1.90030e-01,9.98474e-01,1.90320e-01,9.99999e-01
8.203003262e-01,1.96656e-01,9.99978e-01,1.96660e-01,9.99999e-01
8.244018279e-01,2.03080e-01,9.99999e-01,2.03080e-01,9.99999e-01
8.285238370e-01,2.09577e-01,9.99999e-01,2.09577e-01,9.99999e-01
8.326664562e-01,2.16146e-01,9.99999e-01,2.16146e-01,9.99999e-01
8.368297885e-01,2.22786e-01,9.99999e-01,2.22786e-01,9.99999e-01
8.410139374e-01,2.29493e-01,9.99999e-01,2.29493e-01,9.99999e-01
8.452190071e-01,2.36263e-01,9.99999e-01,2.36263e-01,9.99999e-01
8.494451021e-01,2.43093e-01,9.99999e-01,2.43093e-01,9.99999e-01
8.536923276e-01,2.49980e-01,9.99999e-01,2.49980e-01,9.99999e-01
8.579607893e-01,2.56920e-01,9.99999e-01,2.56920e-01,9.99999e-01
8.622505932e-01,2.63910e-01,9.99999e-01,2.63910e-01,9.99999e-01
8.665618462e-01,2.36408e-01,8.72527e-01,2.70946e-01,9.99999e-01
8.708946554e-01,1.03642e-01,3.72779e-01,2.78026e-01,9.99999e-01
8.752491287e-01,1.26013e-01,4.41924e-01,2.85145e-01,9.99999e-01
8.796253743e-01,1.84864e-01,6.32443e-01,2.92301e-01,9.99999e-01
8.840235012e-01,2.35270e-01,7.85572e-01,2.99489e-01,9.99999e-01
8.884436187e-01,2.78788e-01,9.08971e-01,3.06707e-01,9.99999e-01
8.928858368e-01,3.02009e-01,9.61960e-01,3.13951e-01,9.99999e-01
8.973502660e-01,3.18218e-01,9.90657e-01,3.21218e-01,9.99999e-01
9.018370173e-01,3.28166e-01,9.98967e-01,3.28505e-01,9.99999e-01
9.063462024e-01,3.26968e-01,9.73673e-01,3.35809e-01,9.99999e-01
9.108779334e-01,3.22762e-01,9.40652e-01,3.43125e-01,9.99999e-01
9.154323231e-01,3.45485e-01,9.85826e-01,3.50452e-01,9.99999e-01
9.200094847e-01,2.96282e-01,8.28099e-01,3.57786e-01,9.99999e-01
9.246095321e-01,2.70993e-01,7.42195e-01,3.65124e-01,9.99999e-01
9.292325798e-01,2.95486e-01,7.93329e-01,3.72463e-01,9.99999e-01
9.338787427e-01,3.03349e-01,7.98704e-01,3.79800e-01,9.99999e-01
9.385481364e-01,3.27804e-01,8.46746e-01,3.87133e-01,9.99999e-01
9.432408771e-01,3.56157e-01,9.02902e-01,3.94458e-01,9.99999e-01
9.479570815e-01,3.81218e-01,9.48837e-01,4.01773e-01,9.99999e-01
9.526968669e-01,3.98869e-01,9.75049e-01,4.09075e-01,9.99999e-01
9.574603512e-01,4.11887e-01,9.89251e-01,4.16362e-01,9.99999e-01
9.622476530e-01,4.22206e-01,9.96637e-01,4.23631e-01,9.99999e-01
9.670588912e-01,4.30445e-01,9.98992e-01,4.30879e-01,9.99999e-01
9.718941857e-01,4.38074e-01,9.99929e-01,4.38105e-01,9.99999e-01
9.767536566e-01,4.45305e-01,9.99999e-01,4.45305e-01,9.99999e-01
9.816374249e-01,4.52478e-01,9.99999e-01,4.52478e-01,9.99999e-01
9.865456120e-01,4.59621e-01,9.99999e-01,4.59621e-01,9.99999e-01
9.914783401e-01,4.66733e-01,9.99999e-01,4.66733e-01,9.99999e-01
9.964357318e-01,4.73811e-01,9.99999e-01,4.73811e-01,9.99999e-01
1.001417910e+00,4.80854e-01,9.99999e-01,4.80854e-01,9.99999e-01
1.006425000e+00,4.87859e-01,9.99999e-01,4.87859e-01,9.99999e-01
1.011457125e+00,4.94824e-01,9.99999e-01,4.94824e-01,9.99999e-01
1.016514411e+00,5.01749e-01,9.99999e-01,5.01749e-01,9.99999e-01
1.021596983e+00,5.08552e-01,9.99844e-01,5.08630e-01,9.99999e-01
1.026704968e+00,5.10064e-01,9.89515e-01,5.15468e-01,9.99999e-01
1.031838492e+00,4.75022e-01,9.09552e-01,5.22260e-01,9.99999e-01
1.036997685e+00,3.03080e-02,5.72925e-02,5.29004e-01,9.99999e-01
1.042182673e+00,3.12458e-03,5.83271e-03,5.35699e-01,9.99999e-01
1.047393587e+00,7.36728e-03,1.35841e-02,5.42345e-01,9.99999e-01
1.052630555e+00,2.00294e-06,3.64874e-06,5.48939e-01,9.99999e-01
1.057893707e+00,7.58926e-06,1.36625e-05,5.55481e-01,9.99999e-01
1.063183176e+00,1.37026e-04,2.43832e-04,5.61970e-01,9.99999e-01
1.068499092e+00,1.14894e-03,2.02135e-03,5.68403e-01,9.99999e-01
1.073841587e+00,1.07355e-02,1.86775e-02,5.74781e-01,9.99999e-01
1.079210795e+00,4.75235e-02,8.17815e-02,5.81103e-01,9.99999e-01
1.084606849e+00,1.42808e-01,2.43132e-01,5.87367e-01,9.99999e-01
1.090029883e+00,2.83089e-01,4.76923e-01,5.93573e-01,9.99999e-01
1.095480033e+00,4.16002e-01,6.93659e-01,5.99720e-01,9.99999e-01
1.100957433e+00,5.07500e-01,8.37723e-01,6.05808e-01,9.99999e-01
1.106462220e+00,5.68614e-01,9.29359e-01,6.11835e-01,9.99999e-01
1.111994531e+00,6.01233e-01,9.73182e-01,6.17801e-01,9.99999e-01
1.117554504e+00,6.19595e-01,9.93407e-01,6.23706e-01,9.99999e-01
1.123142276e+00,6.29277e-01,9.99567e-01,6.29549e-01,9.99999e-01
1.128757988e+00,6.35330e-01,9.99999e-01,6.35330e-01,9.99999e-01
1.134401778e+00,6.41048e-01,9.99999e-01,6.41048e-01,9.99999e-01
1.140073787e+00,6.46703e-01,9.99999e-01,6.46703e-01,9.99999e-01
1.145774156e+00,6.52295e-01,9.99999e-01,6.52295e-01,9.99999e-01
1.151503026e+00,6.57823e-01,9.99999e-01,6.57823e-01,9.99999e-01
1.157260541e+00,6.63288e-01,9.99999e-01,6.63288e-01,9.99999e-01
1.163046844e+00,6.68688e-01,9.99999e-01,6.68688e-01,9.99999e-01
1.168862078e+00,6.74025e-01,9.99999e-01,6.74025e-01,9.99999e-01
1.174706389e+00,6.79297e-01,9.99999e-01,6.79297e-01,9.99999e-01
1.180579921e+00,6.84506e-01,9.99999e-01,6.84506e-01,9.99999e-01
1.186482820e+00,6.89635e-01,9.99977e-01,6.89650e-01,9.99999e-01
1.192415234e+00,6.69721e-01,9.64000e-01,6.94731e-01,9.99999e-01
1.198377311e+00,3.65800e-01,5.22760e-01,6.99747e-01,9.99999e-01
1.204369197e+00,3.42178e-27,4.85566e-27,7.04699e-01,9.99999e-01
1.210391043e+00,2.06675e-109,2.91260e-109,7.09588e-01,9.99999e-01
1.216442998e+00,1.04029e-94,1.45614e-94,7.14412e-01,9.99999e-01
1.222525213e+00,2.72640e-93,3.79101e-93,7.19174e-01,9.99999e-01
1.228637839e+00,5.23822e-72,7.23638e-72,7.23872e-01,9.99999e-01
1.234781029e+00,6.87260e-45,9.43380e-45,7.28507e-01,9.99999e-01
1.240954934e+00,8.07128e-30,1.10101e-29,7.33079e-01,9.99999e-01
1.247159708e+00,1.68110e-14,2.27918e-14,7.37589e-01,9.99999e-01
1.253395507e+00,7.83424e-10,1.05577e-09,7.42037e-01,9.99999e-01
1.259662485e+00,6.14589e-06,8.23378e-06,7.46423e-01,9.99999e-01
1.265960797e+00,1.16148e-03,1.54710e-03,7.50747e-01,9.99999e-01
1.272290601e+00,3.73643e-02,4.94884e-02,7.55011e-01,9.99999e-01
1.278652054e+00,3.32808e-02,4.38359e-02,7.59213e-01,9.99999e-01
1.285045314e+00,5.40405e-05,7.07932e-05,7.63356e-01,9.99999e-01
1.291470541e+00,4.78594e-13,6.23625e-13,7.67438e-01,9.99999e-01
1.297927893e+00,6.44445e-05,8.35356e-05,7.71461e-01,9.99999e-01
1.304417533e+00,3.05547e-03,3.94038e-03,7.75425e-01,9.99999e-01
1.310939621e+00,5.56035e-04,7.13477e-04,7.79331e-01,9.99999e-01
1.317494319e+00,6.98842e-38,8.92315e-38,7.83178e-01,9.99999e-01
1.324081790e+00,1.41664e-24,1.80013e-24,7.86968e-01,9.99999e-01
1.330702199e+00,1.27836e-14,1.61674e-14,7.90701e-01,9.99999e-01
1.337355710e+00,1.91055e-13,2.40510e-13,7.94377e-01,9.99999e-01
1.344042489e+00,9.48862e-14,1.18905e-13,7.97997e-01,9.99999e-01
1.350762701e+00,6.61473e-15,8.25229e-15,8.01562e-01,9.99999e-01
1.357516515e+00,3.25330e-09,4.04101e-09,8.05072e-01,9.99999e-01
1.364304097e+00,9.13578e-07,1.12993e-06,8.08527e-01,9.99999e-01
1.371125618e+00,7.58213e-04,9.33842e-04,8.11928e-01,9.99999e-01
1.377981246e+00,1.98976e-03,2.44060e-03,8.15277e-01,9.99999e-01
1.384871152e+00,2.44732e-02,2.98974e-02,8.18572e-01,9.99999e-01
1.391795508e+00,3.24532e-02,3.94897e-02,8.21815e-01,9.99999e-01
1.398754485e+00,1.07929e-01,1.30821e-01,8.25007e-01,9.99999e-01
1.405748258e+00,1.88283e-01,2.27355e-01,8.28148e-01,9.99999e-01
1.412776999e+00,3.23960e-01,3.89731e-01,8.31238e-01,9.99999e-01
1.419840884e+00,2.98919e-01,3.58296e-01,8.34278e-01,9.99999e-01
1.426940089e+00,1.18197e-02,1.41170e-02,8.37270e-01,9.99999e-01
1.434074789e+00,0.00000e+00,0.00000e+00,8.40212e-01,9.99999e-01
1.441245163e+00,0.00000e+00,0.00000e+00,8.43106e-01,9.99999e-01
1.448451389e+00,0.00000e+00,0.00000e+00,8.45953e-01,9.99999e-01
1.455693646e+00,0.00000e+00,0.00000e+00,8.48753e-01,9.99999e-01
1.462972114e+00,0.00000e+00,0.00000e+00,8.51507e-01,9.99999e-01
1.470286975e+00,3.20720e-181,3.75455e-181,8.54215e-01,9.99999e-01
1.477638409e+00,9.48470e-114,1.10689e-113,8.56878e-01,9.99999e-01
1.485026601e+00,3.57041e-63,4.15407e-63,8.59496e-01,9.99999e-01
1.492451734e+00,8.53316e-54,9.89844e-54,8.62070e-01,9.99999e-01
1.499913993e+00,3.87929e-23,4.48679e-23,8.64601e-01,9.99999e-01
1.507413563e+00,6.78732e-22,7.82770e-22,8.67089e-01,9.99999e-01
1.514950631e+00,2.00261e-23,2.30308e-23,8.69535e-01,9.99999e-01
1.522525384e+00,9.61355e-81,1.10255e-80,8.71940e-01,9.99999e-01
1.530138011e+00,1.99885e-193,2.28621e-193,8.74303e-01,9.99999e-01
1.537788701e+00,5.70398e-143,6.50674e-143,8.76626e-01,9.99999e-01
1.545477645e+00,7.43873e-30,8.46358e-30,8.78909e-01,9.99999e-01
1.553205033e+00,8.30539e-22,9.42559e-22,8.81153e-01,9.99999e-01
1.560971058e+00,4.48689e-22,5.07935e-22,8.83358e-01,9.99999e-01
1.568775913e+00,0.00000e+00,0.00000e+00,8.85524e-01,9.99999e-01
1.576619793e+00,0.00000e+00,0.00000e+00,8.87653e-01,9.99999e-01
1.584502892e+00,0.00000e+00,0.00000e+00,8.89745e-01,9.99999e-01
1.592425406e+00,0.00000e+00,0.00000e+00,8.91801e-01,9.99999e-01
1.600387533e+00,0.00000e+00,0.00000e+00,8.93820e-01,9.99999e-01
1.608389471e+00,0.00000e+00,0.00000e+00,8.95804e-01,9.99999e-01
1.616431418e+00,0.00000e+00,0.00000e+00,8.97753e-01,9.99999e-01
1.624513575e+00,0.00000e+00,0.00000e+00,8.99668e-01,9.99999e-01
1.632636143e+00,0.00000e+00,0.00000e+00,9.01549e-01,9.99999e-01
1.640799324e+00,7.32339e-168,8.10651e-168,9.03396e-01,9.99999e-01
1.649003321e+00,7.33417e-168,8.10216e-168,9.05211e-01,9.99999e-01
1.657248337e+00,1.27633e-129,1.40721e-129,9.06993e-01,9.99999e-01
1.665534579e+00,1.72440e-130,1.89757e-130,9.08744e-01,9.99999e-01
1.673862252e+00,4.81775e-83,5.29153e-83,9.10463e-01,9.99999e-01
1.682231563e+00,2.29373e-57,2.51463e-57,9.12152e-01,9.99999e-01
1.690642721e+00,1.12917e-31,1.23567e-31,9.13810e-01,9.99999e-01
1.699095934e+00,3.73225e-20,4.07701e-20,9.15438e-01,9.99999e-01
1.707591414e+00,2.77403e-10,3.02499e-10,9.17037e-01,9.99999e-01
1.716129371e+00,2.46304e-06,2.68127e-06,9.18607e-01,9.99999e-01
1.724710018e+00,5.53147e-04,6.01149e-04,9.20149e-01,9.99999e-01
1.733333568e+00,6.36445e-03,6.90540e-03,9.21663e-01,9.99999e-01
1.742000236e+00,5.08865e-02,5.51226e-02,9.23149e-01,9.99999e-01
1.750710237e+00,1.53326e-04,1.65828e-04,9.24608e-01,9.99999e-01
1.759463788e+00,2.77515e-79,2.99679e-79,9.26041e-01,9.99999e-01
1.768261107e+00,5.52631e-83,5.95862e-83,9.27447e-01,9.99999e-01
1.777102413e+00,7.05057e-81,7.59081e-81,9.28828e-01,9.99999e-01
1.785987925e+00,1.12006e-75,1.20413e-75,9.30184e-01,9.99999e-01
1.794917864e+00,2.97653e-72,3.19536e-72,9.31514e-01,9.99999e-01
1.803892454e+00,2.04005e-69,2.18697e-69,9.32821e-01,9.99999e-01
1.812911916e+00,1.06839e-66,1.14376e-66,9.34103e-01,9.99999e-01
1.821976476e+00,9.29966e-67,9.94231e-67,9.35361e-01,9.99999e-01
1.831086358e+00,1.64639e-53,1.75784e-53,9.36597e-01,9.99999e-01
1.840241790e+00,1.50667e-45,1.60658e-45,9.37809e-01,9.99999e-01
1.849442999e+00,1.27852e-31,1.36158e-31,9.38999e-01,9.99999e-01
1.858690214e+00,9.07207e-30,9.64941e-30,9.40168e-01,9.99999e-01
1.867983665e+00,2.41251e-30,2.56292e-30,9.41314e-01,9.99999e-01
1.877323583e+00,5.86199e-152,6.22001e-152,9.42439e-01,9.99999e-01
1.886710201e+00,7.54627e-200,7.99779e-200,9.43543e-01,9.99999e-01
1.896143752e+00,2.40913e-228,2.55035e-228,9.44627e-01,9.99999e-01
1.905624471e+00,5.90650e-265,6.24570e-265,9.45691e-01,9.99999e-01
1.915152593e+00,3.04142e-205,3.21254e-205,9.46734e-01,9.99999e-01
1.924728356e+00,1.11832e-245,1.17996e-245,9.47758e-01,9.99999e-01
1.934351998e+00,0.00000e+00,0.00000e+00,9.48763e-01,9.99999e-01
1.944023758e+00,0.00000e+00,0.00000e+00,9.49749e-01,9.99999e-01
1.953743877e+00,0.00000e+00,0.00000e+00,9.50717e-01,9.99999e-01
1.963512596e+00,0.00000e+00,0.00000e+00,9.51667e-01,9.99999e-01
1.973330159e+00,0.00000e+00,0.00000e+00,9.52598e-01,9.99999e-01
1.983196810e+00,0.00000e+00,0.00000e+00,9.53513e-01,9.99999e-01
1.993112794e+00,0.00000e+00,0.00000e+00,9.54409e-01,9.99999e-01
2.003078358e+00,0.00000e+00,0.00000e+00,9.55290e-01,9.99999e-01
2.013093750e+00,0.00000e+00,0.00000e+00,9.56153e-01,9.99999e-01
2.023159218e+00,0.00000e+00,0.00000e+00,9.57000e-01,9.99999e-01
2.033275015e+00,0.00000e+00,0.00000e+00,9.57831e-01,9.99999e-01
2.043441390e+00,0.00000e+00,0.00000e+00,9.58647e-01,9.99999e-01
2.053658597e+00,0.00000e+00,0.00000e+00,9.59447e-01,9.99999e-01
2.063926890e+00,0.00000e+00,0.00000e+00,9.60232e-01,9.99999e-01
2.074246524e+00,0.00000e+00,0.00000e+00,9.61002e-01,9.99999e-01
2.084617757e+00,0.00000e+00,0.00000e+00,9.61757e-01,9.99999e-01
2.095040845e+00,0.00000e+00,0.00000e+00,9.62498e-01,9.99999e-01
2.105516050e+00,0.00000e+00,0.00000e+00,9.63225e-01,9.99999e-01
2.116043630e+00,0.00000e+00,0.00000e+00,9.63938e-01,9.99999e-01
2.126623848e+00,0.00000e+00,0.00000e+00,9.64638e-01,9.99999e-01
2.137256967e+00,0.00000e+00,0.00000e+00,9.65324e-01,9.99999e-01
2.147943252e+00,0.00000e+00,0.00000e+00,9.65997e-01,9.99999e-01
2.158682968e+00,0.00000e+00,0.00000e+00,9.66657e-01,9.99999e-01
2.169476383e+00,1.36597e-163,1.41214e-163,9.67305e-01,9.99999e-01
2.180323765e+00,1.16263e-101,1.20113e-101,9.67940e-01,9.99999e-01
2.191225384e+00,4.35944e-51,4.50093e-51,9.68564e-01,9.99999e-01
2.202181511e+00,7.48366e-33,7.72168e-33,9.69175e-01,9.99999e-01
2.213192418e+00,6.53196e-17,6.73553e-17,9.69774e-01,9.99999e-01
2.224258381e+00,4.08257e-11,4.20726e-11,9.70362e-01,9.99999e-01
2.235379672e+00,7.31545e-08,7.53440e-08,9.70939e-01,9.99999e-01
2.246556571e+00,1.56947e-05,1.61550e-05,9.71505e-01,9.99999e-01
2.257789354e+00,7.30564e-04,7.51562e-04,9.72060e-01,9.99999e-01
2.269078300e+00,1.42242e-03,1.46248e-03,9.72604e-01,9.99999e-01
2.280423692e+00,2.25660e-03,2.31889e-03,9.73138e-01,9.99999e-01
2.291825810e+00,1.59351e-02,1.63661e-02,9.73661e-01,9.99999e-01
2.303284939e+00,3.74353e-02,3.84277e-02,9.74175e-01,9.99999e-01
2.314801364e+00,5.38386e-02,5.52373e-02,9.74678e-01,9.99999e-01
2.326375371e+00,1.42015e-01,1.45630e-01,9.75172e-01,9.99999e-01
2.338007248e+00,1.18546e-01,1.21504e-01,9.75657e-01,9.99999e-01
2.349697284e+00,1.58536e-01,1.62412e-01,9.76132e-01,9.99999e-01
2.361445770e+00,2.25452e-01,2.30854e-01,9.76598e-01,9.99999e-01
2.373252999e+00,2.62507e-01,2.68672e-01,9.77054e-01,9.99999e-01
2.385119264e+00,5.51544e-01,5.64237e-01,9.77503e-01,9.99999e-01
2.397044861e+00,7.69450e-01,7.86804e-01,9.77942e-01,9.99999e-01
2.409030085e+00,6.46007e-01,6.60286e-01,9.78373e-01,9.99999e-01
2.421075235e+00,4.85042e-01,4.95550e-01,9.78796e-01,9.99999e-01
2.433180612e+00,3.19864e-02,3.26654e-02,9.79210e-01,9.99999e-01
2.445346515e+00,1.81544e-01,1.85321e-01,9.79616e-01,9.99999e-01
2.457573247e+00,8.58540e-04,8.76047e-04,9.80015e-01,9.99999e-01
2.469861113e+00,1.55081e-20,1.58180e-20,9.80406e-01,9.99999e-01
2.482210419e+00,9.06632e-96,9.24390e-96,9.80789e-01,9.99999e-01
2.494621471e+00,4.24517e-150,4.32666e-150,9.81165e-01,9.99999e-01
2.507094578e+00,4.18433e-146,4.26305e-146,9.81533e-01,9.99999e-01
2.519630051e+00,4.82713e-194,4.91613e-194,9.81895e-01,9.99999e-01
2.532228202e+00,2.53691e-262,2.58275e-262,9.82249e-01,9.99999e-01
2.544889343e+00,2.58436e-258,2.63013e-258,9.82597e-01,9.99999e-01
2.557613789e+00,0.00000e+00,0.00000e+00,9.82938e-01,9.99999e-01
2.570401858e+00,0.00000e+00,0.00000e+00,9.83272e-01,9.99999e-01
2.583253867e+00,0.00000e+00,0.00000e+00,9.83599e-01,9.99999e-01
2.596170137e+00,0.00000e+00,0.00000e+00,9.83921e-01,9.99999e-01
2.609150988e+00,0.00000e+00,0.00000e+00,9.84236e-01,9.99999e-01
2.622196742e+00,0.00000e+00,0.00000e+00,9.84545e-01,9.99999e-01
2.635307726e+00,0.00000e+00,0.00000e+00,9.84848e-01,9.99999e-01
2.648484265e+00,0.00000e+00,0.00000e+00,9.85145e-01,9.99999e-01
2.661726686e+00,0.00000e+00,0.00000e+00,9.85436e-01,9.99999e-01
2.675035320e+00,0.00000e+00,0.00000e+00,9.85722e-01,9.99999e-01
2.688410496e+00,0.00000e+00,0.00000e+00,9.86002e-01,9.99999e-01
2.701852549e+00,0.00000e+00,0.00000e+00,9.86276e-01,9.99999e-01
2.715361811e+00,0.00000e+00,0.00000e+00,9.86545e-01,9.99999e-01
2.728938620e+00,0.00000e+00,0.00000e+00,9.86809e-01,9.99999e-01
2.742583314e+00,0.00000e+00,0.00000e+00,9.87068e-01,9.99999e-01
2.756296230e+00,0.00000e+00,0.00000e+00,9.87322e-01,9.99999e-01
2.770077711e+00,0.00000e+00,0.00000e+00,9.87571e-01,9.99999e-01
2.783928100e+00,0.00000e+00,0.00000e+00,9.87815e-01,9.99999e-01
2.797847740e+00,0.00000e+00,0.00000e+00,9.88054e-01,9.99999e-01
2.811836979e+00,0.00000e+00,0.00000e+00,9.88289e-01,9.99999e-01
2.825896164e+00,0.00000e+00,0.00000e+00,9.88519e-01,9.99999e-01
2.840025645e+00,0.00000e+00,0.00000e+00,9.88744e-01,9.99999e-01
2.854225773e+00,0.00000e+00,0.00000e+00,9.88965e-01,9.99999e-01
2.868496902e+00,0.00000e+00,0.00000e+00,9.89182e-01,9.99999e-01
2.882839386e+00,0.00000e+00,0.00000e+00,9.89394e-01,9.99999e-01
2.897253583e+00,0.00000e+00,0.00000e+00,9.89603e-01,9.99999e-01
2.911739851e+00,0.00000e+00,0.00000e+00,9.89807e-01,9.99999e-01
2.926298550e+00,0.00000e+00,0.00000e+00,9.90007e-01,9.99999e-01
2.940930043e+00,0.00000e+00,0.00000e+00,9.90204e-01,9.99999e-01
2.955634693e+00,0.00000e+00,0.00000e+00,9.90396e-01,9.99999e-01
2.970412867e+00,0.00000e+00,0.00000e+00,9.90585e-01,9.99999e-01
2.985264931e+00,0.00000e+00,0.00000e+00,9.90770e-01,9.99999e-01
3.000191256e+00,0.00000e+00,0.00000e+00,9.90952e-01,9.99999e-01
3.015192212e+00,0.00000e+00,0.00000e+00,9.91130e-01,9.99999e-01
3.030268173e+00,0.00000e+00,0.00000e+00,9.91304e-01,9.99999e-01
3.045419514e+00,0.00000e+00,0.00000e+00,9.91475e-01,9.99999e-01
3.060646612e+00,1.89953e-175,1.91554e-175,9.91643e-01,9.99999e-01
3.075949845e+00,1.35132e-140,4.42939e-139,9.91807e-01,3.07601e-02
3.091329594e+00,1.85448e-135,8.28297e-132,9.91968e-01,2.25703e-04
3.106786242e+00,1.07290e-140,8.20161e-131,9.92126e-01,1.31854e-10
3.122320173e+00,7.77280e-118,1.49202e-90,9.92281e-01,5.25009e-28
3.137931774e+00,3.25619e-102,2.17304e-89,9.92433e-01,1.50987e-13
3.153621433e+00,2.91187e-95,6.50305e-92,9.92582e-01,4.51115e-04
3.169389540e+00,3.13024e-137,1.20099e-123,9.92728e-01,2.62548e-14
3.185236488e+00,2.32820e-121,3.81318e-99,9.92871e-01,6.14951e-23
3.201162670e+00,5.92833e-118,4.48797e-79,9.93011e-01,1.33023e-39
3.217168483e+00,2.03192e-132,2.43145e-76,9.93149e-01,8.41447e-57
3.233254326e+00,4.23104e-149,5.29634e-64,9.93284e-01,8.04261e-86
3.249420598e+00,3.01669e-176,3.15569e-36,9.93416e-01,9.62285e-141
3.265667701e+00,7.53410e-257,1.86558e-31,9.93546e-01,4.06469e-226
3.281996039e+00,0.00000e+00,3.04144e-23,9.93673e-01,0.00000e+00
3.298406019e+00,0.00000e+00,3.24025e-20,9.93797e-01,0.00000e+00
3.314898049e+00,0.00000e+00,9.53005e-20,9.93919e-01,0.00000e+00
3.331472540e+00,0.00000e+00,9.75816e-19,9.94039e-01,0.00000e+00
3.348129902e+00,0.00000e+00,8.97352e-15,9.94156e-01,0.00000e+00
3.364870552e+00,4.01986e-301,2.76027e-14,9.94271e-01,1.46472e-287
3.381694905e+00,2.30919e-188,6.06443e-12,9.94384e-01,3.82926e-177
3.398603379e+00,1.10791e-114,2.30243e-09,9.94495e-01,4.83856e-106
3.415596396e+00,4.99391e-70,6.27122e-09,9.94603e-01,8.00641e-62
3.432674378e+00,4.10708e-47,2.51876e-10,9.94710e-01,1.63926e-37
3.449837750e+00,6.06867e-30,1.97739e-13,9.94814e-01,3.08503e-17
3.467086939e+00,1.60079e-27,1.30507e-24,9.94916e-01,1.23286e-03
3.484422373e+00,1.36081e-33,4.02026e-33,9.95016e-01,3.40182e-01
3.501844485e+00,1.78453e-49,3.11944e-48,9.95114e-01,5.74876e-02
3.519353708e+00,3.96906e-58,3.99493e-58,9.95211e-01,9.98303e-01
3.536950476e+00,5.31769e-73,5.36885e-73,9.95305e-01,9.95141e-01
3.554635228e+00,6.12807e-71,6.22453e-71,9.95397e-01,9.89053e-01
3.572408405e+00,2.38351e-58,2.43927e-58,9.95488e-01,9.81565e-01
3.590270447e+00,1.35842e-54,1.37894e-54,9.95577e-01,9.89491e-01
3.608221799e+00,1.75119e-38,1.76812e-38,9.95664e-01,9.94732e-01
3.626262908e+00,1.25528e-21,1.26201e-21,9.95750e-01,9.98910e-01
3.644394222e+00,4.15292e-17,4.17206e-17,9.95833e-01,9.99573e-01
3.662616193e+00,3.45374e-08,3.47652e-08,9.95916e-01,9.97520e-01
3.680929274e+00,2.29879e-04,2.33646e-04,9.95996e-01,9.87832e-01
3.699333921e+00,1.29009e-02,1.33112e-02,9.96075e-01,9.72994e-01
3.717830590e+00,5.26813e-03,5.58588e-03,9.96152e-01,9.46758e-01
3.736419743e+00,1.94739e-05,2.12713e-05,9.96228e-01,9.18967e-01
3.755101842e+00,1.34903e-18,1.45883e-18,9.96302e-01,9.28162e-01
3.773877351e+00,1.29788e-43,1.35954e-43,9.96375e-01,9.58116e-01
3.792746738e+00,6.80757e-112,6.94807e-112,9.96447e-01,9.83270e-01
3.811710472e+00,1.48325e-72,1.49975e-72,9.96517e-01,9.92452e-01
3.830769024e+00,1.90456e-72,1.91665e-72,9.96586e-01,9.97099e-01
3.849922869e+00,4.21128e-100,4.22859e-100,9.96653e-01,9.99250e-01
3.869172484e+00,9.79688e-62,9.89272e-62,9.96719e-01,9.93570e-01
3.888518346e+00,7.13272e-26,7.26832e-26,9.96783e-01,9.84508e-01
3.907960938e+00,1.83463e-20,1.89070e-20,9.96847e-01,9.73413e-01
3.927500742e+00,8.62928e-21,8.94140e-21,9.96909e-01,9.68083e-01
3.947138246e+00,2.07548e-30,2.11930e-30,9.96970e-01,9.82301e-01
3.966873937e+00,1.56651e-46,1.57695e-46,9.97030e-01,9.96337e-01
3.986708307e+00,5.46919e-73,5.48516e-73,9.97088e-01,9.99999e-01
4.006641849e+00,6.11674e-134,6.13424e-134,9.97146e-01,9.99999e-01
4.026675058e+00,0.00000e+00,0.00000e+00,9.97202e-01,9.99999e-01
4.046808433e+00,0.00000e+00,0.00000e+00,9.97257e-01,9.99999e-01
4.067042475e+00,0.00000e+00,0.00000e+00,9.97311e-01,9.99999e-01
4.087377688e+00,0.00000e+00,0.00000e+00,9.97364e-01,9.99999e-01
4.107814576e+00,0.00000e+00,0.00000e+00,9.97416e-01,9.99999e-01
4.128353649e+00,0.00000e+00,0.00000e+00,9.97467e-01,9.99999e-01
4.148995417e+00,0.00000e+00,0.00000e+00,9.97517e-01,9.99999e-01
4.169740394e+00,0.00000e+00,0.00000e+00,9.97566e-01,9.99999e-01
4.190589096e+00,0.00000e+00,0.00000e+00,9.97614e-01,9.99999e-01
4.211542042e+00,0.00000e+00,0.00000e+00,9.97661e-01,9.99999e-01
4.232599752e+00,0.00000e+00,0.00000e+00,9.97707e-01,9.99999e-01
4.253762751e+00,0.00000e+00,0.00000e+00,9.97753e-01,9.99999e-01
4.275031564e+00,0.00000e+00,0.00000e+00,9.97797e-01,9.99999e-01
4.296406722e+00,0.00000e+00,0.00000e+00,9.97840e-01,9.99999e-01
4.317888756e+00,0.00000e+00,0.00000e+00,9.97883e-01,9.99999e-01
4.339478200e+00,0.00000e+00,0.00000e+00,9.97925e-01,9.99999e-01
4.361175591e+00,0.00000e+00,0.00000e+00,9.97966e-01,9.99999e-01
4.382981469e+00,0.00000e+00,0.00000e+00,9.98006e-01,9.99999e-01
4.404896376e+00,0.00000e+00,0.00000e+00,9.98045e-01,9.99999e-01
4.426920858e+00,0.00000e+00,0.00000e+00,9.98084e-01,9.99999e-01
4.449055462e+00,0.00000e+00,0.00000e+00,9.98121e-01,9.99999e-01
4.471300739e+00,0.00000e+00,0.00000e+00,9.98158e-01,9.99999e-01
4.493657243e+00,0.00000e+00,0.00000e+00,9.98195e-01,9.99999e-01
4.516125529e+00,0.00000e+00,0.00000e+00,9.98230e-01,9.99999e-01
4.538706157e+00,0.00000e+00,0.00000e+00,9.98265e-01,9.99999e-01
4.561399688e+00,0.00000e+00,0.00000e+00,9.98299e-01,9.99999e-01
4.584206686e+00,0.00000e+00,0.00000e+00,9.98333e-01,9.99999e-01
4.607127720e+00,0.00000e+00,0.00000e+00,9.98366e-01,9.99999e-01
4.630163358e+00,0.00000e+00,0.00000e+00,9.98398e-01,9.99999e-01
4.653314175e+00,0.00000e+00,0.00000e+00,9.98430e-01,9.99999e-01
4.676580746e+00,0.00000e+00,0.00000e+00,9.98461e-01,9.99999e-01
4.699963650e+00,0.00000e+00,0.00000e+00,9.98491e-01,9.99999e-01
4.723463468e+00,0.00000e+00,0.00000e+00,9.98521e-01,9.99999e-01
4.747080785e+00,0.00000e+00,0.00000e+00,9.98550e-01,9.99999e-01
4.770816189e+00,0.00000e+00,0.00000e+00,9.98579e-01,9.99999e-01
4.794670270e+00,0.00000e+00,0.00000e+00,9.98607e-01,9.99999e-01
4.818643622e+00,0.00000e+00,0.00000e+00,9.98634e-01,9.99999e-01
4.842736840e+00,0.00000e+00,0.00000e+00,9.98661e-01,9.99999e-01
4.866950524e+00,0.00000e+00,0.00000e+00,9.98687e-01,9.99999e-01
4.891285276e+00,0.00000e+00,0.00000e+00,9.98713e-01,9.99999e-01
4.915741703e+00,0.00000e+00,0.00000e+00,9.98739e-01,9.99999e-01
4.940320411e+00,0.00000e+00,0.00000e+00,9.98764e-01,9.99999e-01
4.965022013e+00,0.00000e+00,0.00000e+00,9.98788e-01,9.99999e-01
4.989847123e+00,0.00000e+00,0.00000e+00,9.98812e-01,9.99999e-01
5.014796359e+00,0.00000e+00,0.00000e+00,9.98835e-01,9.99999e-01
5.039870341e+00,0.00000e+00,0.00000e+00,9.98858e-01,9.99999e-01
5.065069693e+00,0.00000e+00,0.00000e+00,9.98881e-01,9.99999e-01
5.090395041e+00,0.00000e+00,0.00000e+00,9.98903e-01,9.99999e-01
5.115847016e+00,0.00000e+00,0.00000e+00,9.98925e-01,9.99999e-01
5.141426251e+00,0.00000e+00,0.00000e+00,9.98946e-01,9.99999e-01
5.167133383e+00,0.00000e+00,0.00000e+00,9.98967e-01,9.99999e-01
5.192969049e+00,0.00000e+00,0.00000e+00,9.98987e-01,9.99999e-01
5.218933895e+00,0.00000e+00,0.00000e+00,9.99007e-01,9.99999e-01
5.245028564e+00,0.00000e+00,0.00000e+00,9.99027e-01,9.99999e-01
5.271253707e+00,0.00000e+00,0.00000e+00,9.99046e-01,9.99999e-01
5.297609976e+00,0.00000e+00,0.00000e+00,9.99065e-01,9.99999e-01
5.324098025e+00,0.00000e+00,0.00000e+00,9.99083e-01,9.99999e-01
5.350718516e+00,0.00000e+00,0.00000e+00,9.99101e-01,9.99999e-01
5.377472108e+00,0.00000e+00,0.00000e+00,9.99119e-01,9.99999e-01
5.404359469e+00,0.00000e+00,0.00000e+00,9.99136e-01,9.99999e-01
5.431381266e+00,0.00000e+00,0.00000e+00,9.99153e-01,9.99999e-01
5.458538172e+00,0.00000e+00,0.00000e+00,9.99170e-01,9.99999e-01
5.485830863e+00,0.00000e+00,0.00000e+00,9.99186e-01,9.99999e-01
5.513260018e+00,0.00000e+00,0.00000e+00,9.99202e-01,9.99999e-01
5.540826318e+00,4.37063e-241,4.37404e-241,9.99218e-01,9.99999e-01
5.568530449e+00,4.89660e-182,5.16464e-182,9.99233e-01,9.48826e-01
5.596373101e+00,3.06389e-134,3.31545e-134,9.99249e-01,9.24816e-01
5.624354967e+00,1.57267e-118,1.74808e-118,9.99263e-01,9.00319e-01
5.652476742e+00,2.35598e-100,2.71486e-100,9.99278e-01,8.68436e-01
5.680739126e+00,2.08134e-90,2.50927e-90,9.99292e-01,8.30044e-01
5.709142821e+00,5.06905e-86,6.48967e-86,9.99306e-01,7.81636e-01
5.737688535e+00,1.42415e-88,1.98419e-88,9.99320e-01,7.18234e-01
5.766376978e+00,2.32302e-77,3.59850e-77,9.99333e-01,6.45982e-01
5.795208863e+00,2.59428e-56,4.62735e-56,9.99346e-01,5.61006e-01
5.824184907e+00,4.57671e-41,9.95483e-41,9.99359e-01,4.60042e-01
5.853305832e+00,1.07718e-41,3.00522e-41,9.99372e-01,3.58660e-01
5.882572361e+00,1.62126e-48,6.29614e-48,9.99384e-01,2.57659e-01
5.911985223e+00,2.23636e-42,1.34130e-41,9.99396e-01,1.66832e-01
5.941545149e+00,1.48641e-22,1.52580e-21,9.99408e-01,9.74758e-02
5.971252874e+00,8.43040e-15,1.83359e-13,9.99420e-01,4.60041e-02
6.001109139e+00,8.09546e-13,4.72375e-11,9.99431e-01,1.71475e-02
6.031114685e+00,2.31680e-14,4.57733e-12,9.99443e-01,5.06428e-03
6.061270258e+00,8.95312e-19,9.73457e-16,9.99454e-01,9.20225e-04
6.091576609e+00,1.56359e-26,1.59916e-22,9.99464e-01,9.78284e-05
6.122034492e+00,3.16110e-34,5.15099e-29,9.99475e-01,6.14008e-06
6.152644665e+00,8.82697e-47,5.25716e-40,9.99485e-01,1.67990e-07
6.183407888e+00,5.07465e-55,3.24146e-46,9.99495e-01,1.56633e-09
6.214324928e+00,5.11659e-61,1.40975e-49,9.99505e-01,3.63123e-12
6.245396552e+00,3.35390e-52,2.40010e-37,9.99515e-01,1.39807e-15
6.276623535e+00,9.40637e-54,1.73986e-34,9.99525e-01,5.40896e-20
6.308006653e+00,1.47314e-60,1.30216e-35,9.99534e-01,1.13183e-25
6.339546686e+00,3.48042e-80,5.57248e-48,9.99543e-01,6.24858e-33
6.371244419e+00,6.63981e-96,1.62273e-54,9.99552e-01,4.09357e-42
6.403100641e+00,1.15678e-91,1.23292e-39,9.99561e-01,9.38652e-53
6.435116145e+00,4.89525e-83,5.41656e-18,9.99570e-01,9.04144e-66
6.467291725e+00,3.14108e-98,1.80496e-09,9.99578e-01,1.74098e-89
6.499628184e+00,1.70911e-117,1.02160e-04,9.99586e-01,1.67367e-113
6.532126325e+00,6.46622e-143,3.42462e-03,9.99595e-01,1.88892e-140
6.564786956e+00,9.76305e-182,1.70456e-02,9.99603e-01,5.72989e-180
6.597610891e+00,2.42577e-221,3.46812e-02,9.99610e-01,6.99718e-220
6.630598946e+00,1.25664e-277,5.31265e-02,9.99618e-01,2.36627e-276
6.663751940e+00,0.00000e+00,5.30018e-02,9.99626e-01,0.00000e+00
6.697070700e+00,0.00000e+00,2.42277e-02,9.99633e-01,0.00000e+00
6.730556054e+00,0.00000e+00,5.67159e-03,9.99640e-01,0.00000e+00
6.764208834e+00,0.00000e+00,4.42967e-04,9.99647e-01,0.00000e+00
6.798029878e+00,0.00000e+00,9.40782e-06,9.99654e-01,0.00000e+00
6.832020027e+00,0.00000e+00,3.70362e-08,9.99661e-01,0.00000e+00
6.866180128e+00,0.00000e+00,2.09613e-12,9.99668e-01,0.00000e+00
6.900511028e+00,0.00000e+00,1.79731e-17,9.99674e-01,0.00000e+00
6.935013583e+00,0.00000e+00,2.23211e-29,9.99681e-01,0.00000e+00
6.969688651e+00,0.00000e+00,1.11034e-41,9.99687e-01,0.00000e+00
7.004537095e+00,0.00000e+00,2.72007e-66,9.99693e-01,0.00000e+00
7.039559780e+00,0.00000e+00,1.18890e-85,9.99699e-01,0.00000e+00
7.074757579e+00,0.00000e+00,4.04334e-118,9.99705e-01,0.00000e+00
7.110131367e+00,0.00000e+00,1.20868e-137,9.99711e-01,0.00000e+00
7.145682024e+00,0.00000e+00,1.20518e-164,9.99717e-01,0.00000e+00
7.181410434e+00,0.00000e+00,1.15110e-179,9.99722e-01,0.00000e+00
7.217317486e+00,0.00000e+00,9.36899e-189,9.99728e-01,0.00000e+00
7.253404073e+00,0.00000e+00,3.41218e-186,9.99733e-01,0.00000e+00
7.289671094e+00,0.00000e+00,1.62858e-147,9.99738e-01,0.00000e+00
7.326119449e+00,0.00000e+00,2.27284e-139,9.99743e-01,0.00000e+00
7.362750046e+00,0.00000e+00,1.81372e-151,9.99748e-01,0.00000e+00
7.399563797e+00,0.00000e+00,2.67943e-150,9.99753e-01,0.00000e+00
7.436561616e+00,0.00000e+00,4.31898e-125,9.99758e-01,0.00000e+00
7.473744424e+00,0.00000e+00,3.99240e-82,9.99763e-01,0.00000e+00
7.511113146e+00,0.00000e+00,1.57558e-57,9.99768e-01,0.00000e+00
7.548668712e+00,0.00000e+00,7.18000e-35,9.99772e-01,0.00000e+00
7.586412055e+00,0.00000e+00,2.13518e-29,9.99777e-01,0.00000e+00
7.624344115e+00,0.00000e+00,7.25150e-29,9.99781e-01,0.00000e+00
7.662465836e+00,0.00000e+00,7.25640e-33,9.99785e-01,0.00000e+00
7.700778165e+00,0.00000e+00,5.34849e-44,9.99790e-01,0.00000e+00
7.739282056e+00,0.00000e+00,4.17714e-73,9.99794e-01,0.00000e+00
7.777978466e+00,0.00000e+00,5.64306e-98,9.99798e-01,0.00000e+00
7.816868359e+00,0.00000e+00,1.48463e-132,9.99802e-01,0.00000e+00
7.855952700e+00,0.00000e+00,1.42056e-135,9.99806e-01,0.00000e+00
7.895232464e+00,0.00000e+00,6.78727e-114,9.99810e-01,0.00000e+00
7.934708626e+00,0.00000e+00,3.32225e-105,9.99813e-01,0.00000e+00
7.974382169e+00,0.00000e+00,1.95923e-115,9.99817e-01,0.00000e+00
8.014254080e+00,0.00000e+00,1.61577e-139,9.99821e-01,0.00000e+00
8.054325351e+00,0.00000e+00,6.03521e-143,9.99824e-01,0.00000e+00
8.094596977e+00,0.00000e+00,1.27464e-136,9.99827e-01,0.00000e+00
8.135069962e+00,0.00000e+00,1.22866e-123,9.99831e-01,0.00000e+00
8.175745312e+00,0.00000e+00,2.90611e-102,9.99834e-01,0.00000e+00
8.216624039e+00,0.00000e+00,2.16369e-88,9.99837e-01,0.00000e+00
8.257707159e+00,0.00000e+00,7.87640e-70,9.99841e-01,0.00000e+00
8.298995695e+00,0.00000e+00,2.05528e-63,9.99844e-01,5.84215e-283
8.340490673e+00,6.53160e-272,1.12811e-58,9.99847e-01,5.79074e-214
8.382193126e+00,2.95251e-215,1.95739e-54,9.99850e-01,1.50861e-161
8.424104092e+00,2.41178e-165,1.54860e-43,9.99853e-01,1.55762e-122
8.466224613e+00,1.64605e-126,5.10835e-34,9.99856e-01,3.22273e-93
8.508555736e+00,6.37850e-86,9.62871e-20,9.99859e-01,6.62538e-67
8.551098514e+00,1.22325e-63,1.67404e-14,9.99861e-01,7.30821e-50
8.593854007e+00,1.15673e-52,4.06480e-14,9.99864e-01,2.84611e-39
8.636823277e+00,7.77649e-46,1.90195e-16,9.99867e-01,4.08924e-30
8.680007393e+00,5.23245e-41,1.06310e-18,9.99869e-01,4.92253e-23
8.723407430e+00,4.86638e-37,3.56730e-20,9.99872e-01,1.36433e-17
8.767024467e+00,1.01923e-35,1.04305e-22,9.99874e-01,9.77285e-14
8.810859590e+00,1.30680e-85,1.42385e-75,9.99877e-01,9.17908e-11
8.854913888e+00,7.80176e-270,4.07418e-262,9.99879e-01,1.91515e-08
8.899188457e+00,0.00000e+00,0.00000e+00,9.99882e-01,1.14459e-06
8.943684399e+00,0.00000e+00,0.00000e+00,9.99884e-01,3.48291e-05
8.988402821e+00,0.00000e+00,0.00000e+00,9.99886e-01,3.79844e-04
9.033344836e+00,0.00000e+00,0.00000e+00,9.99888e-01,2.34693e-03
9.078511560e+00,0.00000e+00,0.00000e+00,9.99891e-01,9.61824e-03
9.123904118e+00,0.00000e+00,0.00000e+00,9.99893e-01,2.81946e-02
9.169523638e+00,0.00000e+00,0.00000e+00,9.99895e-01,6.48022e-02
9.215371256e+00,0.00000e+00,0.00000e+00,9.99897e-01,1.22132e-01
9.261448113e+00,0.00000e+00,0.00000e+00,9.99899e-01,1.99449e-01
9.307755353e+00,0.00000e+00,0.00000e+00,9.99901e-01,2.81517e-01
9.354294130e+00,0.00000e+00,0.00000e+00,9.99903e-01,3.77578e-01
9.401065601e+00,0.00000e+00,0.00000e+00,9.99905e-01,4.73872e-01
9.448070929e+00,0.00000e+00,0.00000e+00,9.99907e-01,5.55853e-01
9.495311283e+00,0.00000e+00,0.00000e+00,9.99908e-01,6.30182e-01
9.542787840e+00,0.00000e+00,0.00000e+00,9.99910e-01,7.01362e-01
9.590501779e+00,0.00000e+00,0.00000e+00,9.99912e-01,7.61876e-01
9.638454288e+00,0.00000e+00,0.00000e+00,9.99914e-01,8.07481e-01
9.686646559e+00,0.00000e+00,0.00000e+00,9.99915e-01,8.45258e-01
9.735079792e+00,0.00000e+00,0.00000e+00,9.99917e-01,8.76182e-01
9.783755191e+00,0.00000e+00,0.00000e+00,9.99919e-01,9.01286e-01
9.832673967e+00,0.00000e+00,0.00000e+00,9.99920e-01,9.21537e-01
9.881837337e+00,0.00000e+00,0.00000e+00,9.99922e-01,9.39137e-01
9.931246523e+00,0.00000e+00,0.00000e+00,9.99923e-01,9.53003e-01
9.980902756e+00,0.00000e+00,0.00000e+00,9.99925e-01,9.99999e-01
1.003080727e+01,0.00000e+00,0.00000e+00,9.99926e-01,9.99999e-01
1.008096131e+01,0.00000e+00,0.00000e+00,9.99928e-01,9.99999e-01
1.013136611e+01,0.00000e+00,0.00000e+00,9.99929e-01,9.99999e-01
1.018202294e+01,0.00000e+00,0.00000e+00,9.99930e-01,9.99999e-01
1.023293306e+01,0.00000e+00,0.00000e+00,9.99932e-01,9.99999e-01
1.028409772e+01,0.00000e+00,0.00000e+00,9.99933e-01,9.99999e-01
1.033551821e+01,0.00000e+00,0.00000e+00,9.99934e-01,9.99999e-01
1.038719580e+01,0.00000e+00,0.00000e+00,9.99936e-01,9.99999e-01
1.043913178e+01,0.00000e+00,0.00000e+00,9.99937e-01,9.99999e-01
1.049132744e+01,0.00000e+00,0.00000e+00,9.99938e-01,9.99999e-01
1.054378408e+01,0.00000e+00,0.00000e+00,9.99939e-01,9.99999e-01
1.059650300e+01,0.00000e+00,0.00000e+00,9.99941e-01,9.99999e-01
1.064948551e+01,0.00000e+00,0.00000e+00,9.99942e-01,9.99999e-01
1.070273294e+01,0.00000e+00,0.00000e+00,9.99943e-01,9.99999e-01
1.075624661e+01,0.00000e+00,0.00000e+00,9.99944e-01,9.99999e-01
1.081002784e+01,0.00000e+00,0.00000e+00,9.99945e-01,9.99999e-01
1.086407798e+01,0.00000e+00,0.00000e+00,9.99946e-01,9.99999e-01
1.091839837e+01,0.00000e+00,0.00000e+00,9.99947e-01,9.99999e-01
1.097299036e+01,0.00000e+00,0.00000e+00,9.99948e-01,9.99999e-01
1.102785531e+01,0.00000e+00,0.00000e+00,9.99949e-01,9.99999e-01
1.108299459e+01,0.00000e+00,0.00000e+00,9.99950e-01,9.99999e-01
1.113840956e+01,0.00000e+00,0.00000e+00,9.99951e-01,9.99999e-01
1.119410161e+01,0.00000e+00,0.00000e+00,9.99952e-01,9.99999e-01
1.125007212e+01,0.00000e+00,0.00000e+00,9.99953e-01,9.99999e-01
1.130632248e+01,0.00000e+00,0.00000e+00,9.99954e-01,9.99999e-01
1.136285409e+01,0.00000e+00,0.00000e+00,9.99955e-01,9.99999e-01
1.141966836e+01,0.00000e+00,0.00000e+00,9.99956e-01,9.99999e-01
1.147676670e+01,0.00000e+00,0.00000e+00,9.99957e-01,9.99999e-01
1.153415054e+01,0.00000e+00,0.00000e+00,9.99957e-01,9.99999e-01
1.159182129e+01,0.00000e+00,0.00000e+00,9.99958e-01,9.99999e-01
1.164978039e+01,0.00000e+00,0.00000e+00,9.99959e-01,9.99999e-01
1.170802930e+01,0.00000e+00,0.00000e+00,9.99960e-01,9.99999e-01
1.176656944e+01,0.00000e+00,0.00000e+00,9.99961e-01,9.99999e-01
1.182540229e+01,0.00000e+00,0.00000e+00,9.99961e-01,9.99999e-01
1.188452930e+01,0.00000e+00,0.00000e+00,9.99962e-01,9.99999e-01
1.194395195e+01,0.00000e+00,0.00000e+00,9.99963e-01,9.99999e-01
1.200367171e+01,0.00000e+00,0.00000e+00,9.99964e-01,9.99999e-01
1.206369007e+01,0.00000e+00,0.00000e+00,9.99964e-01,9.99999e-01
1.212400852e+01,0.00000e+00,0.00000e+00,9.99965e-01,9.99999e-01
1.218462856e+01,0.00000e+00,0.00000e+00,9.99966e-01,9.99999e-01
1.224555170e+01,0.00000e+00,0.00000e+00,9.99966e-01,9.99999e-01
1.230677946e+01,0.00000e+00,0.00000e+00,9.99967e-01,9.99999e-01
1.236831336e+01,0.00000e+00,0.00000e+00,9.99968e-01,9.99999e-01
1.243015492e+01,0.00000e+00,0.00000e+00,9.99968e-01,9.99999e-01
1.249230570e+01,0.00000e+00,0.00000e+00,9.99969e-01,9.99999e-01
1.255476723e+01,0.00000e+00,0.00000e+00,9.99969e-01,9.99999e-01
1.261754106e+01,0.00000e+00,0.00000e+00,9.99970e-01,9.99999e-01
1.268062877e+01,0.00000e+00,0.00000e+00,9.99971e-01,9.99999e-01
1.274403191e+01,0.00000e+00,0.00000e+00,9.99971e-01,9.99999e-01
1.280775207e+01,0.00000e+00,0.00000e+00,9.99972e-01,9.99999e-01
1.287179083e+01,0.00000e+00,0.00000e+00,9.99972e-01,9.99999e-01
1.293614979e+01,0.00000e+00,0.00000e+00,9.99973e-01,9.99999e-01
1.300083054e+01,0.00000e+00,0.00000e+00,9.99973e-01,9.99999e-01
1.306583469e+01,0.00000e+00,0.00000e+00,9.99974e-01,9.99999e-01
1.313116386e+01,0.00000e+00,0.00000e+00,9.99974e-01,9.99999e-01
1.319681968e+01,0.00000e+00,0.00000e+00,9.99975e-01,9.99999e-01
1.326280378e+01,0.00000e+00,0.00000e+00,9.99975e-01,9.99999e-01
1.332911780e+01,0.00000e+00,0.00000e+00,9.99976e-01,9.99999e-01
1.339576339e+01,0.00000e+00,0.00000e+00,9.99976e-01,9.87054e-01
1.346274221e+01,0.00000e+00,0.00000e+00,9.99977e-01,9.85731e-01
1.353005592e+01,0.00000e+00,0.00000e+00,9.99977e-01,9.84275e-01
1.359770620e+01,0.00000e+00,0.00000e+00,9.99977e-01,9.82883e-01
1.366569473e+01,0.00000e+00,0.00000e+00,9.99978e-01,9.81363e-01
1.373402320e+01,0.00000e+00,0.00000e+00,9.99978e-01,9.79465e-01
1.380269332e+01,0.00000e+00,0.00000e+00,9.99979e-01,9.77653e-01
1.387170678e+01,0.00000e+00,0.00000e+00,9.99979e-01,9.75675e-01
1.394106532e+01,0.00000e+00,0.00000e+00,9.99980e-01,9.73533e-01
1.401077064e+01,0.00000e+00,0.00000e+00,9.99980e-01,9.71197e-01
1.408082450e+01,0.00000e+00,0.00000e+00,9.99980e-01,9.68667e-01
1.415122862e+01,0.00000e+00,0.00000e+00,9.99981e-01,9.65909e-01
1.422198476e+01,0.00000e+00,0.00000e+00,9.99981e-01,9.62931e-01
1.429309469e+01,0.00000e+00,0.00000e+00,9.99981e-01,9.59677e-01
1.436456016e+01,0.00000e+00,0.00000e+00,9.99982e-01,9.56162e-01
1.443638296e+01,0.00000e+00,0.00000e+00,9.99982e-01,9.52335e-01
1.450856487e+01,0.00000e+00,0.00000e+00,9.99982e-01,9.48192e-01
1.458110770e+01,0.00000e+00,0.00000e+00,9.99983e-01,9.43691e-01
1.465401324e+01,0.00000e+00,0.00000e+00,9.99983e-01,9.38830e-01
1.472728330e+01,0.00000e+00,0.00000e+00,9.99983e-01,9.34330e-01
1.480091972e+01,0.00000e+00,0.00000e+00,9.99984e-01,9.28674e-01
1.487492432e+01,0.00000e+00,0.00000e+00,9.99984e-01,9.22572e-01
1.494929894e+01,0.00000e+00,0.00000e+00,9.99984e-01,9.15953e-01
1.502404544e+01,0.00000e+00,0.00000e+00,9.99985e-01,9.08829e-01
1.509916566e+01,0.00000e+00,0.00000e+00,9.99985e-01,9.02244e-01
1.517466149e+01,0.00000e+00,0.00000e+00,9.99985e-01,8.95226e-01
1.525053480e+01,0.00000e+00,0.00000e+00,9.99985e-01,8.86408e-01
1.532678747e+01,0.00000e+00,0.00000e+00,9.99986e-01,8.76957e-01
1.540342141e+01,0.00000e+00,0.00000e+00,9.99986e-01,8.68257e-01
1.548043852e+01,0.00000e+00,0.00000e+00,9.99986e-01,8.58993e-01
1.555784071e+01,0.00000e+00,0.00000e+00,9.99986e-01,8.47419e-01
1.563562991e+01,0.00000e+00,0.00000e+00,9.99987e-01,8.35039e-01
1.571380806e+01,0.00000e+00,0.00000e+00,9.99987e-01,8.23707e-01
1.579237710e+01,0.00000e+00,0.00000e+00,9.99987e-01,8.11669e-01
1.587133899e+01,0.00000e+00,0.00000e+00,9.99987e-01,7.98927e-01
1.595069568e+01,0.00000e+00,0.00000e+00,9.99988e-01,7.85451e-01
1.603044916e+01,0.00000e+00,0.00000e+00,9.99988e-01,7.68723e-01
1.611060141e+01,0.00000e+00,0.00000e+00,9.99988e-01,7.50982e-01
1.619115441e+01,0.00000e+00,0.00000e+00,9.99988e-01,7.34859e-01
1.627211019e+01,0.00000e+00,0.00000e+00,9.99988e-01,7.17917e-01
1.635347074e+01,0.00000e+00,0.00000e+00,9.99989e-01,7.00129e-01
1.643523809e+01,0.00000e+00,0.00000e+00,9.99989e-01,6.81485e-01
1.651741428e+01,0.00000e+00,0.00000e+00,9.99989e-01,6.61974e-01
1.660000135e+01,0.00000e+00,0.00000e+00,9.99989e-01,6.41703e-01
1.668300136e+01,0.00000e+00,0.00000e+00,9.99989e-01,6.20500e-01
1.676641637e+01,0.00000e+00,0.00000e+00,9.99990e-01,5.98504e-01
1.685024845e+01,0.00000e+00,0.00000e+00,9.99990e-01,5.75704e-01
1.693449969e+01,0.00000e+00,0.00000e+00,9.99990e-01,5.52176e-01
1.701917219e+01,0.00000e+00,0.00000e+00,9.99990e-01,5.27947e-01
1.710426805e+01,0.00000e+00,0.00000e+00,9.99990e-01,5.03085e-01
1.718978939e+01,0.00000e+00,0.00000e+00,9.99991e-01,4.81951e-01
1.727573834e+01,0.00000e+00,0.00000e+00,9.99991e-01,4.60436e-01
1.736211703e+01,0.00000e+00,0.00000e+00,9.99991e-01,4.34286e-01
1.744892761e+01,0.00000e+00,0.00000e+00,9.99991e-01,4.07763e-01
1.753617225e+01,0.00000e+00,0.00000e+00,9.99991e-01,3.81090e-01
1.762385311e+01,0.00000e+00,0.00000e+00,9.99991e-01,3.54366e-01
1.771197238e+01,0.00000e+00,0.00000e+00,9.99992e-01,3.27708e-01
1.780053224e+01,0.00000e+00,0.00000e+00,9.99992e-01,3.05698e-01
1.788953490e+01,0.00000e+00,0.00000e+00,9.99992e-01,2.83906e-01
1.797898258e+01,0.00000e+00,0.00000e+00,9.99992e-01,2.58206e-01
1.806887749e+01,0.00000e+00,0.00000e+00,9.99992e-01,2.33178e-01
1.815922188e+01,0.00000e+00,0.00000e+00,9.99992e-01,2.12971e-01
1.825001799e+01,0.00000e+00,0.00000e+00,9.99992e-01,1.93390e-01
1.834126808e+01,0.00000e+00,0.00000e+00,9.99992e-01,1.70911e-01
1.843297442e+01,0.00000e+00,0.00000e+00,9.99993e-01,1.49667e-01
1.852513929e+01,0.00000e+00,0.00000e+00,9.99993e-01,1.33012e-01
1.861776499e+01,0.00000e+00,0.00000e+00,9.99993e-01,1.17296e-01
1.871085381e+01,0.00000e+00,0.00000e+00,9.99993e-01,9.98570e-02
1.880440808e+01,0.00000e+00,0.00000e+00,9.99993e-01,8.65543e-02
1.889843012e+01,0.00000e+00,0.00000e+00,9.99993e-01,7.43224e-02
1.899292227e+01,0.00000e+00,0.00000e+00,9.99993e-01,6.11641e-02
1.908788688e+01,0.00000e+00,0.00000e+00,9.99993e-01,5.14415e-02
1.918332632e+01,0.00000e+00,0.00000e+00,9.99994e-01,4.27707e-02
1.927924295e+01,0.00000e+00,0.00000e+00,9.99994e-01,3.51904e-02
1.937563916e+01,0.00000e+00,0.00000e+00,9.99994e-01,2.85778e-02
1.947251736e+01,0.00000e+00,0.00000e+00,9.99994e-01,2.29364e-02
1.956987994e+01,0.00000e+00,0.00000e+00,9.99994e-01,1.81477e-02
1.966772934e+01,0.00000e+00,0.00000e+00,9.99994e-01,1.34418e-02
1.976606799e+01,0.00000e+00,0.00000e+00,9.99994e-01,1.03007e-02
1.986489833e+01,0.00000e+00,0.00000e+00,9.99994e-01,7.75821e-03
1.996422282e+01,0.00000e+00,0.00000e+00,9.99994e-01,5.75297e-03
